,name,country,lat,lng
I161318765,"University of California, Los Angeles",US,34.05223,-118.24368
I16391192,Tel Aviv University,IL,32.08088,34.78057
I97018004,Stanford University,US,37.42411,-122.16608
I136199984,Harvard University,US,42.3751,-71.10561
I1341412227,IBM (United States),US,41.10853958129883,-73.72046661376953
I74973139,Carnegie Mellon University,US,40.44062,-79.99589
I4210161954,Département d'Informatique,FR,48.85341,2.3488
I4210103330,École Normale Supérieure,BI,-3.381930112838745,29.361419677734375
I36258959,"University of California, San Diego",US,32.71571,-117.16472
I17974374,Universidade de São Paulo,BR,-23.5475,-46.63611
I57206974,New York University,US,40.714271545410156,-74.00596618652344
I4210126328,IBM Research - Zurich,CH,47.310794830322266,8.544028282165527
I204824540,University of Wollongong,AU,-34.42399978637695,150.89344787597656
I150149174,Mercer University,US,32.84069061279297,-83.63240051269531
I63966007,Massachusetts Institute of Technology,US,42.3751,-71.10561
I5124864,École Polytechnique Fédérale de Lausanne,CH,46.516,6.63282
I35440088,ETH Zurich,CH,47.36667,8.55
I123900574,Pohang University of Science and Technology,KR,36.029170989990234,129.36480712890625
I4210163160,DoCoMo Communications Laboratories Europe GmbH,DE,48.137428283691406,11.57548999786377
I145311948,Johns Hopkins University,US,39.29038,-76.61219
I4210156325,Hewlett-Packard (United Kingdom),GB,51.51450729370117,-0.7917079925537109
I4210139332,Bristol Laboratories (United Kingdom),GB,51.76900100708008,-0.5852270126342773
I70983195,Syracuse University,US,43.048118591308594,-76.14742279052734
I4210160054,Cybernetica (Estonia),EE,59.43696,24.75353
I56085075,University of Tartu,EE,58.380619049072266,26.72509002685547
I95457486,"University of California, Berkeley",US,37.87159,-122.27275
I3005327000,Institute for Infocomm Research,SG,1.3038229942321777,103.78490447998047
I152031979,Nanjing Normal University,CN,32.061668395996094,118.77777862548828
I42934936,Dublin City University,IE,53.33306121826172,-6.248889923095703
I53964585,Weizmann Institute of Science,IL,31.89421,34.81199
I1341640284,Centrum Wiskunde & Informatica,NL,52.37403,4.88969
I4210120676,Mathematical Institute of the Slovak Academy of Sciences,SK,48.14815902709961,17.106740951538086
I121797337,Leiden University,NL,52.158329010009766,4.493060111999512
I130701444,Georgia Institute of Technology,US,33.749,-84.38798
I4210138172,Institute of Information Security,JP,35.468055725097656,139.62332153320312
I148366613,National Yang Ming Chiao Tung University,TW,24.80360984802246,120.96861267089844
I219193219,Purdue University West Lafayette,US,40.42587,-86.90807
I889458895,University of Hong Kong,HK,22.26861,114.12924
I204337017,Aarhus University,DK,56.15674,10.21076
I197251160,Hebrew University of Jerusalem,IL,31.76904,35.21633
I1294671590,Centre National de la Recherche Scientifique,FR,48.85341,2.3488
I29607241,École Normale Supérieure - PSL,FR,48.85341,2.3488
I4210156583,Laboratoire d'Informatique de Paris-Nord,FR,48.95833,2.34167
I185523456,University of Southern Queensland,AU,-27.56056022644043,151.953857421875
I163770644,Okayama University,JP,34.650001525878906,133.93333435058594
I2251713219,NTT (Japan),JP,35.68952560424805,139.75344848632812
I184558857,Royal Holloway University of London,GB,51.43157958984375,-0.5523899793624878
I19370010,Orange (France),FR,48.83502197265625,2.2924718856811523
I4387155825,Laboratoire de Mathématiques Nicolas Oresme,,49.185848236083984,-0.3591200113296509
I4210155549,Laboratoire de Mathématiques,FR,45.75082,3.11078
I59553526,Stony Brook University,US,40.92565155029297,-73.14093780517578
I183067930,Shanghai Jiao Tong University,CN,31.222219467163086,121.45806121826172
I4210158432,National Institute for Mathematical Sciences,KR,36.40160369873047,127.3992691040039
I139264467,Seoul National University,KR,37.566,126.9784
I150312865,Institute for Development and Research in Banking Technology,IN,17.38405,78.45636
I189158943,University of Milan,IT,45.464271545410156,9.189510345458984
I36234482,University of Bristol,GB,51.45523,-2.59665
I177725633,Chinese University of Hong Kong,CN,22.27832,114.17469
I100005738,Brigham Young University,US,40.23384094238281,-111.65853118896484
I4210099137,Research Canada,CA,45.41117,-75.69812
I1902872,EURECOM,FR,43.63292,6.99911
I66946132,"University of Maryland, College Park",US,38.98067,-76.93692
I4210123431,A.S. Watson (Netherlands),NL,52.073848724365234,5.531613826751709
I1297971548,International Computer Science Institute,US,37.87158966064453,-122.27275085449219
I157725225,University of Illinois Urbana-Champaign,US,40.11059,-88.20727
I79576946,University of Pennsylvania,US,39.95238,-75.16362
I124227911,Ben-Gurion University of the Negev,IL,31.25181,34.7913
I40036882,Institute for Advanced Study,US,40.34872055053711,-74.65904998779297
I72090969,Nokia (United States),US,32.894039154052734,-96.96580505371094
I176714629,Bell (Canada),CA,45.50883865356445,-73.58780670166016
I107672454,Dartmouth College,US,43.70229,-72.28954
I20089843,Princeton University,US,40.34872,-74.65905
I134446601,Berkeley College,US,40.71427,-74.00597
I185103710,"University of California, Santa Cruz",US,36.97412109375,-122.03079986572266
I162714631,George Mason University,US,38.84621810913086,-77.3063735961914
I125687163,City College of New York,US,40.714271545410156,-74.00596618652344
I5023651,McGill University,CA,45.50884,-73.58781
I149594827,Xidian University,CN,34.258331298828125,108.9286117553711
I162577319,The University of Texas at Dallas,US,32.94818,-96.72972
I140172145,University of Connecticut,US,41.80842971801758,-72.24951934814453
I204250578,"University of California, Irvine",US,33.66946,-117.82311
I74801974,The University of Tokyo,JP,35.68949890136719,139.69171142578125
I4210089357,Hitachi (United Kingdom),GB,53.787437438964844,-1.5470149517059326
I4391768012,State Key Laboratory of Information Security,,39.907501220703125,116.39723205566406
I174306211,Technion – Israel Institute of Technology,IL,32.81840896606445,34.98849868774414
I121345201,Instituto de Engenharia de Sistemas e Computadores Investigação e Desenvolvimento,PT,38.73680877685547,-9.140382766723633
I145872427,Radboud University Nijmegen,NL,51.8425,5.85278
I95674353,UCLouvain,BE,50.66828918457031,4.614429950714111
I4210139461,Laboratoire d'Informatique de l'École Polytechnique,FR,48.71828,2.2498
I1326498283,Institut national de recherche en informatique et en automatique,FR,48.8205,2.1311
I4210109338,University of Tokyo Hospital,JP,35.68949890136719,139.69171142578125
I11559806,École Normale Supérieure Paris-Saclay,FR,48.68333,2.13333
I185261750,University of Toronto,CA,43.70643,-79.39864
I118347220,NEC (Japan),JP,35.68949890136719,139.69171142578125
I160993911,Queensland University of Technology,AU,-27.46794,153.02809
I142476485,École Polytechnique,FR,48.71828,2.2498
I4210104735,Sandia National Laboratories,US,35.08449172973633,-106.65113830566406
I162838928,National Chung Hsing University,TW,24.122459411621094,120.67426300048828
I99613584,National Taipei University,TW,24.942617416381836,121.36837768554688
I4210156361,Verimag,FR,45.17997,5.78935
I24603500,University of Massachusetts Amherst,US,42.37537,-72.51925
I102322142,"Rutgers, The State University of New Jersey",US,40.48622,-74.45182
I86987016,KTH Royal Institute of Technology,SE,59.32938,18.06871
I71270174,Victoria University,AU,-37.81399917602539,144.96331787109375
I19820366,Chinese Academy of Sciences,CN,39.9075,116.39723
I9356336,Zhangzhou Normal University,CN,24.51333,117.65556
I185492890,University of Canterbury,NZ,-43.53333,172.63333
I1290206253,Microsoft (United States),US,47.67399,-122.12151
I131948415,National Taichung University of Science and Technology,TW,24.150602340698242,120.68326568603516
I114090438,Goethe University Frankfurt,DE,50.11552,8.68417
I1292669757,Toshiba (Japan),JP,35.68949890136719,139.69171142578125
I16285277,William & Mary,US,37.27069854736328,-76.70745849609375
I267592682,Williams (United States),US,36.15501022338867,-95.99031066894531
I102149020,University of North Carolina at Charlotte,US,35.22709,-80.84313
I157773358,Sun Yat-sen University,CN,23.11667,113.25
I13955877,Bar-Ilan University,IL,32.08227,34.81065
I4210114115,IBM Research - Thomas J. Watson Research Center,US,41.270931243896484,-73.77763366699219
I33213144,University of Florida,US,29.65163,-82.32483
I86519309,The University of Texas at Austin,US,30.26715,-97.74306
I91045830,Texas A&M University,US,30.62798,-96.33441
I175594653,John Brown University,US,36.189998626708984,-94.55860900878906
I4210092597,NTT (United States),US,37.45953369140625,-122.14154815673828
I20529979,University of Electro-Communications,JP,35.65583419799805,139.54417419433594
I6498739,Indian Statistical Institute,IN,22.56262969970703,88.363037109375
I99065089,Tsinghua University,CN,39.9075,116.39723
I25846049,National Tsing Hua University,TW,24.793611526489258,120.9927749633789
I131729948,University of Salerno,IT,40.771751403808594,14.794540405273438
I114531698,Tokyo Institute of Technology,JP,35.68949890136719,139.69171142578125
I6178835,Ibaraki University,JP,34.816410064697266,135.5682830810547
I65143321,Hitachi (Japan),JP,35.68949890136719,139.69171142578125
I82767444,Universidad de Málaga,ES,36.72016143798828,-4.420340061187744
I99682543,University of Minho,PT,41.5514,-8.42311
I66752286,University of Milano-Bicocca,IT,45.464271545410156,9.189510345458984
I91807558,National Cheng Kung University,TW,23.0,120.21666717529297
I9617848,Universitat Politècnica de Catalunya,ES,41.38879,2.15899
I115752224,University of Insubria,IT,45.820579528808594,8.82511043548584
I168719708,City University of Hong Kong,HK,22.2783203125,114.17469024658203
I111088046,Boston University,US,42.35843,-71.05977
I36672615,Courant Institute of Mathematical Sciences,US,40.728702545166016,-73.9957275390625
I99043593,Macquarie University,AU,-33.86785,151.20732
I4210086253,Silicon Valley Community Foundation,US,37.39945602416992,-122.10885620117188
I4210085935,IBM Research - Almaden,US,37.21099853515625,-121.80500030517578
I5681781,University of Adelaide,AU,-34.92866,138.59863
I4210133470,Fraunhofer Institute for Secure Information Technology,DE,49.87167,8.65027
I4923324,Fraunhofer Society,DE,48.13743,11.57549
I56590836,Monash University,AU,-37.814,144.96332
I120156002,Boise State University,US,43.61349868774414,-116.20345306396484
I2252096349,Fujitsu (Japan),JP,35.56996,139.62854
I157485424,Korea Advanced Institute of Science and Technology,KR,36.34912872314453,127.38493347167969
I169689159,PLA Information Engineering University,CN,34.75777816772461,113.64861297607422
I27357992,Dalian University of Technology,CN,38.9122200012207,121.60221862792969
I4210092944,Dalian University,CN,38.9122200012207,121.60221862792969
I75421653,University of Missouri–Kansas City,US,39.033546447753906,-94.57557678222656
I127339247,California State University System,US,33.76696,-118.18923
I25757504,China University of Mining and Technology,CN,34.20441818237305,117.28385925292969
I4210128818,Institute of Software,CN,39.907501220703125,116.39723205566406
I103163165,Florida State University,US,30.43825912475586,-84.28073120117188
I45129253,University College London,GB,51.50853,-0.12574
I16733864,National Taiwan University,TW,25.05306,121.52639
I100066346,University of Stuttgart,DE,48.782318115234375,9.177020072937012
I4210109586,Moscow Institute of Thermal Technology,RU,55.75874710083008,37.61050033569336
I4210127166,Centre Inria de l'Université de Lorraine,FR,48.67333,6.15283
I4210121838,Laboratoire Lorrain de Recherche en Informatique et ses Applications,FR,48.68439,6.18496
I2799744481,Medical Protective,US,41.13358688354492,-85.07926177978516
I45438204,The University of Texas at San Antonio,US,29.42412,-98.49363
I146399215,University of Tsukuba,JP,36.20000076293945,140.10000610351562
I68348662,Shih Hsin University,TW,24.988719940185547,121.54396057128906
I24943067,Fudan University,CN,31.222219467163086,121.45806121826172
I223464139,Linnaeus University,SE,56.87767028808594,14.809060096740723
I133529467,Sharif University of Technology,IR,35.70386505126953,51.35158157348633
I169494899,Slippery Rock University,US,41.0620002746582,-80.04299926757812
I4210086502,CryptoExperts (France),FR,48.86973190307617,2.3289570808410645
I47720641,Huazhong University of Science and Technology,CN,30.58333,114.26667
I168879160,Zhejiang University of Science and Technology,CN,30.219491958618164,120.0273208618164
I204778367,Norwegian University of Science and Technology,NO,63.43049,10.39506
I124357947,University of London,GB,51.50853,-0.12574
I96413208,Swinburne University of Technology Sarawak Campus,MY,1.533398985862732,110.3570556640625
I4210147988,Motorola (France),FR,48.707603454589844,2.1509859561920166
I197347611,Korea University,KR,37.566,126.9784
I102335020,Karlsruhe Institute of Technology,DE,49.00937,8.40444
I151746483,University of Waterloo,CA,43.4668,-80.51639
I31512782,Technical University of Darmstadt,DE,49.87167,8.65027
I143379178,FZI Research Center for Information Technology,DE,49.009368896484375,8.404439926147461
I27837315,University of Michigan–Ann Arbor,US,42.27756,-83.74088
I4210130704,University of Michigan–Dearborn,US,42.32226,-83.17631
I172675005,Nanyang Technological University,SG,1.28967,103.85007
I73613424,National Institute of Advanced Industrial Science and Technology,JP,36.06024169921875,140.1331024169922
I200769079,Hong Kong University of Science and Technology,HK,22.27832,114.17469
I178232147,Guizhou University,CN,26.420438766479492,106.67110443115234
I158012942,University of Richmond,US,37.55376052856445,-77.46025848388672
I169090423,Tunghai University,TW,24.177961349487305,120.6036605834961
I186903577,University of Luxembourg,LU,49.60982,6.13268
I4210149944,Korea Telecom (South Korea),KR,,
I130238516,University of Minnesota,US,44.97997,-93.26384
I11947397,Tata Institute of Fundamental Research,IN,19.072830200195312,72.88260650634766
I160992636,Toyota Technological Institute at Chicago,US,41.78468704223633,-87.5922622680664
I4210137693,Siemens (United States),US,40.344093322753906,-74.59236145019531
I1325886976,Siemens (Germany),DE,48.13743,11.57549
I4210122441,National Information Society Agency,KR,37.566001892089844,126.97840118408203
I22299242,Kyoto University,JP,35.02107,135.75385
I39012071,Kyoto College of Graduate Studies for Informatics,JP,35.030982971191406,135.7792205810547
I204983213,Harbin Institute of Technology,CN,45.75,126.6500015258789
I4210107165,Chemring Countermeasures (United Kingdom),GB,51.13051223754883,-1.7970759868621826
I99464096,KU Leuven,BE,50.87959,4.70093
I79619799,University of Birmingham,GB,52.48142,-1.89983
I1283103587,AT&T (United States),US,40.669578552246094,-74.63646697998047
I4210134730,National Institute of Statistical Sciences,US,38.90227508544922,-77.04071807861328
I118353179,DePaul University,US,41.85002899169922,-87.6500473022461
I35886859,Korea University of Technology and Education,KR,36.76374816894531,127.28160858154297
I4210166741,University of Klagenfurt,AT,46.62472,14.30528
I4210164122,NEC (Germany),DE,49.406246185302734,8.685185432434082
I4210166639,Dartmouth Hospital,GB,50.350345611572266,-3.5778720378875732
I40347166,University of Chicago,US,41.85003,-87.65005
I4575257,Hanyang University,KR,37.566,126.9784
I4210161671,Trowbridge Community Hospital,GB,51.326019287109375,-2.209841012954712
I32021983,Kiel University,DE,54.32133,10.13489
I166311279,Wacom (Japan),JP,36.12510681152344,139.6621551513672
I141584323,University of Hertfordshire,GB,51.76337814331055,-0.22418999671936035
I2801851002,Harvard University Press,US,42.38301467895508,-71.12705993652344
I84653119,Academia Sinica,TW,25.042062759399414,121.61674499511719
I4210098366,"Institute of Information Science, Academia Sinica",TW,25.04177474975586,121.61460876464844
I40689657,National Formosa University,TW,23.709440231323242,120.54332733154297
I161296585,Tokyo University of Science,JP,35.6895,139.69171
I70931966,Université de Montréal,CA,45.50884,-73.58781
I130194489,University of Alicante,ES,38.34516906738281,-0.48148998618125916
I4210149507,École des Neurosciences de Paris,FR,48.85340881347656,2.34879994392395
I4210132107,Laboratoire Génie et Matériaux Textiles,FR,50.694210052490234,3.174560070037842
I889315371,Agricultural & Applied Economics Association,US,43.04119873046875,-87.90463256835938
I162608824,University of Sussex,GB,50.8283805847168,-0.13946999609470367
I187400657,South China Normal University,CN,23.116670608520508,113.25
I4387156240,National Security Research Institute,,36.34913,127.38493
I172574986,Kaunas University of Technology,LT,54.9027214050293,23.909610748291016
I138925566,Ewha Womans University,KR,37.566,126.9784
I111112146,Tallinn University of Technology,EE,59.43696,24.75353
I168635309,University of Calgary,CA,51.05011,-114.08529
I177477856,Polytechnic University of Turin,IT,45.07049,7.68682
I92403157,University of Science and Technology Beijing,CN,39.907501220703125,116.39723205566406
I1456306,North China University of Technology,CN,39.907501220703125,116.39723205566406
I16566446,National Pingtung University of Science and Technology,TW,22.671350479125977,120.4881362915039
I67031392,Carleton University,CA,45.411170959472656,-75.6981201171875
I79891267,Singapore Management University,SG,1.2896699905395508,103.85006713867188
I865915315,Vrije Universiteit Amsterdam,NL,52.37403,4.88969
I9374425,Ottawa University,US,38.60258865356445,-95.26554107666016
I153718931,University of Ottawa,CA,45.41117,-75.69812
I4210130954,China Institute Of Communications,CN,39.907501220703125,116.39723205566406
I116067653,University of Rome Tor Vergata,IT,41.89193,12.51133
I76130692,Zhejiang University,CN,30.29365,120.16142
I4210125098,Hangzhou Vocational and Technical College,CN,30.320642471313477,120.35395050048828
I83019370,Eindhoven University of Technology,NL,51.44083,5.47778
I84392919,Temple University,US,39.9523811340332,-75.16361999511719
I662221,Trent University,CA,44.30012130737305,-78.31623077392578
I50441567,Universitat de les Illes Balears,ES,39.56938934326172,2.650239944458008
I29770179,Budapest University of Technology and Economics,HU,47.49835,19.04045
I60158472,Concordia University,CA,45.50883865356445,-73.58780670166016
I207123951,New Mexico Institute of Mining and Technology,US,34.05839920043945,-106.89141845703125
I20231570,Peking University,CN,39.9075,116.39723
I183173800,Turku Centre for Computer Science,FI,60.455596923828125,22.28641128540039
I4210129227,Chinese Academy of Agricultural Mechanization Sciences,CN,39.907501220703125,116.39723205566406
I173498003,Palo Alto Research Center,US,37.40271759033203,-122.14799499511719
I4800084,Southwest Jiaotong University,CN,30.666669845581055,104.0666732788086
I129774422,University of Vienna,AT,48.20849,16.37208
I123338534,Università degli Studi del Piemonte Orientale “Amedeo Avogadro”,IT,45.32163,8.41989
I182083151,Universidad Rey Juan Carlos,ES,40.416500091552734,-3.7025599479675293
I1322087612,Alcatel Lucent (Germany),DE,48.782318115234375,9.177020072937012
I50760025,Hangzhou Dianzi University,CN,30.293649673461914,120.16142272949219
I79223203,Guangdong Ocean University,CN,21.233909606933594,110.38748931884766
I28407311,University of Manchester,GB,53.48095,-2.23743
I31419693,Kyungpook National University,KR,35.87028,128.59111
I149899117,Max Planck Society,DE,48.13743,11.57549
I4210119712,Max Planck Institute for Mathematics,DE,50.734378814697266,7.095489978790283
I182937616,Hyundai Mobis (South Korea),KR,37.501556396484375,127.0377197265625
I4210090176,Institute of Computing Technology,CN,39.907501220703125,116.39723205566406
I4610292,Xiangtan University,CN,27.850000381469727,112.9000015258789
I4210162280,Laboratoire de Géologie de l’École Normale Supérieure,FR,48.85341,2.3488
I174424907,Laboratoire d'Informatique Fondamentale de Lille,FR,50.61669158935547,3.166640043258667
I108290504,University of Pisa,IT,43.70853,10.4036
I79305253,National Defence University,PK,33.721561431884766,73.02212524414062
I4210094862,National Defense University,TW,24.99367904663086,121.29695892333984
I2799891827,Korea Post,KR,37.566001892089844,126.97840118408203
I130510345,Dayeh University,TW,24.0,120.59610748291016
I4210112569,Nanhua University,TW,23.5693416595459,120.4942855834961
I126145234,Chaoyang University of Technology,TW,24.1469,120.6839
I55952717,Universitat Rovira i Virgili,ES,41.11905,1.24544
I184597095,National Institute of Informatics,JP,35.68949890136719,139.69171142578125
I861853513,Sapienza University of Rome,IT,41.89193,12.51133
I122991210,"Istituto di Scienza e Tecnologie dell'Informazione ""Alessandro Faedo""",IT,43.70853,10.4036
I206945453,Paderborn University,DE,51.719051361083984,8.754389762878418
I88447708,Kentucky State University,US,38.20090866088867,-84.87328338623047
I4210108985,Bellevue Hospital Center,US,40.714271545410156,-74.00596618652344
I71495548,Indian Institute of Management Calcutta,IN,22.56262969970703,88.363037109375
I72541430,Lakehead University,CA,48.38201904296875,-89.25018310546875
I116953780,Tongji University,CN,31.222219467163086,121.45806121826172
I135598925,Kyushu University,JP,33.6,130.41667
I201448701,University of Washington,US,47.60621,-122.33207
I159385669,Chiba University,JP,35.599998474121094,140.11666870117188
I3122695212,Polytechnic University of Timişoara,RO,45.753719329833984,21.225709915161133
I196829312,La Trobe University,AU,-37.814,144.96332
I1304256225,University of Wisconsin System,US,43.07305,-89.40123
I183570559,National Chiayi University,TW,23.463682174682617,120.48360443115234
I150229711,University of Electronic Science and Technology of China,CN,30.666669845581055,104.0666732788086
I187531555,Lund University,SE,55.705841064453125,13.193209648132324
I132053463,Université Libre de Bruxelles,BE,50.85044860839844,4.348780155181885
I90610280,South China University of Technology,CN,23.116670608520508,113.25
I162706563,Hoseo University,KR,36.827850341796875,127.18312072753906
I118692353,University of Science and Technology,YE,12.779439926147461,45.03667068481445
I11923345,Wrocław University of Science and Technology,PL,51.099998474121094,17.0333309173584
I151727225,Harbin Engineering University,CN,45.75,126.6500015258789
I107470533,Tamkang University,TW,25.174999237060547,121.4489974975586
I148099254,National Chung Cheng University,TW,23.556060791015625,120.43047332763672
I139759216,Beijing University of Posts and Telecommunications,CN,39.907501220703125,116.39723205566406
I129604602,University of Sydney,AU,-33.86785,151.20732
I63525965,Western Sydney University,AU,-33.59955978393555,150.7514190673828
I125602781,Tokyo Medical and Dental University,JP,35.68949890136719,139.69171142578125
I104579289,Utica College,US,43.10089874267578,-75.23265838623047
I1314586196,United States Department of Justice,US,38.89511,-77.03637
I163340411,Hohai University,CN,32.061668395996094,118.77777862548828
I14396692,Tokyo University of Information Sciences,JP,35.63762664794922,140.2031707763672
I98298690,I-Shou University,TW,22.72960090637207,120.40789794921875
I87445476,Xi'an Jiaotong University,CN,34.25833,108.92861
I721619,Benemérita Universidad Autónoma de Puebla,MX,19.03792953491211,-98.20346069335938
I106157433,University of Kassel,DE,51.31667,9.5
I118347636,Australian National University,AU,-35.2834587097168,149.12806701660156
I32971472,Yale University,US,41.30815,-72.92816
I92582371,Southern Taiwan University of Science and Technology,TW,23.023555755615234,120.22491455078125
I84058292,Helwan University,EG,30.06263,31.24967
I94624287,University of Twente,NL,52.21833,6.89583
I169381384,University of Groningen,NL,53.21917,6.56667
I57093077,Swinburne University of Technology,AU,-37.814,144.96332
I3125079907,Japan Graduate School of Education University,JP,35.69504165649414,139.76760864257812
I174878644,University of Patras,GR,38.24443817138672,21.734439849853516
I4576418,University of Technology Malaysia,MY,1.465499997138977,103.75779724121094
I4210156404,Institute of Information Engineering,CN,39.907501220703125,116.39723205566406
I134235054,Sabancı Üniversitesi,TR,41.01383972167969,28.94965934753418
I4210122684,Sony Computer Science Laboratories,JP,35.6259651184082,139.73052978515625
I93860229,Politecnico di Milano,IT,45.46427,9.18951
I99542240,Polish Academy of Sciences,PL,52.22977,21.01178
I4210119410,Institute of Fundamental Technological Research,PL,52.206790924072266,20.981252670288086
I4210120485,Academy of Mathematics and Systems Science,CN,39.907501220703125,116.39723205566406
I4179309,Park University,US,39.18932342529297,-94.68012237548828
I86467917,James Cook University,AU,-19.26639,146.80569
I154099455,Shandong University,CN,36.66833,116.99722
I848706,Sungkyunkwan University,KR,37.566,126.9784
I177738480,Japan Advanced Institute of Science and Technology,JP,36.43592834472656,136.5445556640625
I60488453,Middlesex University,GB,51.50852966308594,-0.12574000656604767
I44461941,University of Houston,US,29.763280868530273,-95.36327362060547
I1324840837,Hewlett-Packard (United States),US,37.41238021850586,-122.14872741699219
I33256026,German Research Centre for Artificial Intelligence,DE,49.44300079345703,7.771609783172607
I88830068,Shaanxi Normal University,CN,34.258331298828125,108.9286117553711
I15896350,Guru Jambheshwar University of Science and Technology,IN,29.153940200805664,75.72293853759766
I1338511612,Serbian Academy of Sciences and Arts,RS,44.80401,20.46513
I40120149,University of Oxford,GB,51.75222,-1.25596
I155660961,University of Turku,FI,60.451480865478516,22.26869010925293
I4210138586,Frontier Science & Technology Research Foundation,US,42.35843,-71.05977
I4210110458,Institute of Electronics,CN,39.986572265625,116.32594299316406
I98805295,University of the Aegean,GR,39.10771942138672,26.55529022216797
I75917431,Nara Institute of Science and Technology,JP,34.68333053588867,135.6999969482422
I5388228,University of Rochester,US,43.15478,-77.61556
I173093425,Chang Gung University,TW,25.037246704101562,121.38954162597656
I189513530,Osaka Electro-Communication University,JP,34.760948181152344,135.62660217285156
I177877127,University of Western Australia,AU,-31.95224,115.8614
I55769427,Indiana University – Purdue University Indianapolis,US,39.76838,-86.15804
I135191193,University of Indianapolis,US,39.76837921142578,-86.15804290771484
I87111246,Catholic University of Korea,KR,37.566,126.9784
I4210109336,Yeouido St. Mary's Hospital,KR,37.566,126.9784
I36326968,InterDigital (United States),US,39.77876663208008,-75.49366760253906
I8991828,Pukyong National University,KR,35.1341667175293,129.10360717773438
I205640436,Curtin University,AU,-31.95224,115.8614
I193365169,National Chi Nan University,TW,23.96639060974121,120.96952056884766
I154757721,University of Piraeus,GR,37.94203,23.64619
I1314466530,Tokai University,JP,35.68949890136719,139.69171142578125
I58716616,Korea Institute of Science and Technology,KR,37.566,126.9784
I878022262,Korea Institute of Science & Technology Information,KR,36.34913,127.38493
I163151501,Hangzhou Normal University,CN,30.293649673461914,120.16142272949219
I132735039,University of Debrecen,HU,47.53166961669922,21.624439239501953
I36253440,IEEE Computer Society,US,38.895111083984375,-77.03636932373047
I4210104252,Air Force Engineering University,CN,34.258331298828125,108.9286117553711
I170215575,National University of Defense Technology,CN,28.198740005493164,112.97087097167969
I170239107,University of South Australia,AU,-34.92866,138.59863
I4210133125,Mitsubishi Electric (Japan),JP,35.6895,139.69171
I84218800,"University of California, Davis",US,38.54491,-121.74052
I130769515,Pennsylvania State University,US,40.79339,-77.86
I2799798094,UCLA Health,US,34.05223,-118.24368
I121297525,Hebrew College,US,42.32658004760742,-71.18930053710938
I27804330,Brown University,US,41.82399,-71.41283
I118118575,New Jersey Institute of Technology,US,40.735660552978516,-74.17237091064453
I39063666,University of Catania,IT,37.49223,15.07041
I141945490,University of British Columbia,CA,49.24966,-123.11934
I108468826,Stevens Institute of Technology,US,40.74399185180664,-74.03235626220703
I102064193,University of Siena,IT,43.31821823120117,11.330639839172363
I173029219,Multimedia University,MY,2.196000099182129,102.2405014038086
I4210159266,Mitsubishi Electric (United States),US,33.817291259765625,-118.03824615478516
I212119943,University of Victoria,CA,48.4359,-123.35155
I8204097,Ludwig-Maximilians-Universität München,DE,48.13743,11.57549
I3131730746,Himeji University,JP,34.7720947265625,134.75807189941406
I58956616,Case Western Reserve University,US,41.4995,-81.69541
I51556381,University of Virginia,US,38.02931,-78.47668
I205783295,Cornell University,US,42.44063,-76.49661
I51601045,University of Bath,GB,51.3751,-2.36172
I126820664,Vassar College,US,41.6698112487793,-73.90702819824219
I241749,University of Cambridge,GB,52.2,0.11667
I4210087405,Danish National Research Foundation,DK,55.678794860839844,12.588946342468262
I145894827,Indian Institute of Technology Kharagpur,IN,22.339710235595703,87.32501220703125
I1343180700,Intel (United States),US,37.35411071777344,-121.95523834228516
I165932596,National University of Singapore,SG,1.28967,103.85007
I4210137370,Institute of Mathematics,PL,52.22977066040039,21.01177978515625
I91712215,Saarland University,DE,49.23262,7.00982
I4880106,Feng Chia University,TW,24.18207550048828,120.64830017089844
I4210130157,Institute of Informatics and Telematics,IT,43.718841552734375,10.425210952758789
I4210152232,Institute of Informatics of the Slovak Academy of Sciences,SK,48.14815902709961,17.106740951538086
I192455969,York University,CA,43.70642852783203,-79.39864349365234
I135310074,University of Wisconsin–Madison,US,43.07305,-89.40123
I4210149379,NEC (China),CN,39.94176483154297,116.4464111328125
I4432739,University of Bergen,NO,60.39299,5.32415
I4210134428,Chinese People's Armed Police Force Engineering University,CN,34.353214263916016,108.93145751953125
I4210147264,Sacred Heart University,LU,49.6243896484375,6.148680210113525
I887968799,RWTH Aachen University,DE,50.776641845703125,6.0834197998046875
I98702875,Université de Caen Normandie,FR,49.18585,-0.35912
I4210139483,GREYC,FR,49.18585,-0.35912
I96679780,Chuo University,JP,35.65583038330078,139.32388305664062
I4210114766,Muscat College,OM,23.584129333496094,58.407779693603516
I78577930,Columbia University,US,40.71427,-74.00597
I4210110961,Anhui Academy of Agricultural Sciences,CN,31.863889694213867,117.28083038330078
I204657281,Gemalto (Israel),IL,32.08976745605469,34.88701248168945
I107257983,Darmstadt University of Applied Sciences,DE,49.87166976928711,8.650270462036133
I2800413675,Telenor (Norway),NO,59.89073181152344,10.527739524841309
I200650556,University of Agder,NO,58.14670944213867,7.99560022354126
I4210098034,Key Laboratory of Guangdong Province,CN,23.132566452026367,113.25971984863281
I904495901,Ruhr University Bochum,DE,51.48165,7.21648
I74656192,University of Göttingen,DE,51.53443,9.93228
I4210136859,Xi’an University of Posts and Telecommunications,CN,34.258331298828125,108.9286117553711
I74640424,Advanced Institute of Industrial Technology,JP,35.60700225830078,139.74911499023438
I32625721,University of Saskatchewan,CA,52.13238,-106.66892
I161046081,University of Freiburg,DE,47.99589920043945,7.852220058441162
I1336158746,United States International Trade Commission,US,38.88307571411133,-77.01912689208984
I13134134,Universidad de Cantabria,ES,43.46472,-3.80444
I24676775,Indian Institute of Technology Madras,IN,13.08784008026123,80.27847290039062
I4210129409,Institut de Biologie de l'École Normale Supérieure,FR,48.85341,2.3488
I4210148049,Giessen School of Theology,DE,50.58727,8.67554
I200763008,University of Giessen,DE,50.58727,8.67554
I134161618,National Taiwan Normal University,TW,25.026159286499023,121.52802276611328
I56067802,Université de Rennes,FR,48.11109,-1.67431
I4210161663,Institut de recherche mathématique de Rennes,FR,48.11198,-1.67429
I32246829,Guangdong University of Education,CN,23.116670608520508,113.25
I37461747,Wuhan University,CN,30.583330154418945,114.26667022705078
I84884186,Newcastle University,GB,54.97328,-1.61396
I126520041,University of Science and Technology of China,CN,31.86389,117.28083
I165859042,Huaibei Normal University,CN,33.97444152832031,116.79167175292969
I164950643,Open University of Israel,IL,32.18360137939453,34.87385940551758
I59270414,Indian Institute of Science Bangalore,IN,13.02127456665039,77.56576538085938
I4210127026,Ko-Aks (Norway),NO,60.78996658325195,10.672237396240234
I4210119109,Indiana University Bloomington,US,39.16533,-86.52639
I143302722,University of Kentucky,US,37.98869,-84.47772
I2800173700,UCL Australia,AU,-34.92866134643555,138.5986328125
I1292875679,Commonwealth Scientific and Industrial Research Organisation,AU,-35.28346,149.12807
I155781252,University of South Carolina,US,34.00071,-81.03481
I49496784,Beijing City University,CN,39.907501220703125,116.39723205566406
I1174212,University of Southern California,US,34.05223,-118.24368
I2801160905,Steklov Mathematical Institute,RU,55.752220153808594,37.61555862426758
I177969490,University of Southern Denmark,DK,55.39594,10.38831
I4210121820,Taiwan Geographic Information Center,TW,25.025144577026367,121.54193878173828
I4210135837,National Center for Supercomputing Applications,US,40.110591888427734,-88.20726776123047
I4210106035,STMicroelectronics (United States),US,32.983421325683594,-97.01421356201172
I19894307,Université de Montpellier,FR,43.61093,3.87635
I94234084,Indian Institute of Technology Kanpur,IN,26.46523,80.34975
I192756129,University of Macedonia,GR,40.64360809326172,22.93086051940918
I4210165330,Institut Lavoisier de Versailles,FR,48.80359,2.13424
I162871001,University of Oradea,RO,47.045799255371094,21.9183292388916
I43922553,Wuhan University of Science and Technology,CN,30.583330154418945,114.26667022705078
I168864056,Bilkent University,TR,39.91986846923828,32.854270935058594
I173911158,Iowa State University,US,42.03471,-93.61994
I4210101332,Group Image (Poland),PL,52.280250549316406,21.014049530029297
I135428043,Cisco Systems (United States),US,37.46064376831055,-122.0413818359375
I17145004,Northwestern Polytechnical University,CN,34.258331298828125,108.9286117553711
I21193070,Beijing Jiaotong University,CN,39.907501220703125,116.39723205566406
I142401562,Electronics and Telecommunications Research Institute,KR,36.34913,127.38493
I4405392,Boğaziçi University,TR,41.01383972167969,28.94965934753418
I56306041,Lebanese American University,LB,33.89332,35.50157
I90183372,Université de Lorraine,FR,48.68439,6.18496
I102345215,Xihua University,CN,30.666669845581055,104.0666732788086
I39343248,Humboldt-Universität zu Berlin,DE,52.52436828613281,13.410530090332031
I46597724,Poznań University of Technology,PL,52.40692,16.92993
I4210096112,Rutgers Sexual and Reproductive Health and Rights,NL,52.08233642578125,5.117863178253174
I20581793,University of Kent,GB,51.27904,1.07992
I113940042,Shanghai University,CN,31.222219467163086,121.45806121826172
I87208437,University of Tulsa,US,36.1522216796875,-95.9463882446289
I64519617,Hanoi University,VN,21.0245,105.84117
I84524832,Alexandria University,EG,31.20176,29.91582
I4210138817,Pranalytica (United States),US,34.019657135009766,-118.48524475097656
I4210127033,Siemens (Austria),AT,48.26947784423828,16.422746658325195
I72253084,Saitama University,JP,35.9080696105957,139.6565704345703
I4210143370,Arista (United States),US,37.36513900756836,-121.9682388305664
I1321296531,National Institute of Standards and Technology,US,39.14344024658203,-77.20137023925781
I2800817003,Southern California University for Professional Studies,US,33.30616,-111.84125
I1315279114,Zhejiang Wanli University,CN,29.878189086914062,121.54945373535156
I9224756,Northeastern University,CN,41.79222106933594,123.43277740478516
I27577105,University College Cork,IE,51.89796829223633,-8.470609664916992
I112728665,Hannam University,KR,36.35567092895508,127.42082214355469
I3131463087,Joongbu University,KR,37.66667,126.83333
I4210092230,Beijing Shijingshan Hospital,CN,39.90882110595703,116.21356964111328
I1308906816,NortonLifeLock (United States),US,37.38605,-122.08385
I115228651,"Agency for Science, Technology and Research",SG,1.2896699905395508,103.85006713867188
I24201400,Chengdu University of Information Technology,CN,30.666669845581055,104.0666732788086
I142974352,National Sun Yat-sen University,TW,22.626667022705078,120.26583099365234
I123534392,University of North Texas,US,33.21484,-97.13307
I177097968,University of Tennessee at Chattanooga,US,35.045631408691406,-85.30967712402344
I4210119349,Karlsruhe University of Education,DE,49.009368896484375,8.404439926147461
I148751991,Sogang University,KR,37.566001892089844,126.97840118408203
I4210162505,Philips (Germany),DE,53.55253219604492,9.968988418579102
I2800124591,Texas Oncology,US,35.47002029418945,-97.53417205810547
I4210102412,Yan'an University,CN,36.61919021606445,109.46259307861328
I201799495,Middle East Technical University,TR,39.91987,32.85427
I98389781,Dhirubhai Ambani Institute of Information and Communication Technology,IN,23.2166690826416,72.6833267211914
I194450716,Jilin University,CN,43.88,125.32278
I4210134929,Jilin Province Science and Technology Department,CN,43.880001068115234,125.3227767944336
I154019184,Hsin Sheng College of Medical Care and Management,TW,24.832555770874023,121.20677185058594
I4210122849,Philips (Netherlands),NL,52.37403,4.88969
I87573096,University of North Texas at Dallas,US,32.65861129760742,-96.80388641357422
I165139151,University of North Texas Health Science Center,US,32.72541,-97.32085
I92446798,Colorado State University,US,40.58526,-105.08442
I4654613,University of Warsaw,PL,52.22977,21.01178
I2800187215,Korean Intellectual Property Office,KR,36.36188888549805,127.3852310180664
I197274945,Nagoya Institute of Technology,JP,35.18146896362305,136.90640258789062
I4210151758,Fundació Universitat-Empresa de les Illes Balears,ES,39.56938934326172,2.650239944458008
I4210099662,State Key Laboratory of Hydrology-Water Resources and Hydraulic Engineering,CN,32.061668395996094,118.77777862548828
I12337491,University Graduate Center,NO,59.95597,11.04918
I76569877,Southeast University,CN,32.06167,118.77778
I4210105847,NTT Basic Research Laboratories,JP,35.44049072265625,139.31561279296875
I170013655,Isfahan University of Technology,IR,32.7203254699707,51.52477264404297
I25254941,Beijing Normal University,CN,39.9075,116.39723
I151221077,Chung Yuan Christian University,TW,24.957523345947266,121.24275970458984
I4210094001,Independent Centre for Privacy Protection,DE,54.31986618041992,10.13347339630127
I4210159876,Institute of Physics,CN,39.907501220703125,116.39723205566406
I4210133614,"Systems, Applications & Products in Data Processing (United Kingdom)",GB,51.44915771484375,-0.4450649917125702
I39422238,University of Illinois Chicago,US,41.85003,-87.65005
I4210091279,Université Sorbonne Paris Nord,FR,48.95833,2.34167
I4210144804,Laboratoire de Recherche en Informatique,FR,48.68333053588867,2.1333301067352295
I102197404,Université Paris-Sud,FR,48.69572,2.18727
I44260953,Heinrich Heine University Düsseldorf,DE,51.22172164916992,6.776159763336182
I17866349,Université de Toulouse,FR,43.60426,1.44367
I135458274,Citigroup,US,40.759952545166016,-73.96966552734375
I48430043,Institut National des Sciences Appliquées de Lyon,FR,45.74906,4.84789
I120691247,University of Hagen,DE,51.36081,7.47168
I4210092357,Institute of Mathematics and Computer Science,MD,47.0134391784668,28.84819984436035
I98635879,American University of Beirut,LB,33.89332,35.50157
I204136569,The Open University,GB,52.04172134399414,-0.7558299899101257
I69737025,University of Chile,CL,-33.45694,-70.64827
I203951103,Keio University,JP,35.68949890136719,139.69171142578125
I87216513,Michigan State University,US,42.73698,-84.48387
I98285908,Osaka University,JP,34.69379,135.50107
I4210115482,Laboratoire d'Étude des Microstructures et de Mécanique des Matériaux,FR,49.11911,6.17269
I157169809,University of Sciences and Technology Houari Boumediene,DZ,36.73225021362305,3.0874600410461426
I201537933,Tohoku University,JP,38.26667,140.86667
I80327900,Chang Jung Christian University,TW,22.902721405029297,120.27252960205078
I139322472,Universiti Sains Malaysia,MY,5.41123,100.33543
I50357001,Universidad Carlos III de Madrid,ES,40.4165,-3.70256
I75867142,Xiamen University of Technology,CN,24.47978973388672,118.08187103271484
I4577782,Technische Universität Berlin,DE,52.52437,13.41053
I4210093367,Deutsche Telekom (Germany),DE,50.70759963989258,7.12776517868042
I155173764,Rochester Institute of Technology,US,43.15478,-77.61556
I97565354,University of Lausanne,CH,46.516,6.63282
I37987034,Guangzhou University,CN,23.116670608520508,113.25
I901148624,SIT Graduate Institute,US,42.888065338134766,-72.56474304199219
I53508799,Tumkur University,IN,13.341360092163086,77.10220336914062
I66867065,East China Normal University,CN,31.222219467163086,121.45806121826172
I181391015,Universidade Estadual de Campinas (UNICAMP),BR,-22.90556,-47.06083
I4210148978,Hospital de Clínicas da Unicamp,BR,-22.905559539794922,-47.060829162597656
I108688024,Qingdao University,CN,36.06488037109375,120.38041687011719
I4210161227,Huangshi Central Hospital,CN,30.214183807373047,115.08436584472656
I4210144005,Centre d’Immunologie de Marseille-Luminy,FR,43.29695,5.38107
I153473198,North China Electric Power University,CN,39.907501220703125,116.39723205566406
I60668342,University of Regensburg,DE,49.01512908935547,12.10161018371582
I205349734,Hokkaido University,JP,43.07817840576172,141.3399658203125
I96673099,Technical University of Denmark,DK,55.77043914794922,12.503780364990234
I63190737,"University at Buffalo, State University of New York",US,42.88645,-78.87837
I1304132090,Sony (Taiwan),TW,25.0550537109375,121.5321044921875
I92172085,Chunghwa Telecom (Taiwan),TW,25.032068252563477,121.5474853515625
I78978612,Yangzhou University,CN,32.397220611572266,119.43582916259766
I107720978,Ain Shams University,EG,30.07691192626953,31.290681838989258
I4210106563,Hubei University for Nationalities,CN,30.299999237060547,109.48332977294922
I4210126369,Polydoro Ernani de São Thiago University Hospital,BR,-27.596670150756836,-48.549171447753906
I95023434,University of KwaZulu-Natal,ZA,-29.8579,31.0292
I12356871,Télécom Paris,FR,48.71828,2.2498
I736929005,College of Western Idaho,US,43.615116119384766,-116.50716400146484
I43579087,University of Wisconsin–Milwaukee,US,43.03889846801758,-87.9064712524414
I1331727996,Alfred P. Sloan Foundation,US,40.71427,-74.00597
I6059380,University of Baltimore,US,39.29037857055664,-76.61219024658203
I2799853436,Johns Hopkins Medicine,US,39.29038,-76.61219
I2802519937,Institut de Recherche en Informatique et Systèmes Aléatoires,FR,48.11109,-1.67431
I885143765,ABB (Switzerland),CH,47.413612365722656,8.535545349121094
I44896327,Mitre (United States),US,42.50493621826172,-71.23655700683594
I133738476,University of Massachusetts Lowell,US,42.64271545410156,-71.33453369140625
I4210137306,Stanford Medicine,US,37.42411,-122.16608
I1743320,Palo Alto University,US,37.38228225708008,-122.18754577636719
I192454743,Sandia National Laboratories California,US,37.68186950683594,-121.76801300048828
I6289922,Universidade de Vigo,ES,42.23282,-8.72264
I78988378,Renmin University of China,CN,39.907501220703125,116.39723205566406
I4210158342,Intel (United Kingdom),GB,51.543094635009766,-1.77155601978302
I4210132990,State Key Laboratory of Cryptology,CN,39.8773307800293,116.27870178222656
I4210159858,Philips (Belgium),BE,50.83221435546875,4.32810115814209
I4210114877,Johns Hopkins Center for Health Security,US,39.33550262451172,-76.65545654296875
I154570441,"University of California, Santa Barbara",US,34.42083,-119.69819
I72816309,Drexel University,US,39.95238,-75.16362
I45084792,University of Florence,IT,43.77925,11.24626
I138164181,Alexandru Ioan Cuza University,RO,47.16667175292969,27.600000381469727
I204722609,Queen's University,CA,44.22976,-76.48098
I101479585,South China Agricultural University,CN,23.116670608520508,113.25
I4210164862,Artificial Intelligence in Medicine (Canada),CA,43.65040588378906,-79.36351013183594
I4210103285,Ministère de l'Intérieur,FR,48.8687744140625,2.3381309509277344
I83328450,Miami University,US,39.50699996948242,-84.74523162841797
I159129438,Université du Québec à Montréal,CA,45.50884,-73.58781
I1306287861,Mitsubishi Group (Japan),JP,35.6895,139.69171
I67009956,Iran University of Science and Technology,IR,35.69438934326172,51.4215087890625
I155765044,University of Hildesheim,DE,52.15077,9.95112
I4210099761,STEM Forward,US,43.0447998046875,-87.90898132324219
I4210106712,Alliance for Safe Kids,US,41.277767181396484,-73.78888702392578
I16292982,National Institute of Technology Rourkela,IN,22.224960327148438,84.86414337158203
I1302135459,PayPal (United States),US,37.37686538696289,-121.92271423339844
I134820265,Consejo Superior de Investigaciones Científicas,ES,40.4165,-3.70256
I4210131846,Artificial Intelligence Research Institute,ES,41.4910888671875,2.1407899856567383
I4210167190,SBA Research,AT,48.20848846435547,16.372079849243164
I12912129,Northeastern University,US,42.358428955078125,-71.05976867675781
I55732556,Arizona State University,US,33.41477,-111.90931
I84400586,Future University Hakodate,JP,41.77582931518555,140.73666381835938
I4210110987,IIT@MIT,US,42.362300872802734,-71.09395599365234
I64189192,"International Institute of Information Technology, Hyderabad",IN,17.38405,78.45636
I150744194,Waseda University,JP,35.68949890136719,139.69171142578125
I169521973,University of New Mexico,US,35.08449,-106.65114
I1308548392,Santa Fe Institute,US,35.686981201171875,-105.93779754638672
I130440993,National Security Agency,US,39.108150482177734,-76.74323272705078
I150468666,Emory University,US,33.749000549316406,-84.38797760009766
I165733156,University of Georgia,US,33.9609489440918,-83.37793731689453
I4472751,Anhui Normal University,CN,31.352590560913086,118.4294662475586
I143868143,Anhui University,CN,31.863889694213867,117.28083038330078
I4210123704,NXP (Germany),DE,53.582916259765625,9.95726490020752
I68740497,University of Carabobo,VE,10.274801254272461,-68.0068588256836
I2799411422,Center for Discrete Mathematics and Theoretical Computer Science,US,40.499271392822266,-74.39904022216797
I111753288,Fujian Normal University,CN,26.061389923095703,119.30610656738281
I2799293361,Baoji University of Arts and Sciences,CN,34.34849548339844,107.16059112548828
I4210137273,The Alberta Paraplegic Foundation,CA,53.557525634765625,-113.49454498291016
I4210107053,Core Competence,US,35.6909294128418,-106.0212173461914
I204730241,Université Paris Cité,FR,48.85341,2.3488
I21250087,Charles University,CZ,50.08804,14.42076
I4210108695,Gheorghe Asachi Technical University of Iași,RO,47.16667175292969,27.600000381469727
I141596103,University of Lisbon,PT,38.72509,-9.1498
I153512688,National Taiwan Ocean University,TW,25.15010643005371,121.77770233154297
I154864474,National Taiwan University of Science and Technology,TW,25.01368522644043,121.54053497314453
I195731000,Université de Versailles Saint-Quentin-en-Yvelines,FR,48.80359,2.13424
I119474363,Canterbury Christ Church University,GB,51.2790412902832,1.0799200534820557
I171048554,Centre de Recherche en Mathématiques de la Décision,FR,48.85341,2.3488
I56435720,Université Paris Dauphine-PSL,FR,48.85341,2.3488
I4210108377,ObjectSecurity (United Kingdom),GB,52.232879638671875,0.1524920016527176
I90023481,National Institute of Information and Communications Technology,JP,35.68949890136719,139.69171142578125
I100019715,Australian Institute of Criminology,AU,-35.314842224121094,149.13067626953125
I922845939,Philadelphia University,US,39.9523811340332,-75.16361999511719
I103635307,"University of California, Riverside",US,33.95335,-117.39616
I144581915,Jishou University,CN,29.129440307617188,110.47833251953125
I188963388,International Institute of Information Technology,IN,18.51957,73.85535
I106165777,University of Central Florida,US,28.53834,-81.37924
I200719446,Vanderbilt University,US,36.16589,-86.78444
I1308199089,Harbin University,CN,45.707279205322266,126.60661315917969
I70522481,National Changhua University of Education,TW,24.082599639892578,120.55840301513672
I16365422,Hefei University of Technology,CN,31.863889694213867,117.28083038330078
I1306339040,Ericsson (Sweden),SE,59.40316,17.94479
I3039010084,Tamedia (Switzerland),CH,47.37278366088867,8.531049728393555
I82880672,Beihang University,CN,39.9075,116.39723
I119439378,University of Verona,IT,45.438541412353516,10.993800163269043
I291386647,Belarusian State University,BY,53.900001525878906,27.566669464111328
I102786147,Dongseo University,KR,35.14396286010742,129.01039123535156
I46247651,University of Manitoba,CA,49.8844,-97.14704
I59028903,Ocean University of China,CN,36.06488037109375,120.38041687011719
I102475099,Supélec,FR,48.68333053588867,2.1333301067352295
I15196421,University of Applied Sciences and Arts of Southern Switzerland,CH,46.02885,8.91824
I4210102264,Shandong University of Political Science and Law,CN,36.666664123535156,117.08648681640625
I64295750,Indian Institute of Technology Indore,IN,22.717920303344727,75.83329772949219
I4210117739,Society for Clinical Research,DE,52.50666046142578,13.329368591308594
I4210122474,Forschungszentrum Telekommunikation Wien,AT,48.233516693115234,16.41375160217285
I39333907,Yanshan University,CN,39.9410400390625,119.58936309814453
I65806277,Université de Limoges,FR,45.83362,1.24759
I4210165038,University of Chinese Academy of Sciences,CN,39.9075,116.39723
I16609230,Hunan University,CN,28.19874,112.97087
I9341345,University of Lübeck,DE,53.86893,10.68729
I2803209242,University of California System,US,37.80437,-122.2708
I190082696,Durham University,GB,54.77676,-1.57566
I17120543,National University of Modern Languages,PK,33.666812896728516,73.0514907836914
I1325784139,Yahoo (United Kingdom),GB,51.514007568359375,-0.12849900126457214
I2800095910,Yahoo (Spain),ES,40.416500091552734,-3.7025599479675293
I191208505,Xiamen University,CN,24.47978973388672,118.08187103271484
I124055696,University of Copenhagen,DK,55.67594,12.56553
I75059550,Zhejiang Gongshang University,CN,30.293649673461914,120.16142272949219
I255400594,Daegu Technical University,KR,35.8356819152832,128.5428466796875
I4792177,Daelim University College,KR,37.40338134765625,126.93030548095703
I114234892,Beijing Union University,CN,39.907501220703125,116.39723205566406
I172901346,St Petersburg University,RU,59.94200134277344,30.298999786376953
I4210107548,Japan Broadcasting Corporation (Japan),JP,35.66529846191406,139.69595336914062
I36788626,California University of Pennsylvania,US,40.06563186645508,-79.89170837402344
I47265099,Ho Chi Minh City University of Technology,VN,10.823019981384277,106.62964630126953
I4210087032,Cambridge Scientific (United States),US,42.364723205566406,-71.1657943725586
I119003972,Roma Tre University,IT,41.89193,12.51133
I4210164149,Bonn Aachen International Center for Information Technology,DE,50.73438,7.09549
I29955533,Center for Information Technology,US,39.001319885253906,-77.10456848144531
I4210131271,Institute of Modern Physics,CN,36.056461334228516,103.85980987548828
I41198531,Nanjing University of Posts and Telecommunications,CN,32.080501556396484,118.76499938964844
I308837,Suzhou University of Science and Technology,CN,31.304079055786133,120.59538269042969
I4210087772,National Computer Network Emergency Response Technical Team/Coordination Center of Chinar,CN,39.907501220703125,116.39723205566406
I4210104996,"""Ion Ionescu de la Brad"" Iasi University of Life Sciences",RO,47.16667175292969,27.600000381469727
I28777354,Sejong University,KR,37.55083465576172,127.07389068603516
I91203450,University of Haifa,IL,32.81303,34.99928
I188935350,Anhui University of Finance and Economics,CN,32.94083023071289,117.36083221435547
I200845125,Nanjing University of Information Science and Technology,CN,32.06167,118.77778
I182707071,Ludong University,CN,37.51714324951172,121.35852813720703
I63135867,University of Cincinnati,US,39.12711,-84.51439
I22265921,National Central University,TW,24.968280792236328,121.19288635253906
I68368234,Centro de Investigación y de Estudios Avanzados del Instituto Politécnico Nacional,MX,19.42847,-99.12766
I107077323,Worcester Polytechnic Institute,US,42.26259,-71.80229
I158438070,Universidad de La Laguna,ES,28.4853,-16.32014
I37796252,Beijing University of Technology,CN,39.907501220703125,116.39723205566406
I3124059619,China University of Geosciences,CN,30.583330154418945,114.26667022705078
I143593769,East China University of Science and Technology,CN,31.222219467163086,121.45806121826172
I21945476,Shanghai Normal University,CN,31.222219467163086,121.45806121826172
I1342911587,Oracle (United States),US,30.26715,-97.74306
I143413998,Qingdao University of Science and Technology,CN,36.06488037109375,120.38041687011719
I174442536,South Central Minzu University,CN,30.58333,114.26667
I181326427,Donghua University,CN,31.222219467163086,121.45806121826172
I4210087658,Equens (Netherlands),NL,52.06205749511719,5.108245849609375
I134687103,Nanjing Tech University,CN,32.061668395996094,118.77777862548828
I202126657,Qufu Normal University,CN,35.5966682434082,116.9911117553711
I4210125028,Institut de Neurobiologie de la Méditerranée,FR,43.29695129394531,5.381070137023926
I9842412,Nanjing University of Aeronautics and Astronautics,CN,32.061668395996094,118.77777862548828
I126744593,"University of Maryland, Baltimore",US,39.29038,-76.61219
I1298353152,SRI International,US,37.45383071899414,-122.18218994140625
I83467386,IT University of Copenhagen,DK,55.675941467285156,12.565529823303223
I126469861,Orange (Poland),PL,52.22279357910156,21.01694679260254
I145722265,University of Thessaly,GR,39.36922836303711,22.947689056396484
I47508984,Imperial College London,GB,51.50853,-0.12574
I4210167297,IBM Research - Haifa,IL,32.10221481323242,34.85060501098633
I4210164495,KDDI Research (Japan),JP,35.861419677734375,139.51531982421875
I4210093397,XLIM,FR,45.83362,1.24759
I122411786,California Institute of Technology,US,34.14778,-118.14452
I95583923,Direction Générale de l'Armement,FR,48.85340881347656,2.34879994392395
I68891433,Indian Institute of Technology Delhi,IN,28.621370315551758,77.21479797363281
I1329325741,Philips (Finland),FI,60.29280471801758,24.972267150878906
I4210127848,Institut für Urheber- und Medienrecht,DE,48.14189529418945,11.574896812438965
I192703390,Ming Chuan University,TW,24.9896,121.3187
I4210119388,Zhejiang Science and Technology Information Institute,CN,30.29844856262207,120.13202667236328
I64449678,Putian University,CN,25.43943977355957,119.0102767944336
I91633459,Middle East University,JO,31.95522,35.94503
I4210121786,Max Planck Institute for Software Systems,DE,49.23262023925781,7.009819984436035
I899635006,Université Grenoble Alpes,FR,45.1787,5.76281
I686019,AGH University of Krakow,PL,50.061431884765625,19.936580657958984
I87354575,National Chengchi University,TW,25.047760009765625,121.53185272216797
I4210149877,Escrypt (Germany),DE,51.501678466796875,7.175600051879883
I71799228,KDDI (Japan),JP,35.6895,139.69171
I193619901,Constructor University,DE,53.07582,8.80717
I4210087065,International University in Germany,DE,50.91398620605469,6.930720806121826
I89864525,Universität Trier,DE,49.75564956665039,6.639349937438965
I107639228,University of Notre Dame,US,41.70019,-86.23793
I135551196,National Kaohsiung Normal University,TW,22.616260528564453,120.3133316040039
I100532134,Université Claude Bernard Lyon 1,FR,45.76601,4.8795
I113428412,École Normale Supérieure de Lyon,FR,45.74906,4.84789
I104946051,Nihon University,JP,35.691001892089844,139.73760986328125
I52706244,College of Industrial Technology,JP,34.716670989990234,135.4166717529297
I1291425158,Google (United States),US,37.38605,-122.08385
I59725666,University of Reggio Calabria,IT,38.110469818115234,15.661290168762207
I80143920,Shandong University of Science and Technology,CN,36.06488037109375,120.38041687011719
I4210108629,Computer Network Information Center,CN,39.97991943359375,116.33592224121094
I4210150057,Centre of Advanced Studies,RU,55.76131820678711,37.633060455322266
I92894754,Innovations for High Performance Microelectronics,DE,52.34714,14.55062
I143578492,Asia University,TW,24.146900177001953,120.68389892578125
I110675161,Infosys (India),IN,12.97194,77.59369
I4210131481,Universidad San Pedro,PE,-9.052886962890625,-78.59078979492188
I138898306,Reichman University,IL,32.1662712097168,34.82535934448242
I4210111842,Computer Research Institute of Montréal,CA,45.50884,-73.58781
I123565023,Vietnam National University Ho Chi Minh City,VN,10.823019981384277,106.62964630126953
I4210148712,Silicon Valley University,US,37.4006462097168,-121.89414978027344
I181369854,Friedrich-Alexander-Universität Erlangen-Nürnberg,DE,49.59099,11.00783
I130692619,Bern University of Applied Sciences,CH,46.948089599609375,7.447440147399902
I4210099336,Menlo School,US,37.46133,-122.19774
I4210163363,PLA Army Engineering University,CN,32.061668395996094,118.77777862548828
I161103922,Philipps University of Marburg,DE,50.80904006958008,8.770689964294434
I60858718,University of Aveiro,PT,40.64427,-8.64554
I25355098,Chang'an University,CN,34.258331298828125,108.9286117553711
I4210100281,Jangan University,KR,37.21424865722656,126.94646453857422
I4210131919,Xi'an University of Technology,CN,34.258331298828125,108.9286117553711
I1333370159,Motorola (United States),US,42.06254196166992,-88.05451965332031
I139351228,Office of Scientific and Technical Information,US,36.01036071777344,-84.26963806152344
I4210108489,National Technical Information Service,US,38.80778121948242,-77.1647720336914
I170486558,Universitat Pompeu Fabra,ES,41.38879,2.15899
I70768539,École Nationale Supérieure des Mines de Paris,FR,48.85341,2.3488
I118574674,Jiangsu Normal University,CN,34.19940185546875,117.1841812133789
I17301866,University of Alabama,US,33.20984,-87.56917
I44504214,Czech Technical University in Prague,CZ,50.08804,14.42076
I4210108542,Schlumberger (Ireland),IE,53.353511810302734,-6.251223087310791
I145935303,Ling Tung University,TW,24.13762855529785,120.608154296875
I4210151444,Solidia Technologies (United States),US,40.55264663696289,-74.461669921875
I66862912,Chalmers University of Technology,SE,57.70716,11.96679
I4210141710,"Institute of Statistical Science, Academia Sinica",TW,25.037517547607422,121.5636978149414
I59611059,Institute of Mathematical Sciences,IN,13.08784,80.27847
I63772739,Florida Atlantic University,US,26.35869026184082,-80.08309936523438
I123096312,Mahasarakham University,TH,16.18483,103.30067
I4210100430,Google (Switzerland),CH,47.36558151245117,8.52480411529541
I21370196,Aristotle University of Thessaloniki,GR,40.64360809326172,22.93086051940918
I79817857,University of Guelph,CA,43.54594039916992,-80.25598907470703
I82828225,King Mongkut's University of Technology North Bangkok,TH,13.819555282592773,100.51480865478516
I55712492,Zhejiang University of Technology,CN,30.293649673461914,120.16142272949219
I150729083,Universidade de Brasília,BR,-15.77972,-47.92972
I4210131964,Universitas Nusa Bangsa,ID,-6.59444,106.78917
I22716506,Lanzhou University of Technology,CN,36.05837631225586,103.73046112060547
I4210134243,National Research Council,LK,6.903361797332764,79.87503051757812
I23632641,Shanghai University of Electric Power,CN,31.261930465698242,121.51904296875
I4210104430,Laboratoire d'Informatique de Grenoble,FR,45.17869,5.71479
I4210140791,Irvine University,US,33.86848449707031,-118.09716033935547
I180825142,"City, University of London",GB,51.50853,-0.12574
I125768316,Northampton Community College,US,40.62593,-75.37046
I35928602,Kyung Hee University,KR,37.566,126.9784
I74788687,Comenius University Bratislava,SK,48.14816,17.10674
I71999127,Universitat de Barcelona,ES,41.38879,2.15899
I128993996,University of South Wales,GB,51.6021,-3.34211
I4104125,Universidade Federal de Santa Catarina,BR,-27.596670150756836,-48.549171447753906
I202334528,Beijing Electronic Science and Technology Institute,CN,39.907501220703125,116.39723205566406
I2799850029,Dongguan University of Technology,CN,23.017969131469727,113.7486572265625
I8636806,University of Sousse,TN,35.82539,10.63699
I43968019,Karlstad University,SE,59.37929916381836,13.503569602966309
I90871651,University of Toledo,US,41.6639404296875,-83.55520629882812
I4210124755,National Institute of Standards,EG,29.99106216430664,31.165950775146484
I139660479,Central South University,CN,28.19874,112.97087
I46080048,Jahangirnagar University,BD,23.710399627685547,90.40744018554688
I4210104224,Tabor College,AU,-34.955909729003906,138.59156799316406
I4210147117,Huaiyin Normal University,CN,33.5886116027832,119.01917266845703
I175532246,University of Eastern Finland,FI,62.60118,29.76316
I4210134579,Dana-Farber/Harvard Cancer Center,US,42.358428955078125,-71.05976867675781
I189196454,The University of Texas at Arlington,US,32.73099899291992,-97.11499786376953
I28469333,Thai-Nichi Institute of Technology,TH,13.753979682922363,100.5014419555664
I165779595,University of Melbourne,AU,-37.814,144.96332
I2800780207,Swedish Institute,SE,59.32938003540039,18.068710327148438
I159948400,Jinan University,CN,23.116670608520508,113.25
I21449261,Masaryk University,CZ,49.19522,16.60796
I3131446353,Andrássy University Budapest,HU,47.492984771728516,19.063854217529297
I96415178,University of Defence,CZ,49.20753479003906,16.594837188720703
I98251732,McMaster University,CA,43.25011,-79.84963
I881766915,Nanjing University,CN,32.061668395996094,118.77777862548828
I132586189,Zhongyuan University of Technology,CN,34.75777816772461,113.64861297607422
I121847817,"The Graduate Center, CUNY",US,40.71427,-74.00597
I174216632,City University of New York,US,40.71427,-74.00597
I111455621,"Queens College, CUNY",US,40.714271545410156,-74.00596618652344
I4210115513,Xi’an University,CN,34.21632766723633,108.9067153930664
I115592961,Jiangsu University,CN,32.21086120605469,119.455078125
I20616075,Qinghai Normal University,CN,36.62554168701172,101.75739288330078
I202697423,University of Zurich,CH,47.36667,8.55
I40713646,Goldman Sachs (United States),US,40.71489715576172,-74.0143814086914
I4210145365,Université Hassan 1er,MA,33.00102996826172,-7.616620063781738
I150807315,Guangxi University,CN,22.816669464111328,108.3166732788086
I135140700,University of Bonn,DE,50.73438,7.09549
I143545923,Central Police University,TW,25.047210693359375,121.35236358642578
I15057530,Université de Bordeaux,FR,44.84124,-0.58046
I193223587,University of Trento,IT,46.06787109375,11.12108039855957
I885383172,National University of Malaysia,MY,2.9000000953674316,101.78333282470703
I180771373,Government Medical College,IN,9.632049560546875,76.51876068115234
I4210163834,Tianshui Normal University,CN,34.57952,105.74238
I4387153738,Siddaganga Institute of Technology,,13.34136,77.1022
I193524592,Tianjin University of Finance and Economics,CN,39.14221954345703,117.17666625976562
I124601658,University of Parma,IT,44.79935073852539,10.326180458068848
I4210160447,Universidad de Londres,MX,19.42847,-99.12766
I180519160,Copenhagen Business School,DK,55.675941467285156,12.565529823303223
I39470171,University of Ontario Institute of Technology,CA,43.90012,-78.84957
I180949307,Illinois Institute of Technology,US,41.85002899169922,-87.6500473022461
I92008406,University of Stavanger,NO,58.97005081176758,5.733320236206055
I4210133528,Leibniz University of Applied Sciences,DE,52.37052,9.73322
I114112103,Leibniz University Hannover,DE,52.37052,9.73322
I4210124949,Microsoft Research (India),IN,12.96633243560791,77.59627532958984
I4400600948,Microsoft Research New England (United States),,42.3751,-71.10561
I82951845,RMIT University,AU,-37.80674743652344,144.9625701904297
I137902535,North Carolina State University,US,35.7721,-78.63861
I189731429,Wellesley College,US,42.29649,-71.29256
I592451,Indiana University,US,39.16533,-86.52639
I10734018,Akamai (United States),US,42.37369155883789,-71.11359405517578
I180662265,China Mobile (China),CN,39.91109085083008,116.35888671875
I165339363,Universidad de Oviedo,ES,43.36029052734375,-5.844759941101074
I912024754,Sage (United Kingdom),GB,54.97328,-1.61396
I4210100258,National Confidential Enquiry into Patient Outcome and Death,GB,51.50853,-0.12574
I4210148195,Concordia University,US,45.5234489440918,-122.67620849609375
I20382870,Missouri University of Science and Technology,US,37.95143127441406,-91.77127075195312
I205703379,Institut Mines-Télécom,FR,48.71828,2.2498
I4210145102,Institut Polytechnique de Paris,FR,48.71828,2.2498
I122964287,National Institute of Technology Tiruchirappalli,IN,10.815500259399414,78.6965103149414
I4210166017,Institut de Mathématiques de Bordeaux,FR,44.80849,-0.58915
I883909435,International University,KH,11.574629783630371,104.87898254394531
I157286207,"National University of Ireland, Maynooth",IE,53.3849983215332,-6.593609809875488
I27483092,University of Perugia,IT,43.1122,12.38878
I205746353,University of Dhaka,BD,23.7104,90.40744
I43313876,Dalian Maritime University,CN,38.9122200012207,121.60221862792969
I4210145478,Beijing Municipal Education Commission,CN,39.9075,116.39723
I4210101743,"Laboratoire d'Informatique, de Robotique et de Microélectronique de Montpellier",FR,43.61093,3.87635
I144889574,Université de Pau et des Pays de l'Adour,FR,43.31117,-0.35583
I4210120471,Instituto de Telecomunicações,PT,38.716670989990234,-9.133330345153809
I4210164937,Microsoft Research (United Kingdom),GB,52.19491958618164,0.13490499556064606
I4210115169,Second Artillery General Hospital of Chinese People's Liberation Army,CN,39.95677185058594,116.37167358398438
I127845322,University of South Carolina Upstate,US,34.997501373291016,-81.9705581665039
I34949971,University of Jinan,CN,36.668331146240234,116.99722290039062
I2800945745,House of Representatives,NL,52.079612731933594,4.3150811195373535
I4210106545,Research Centre Inria Sophia Antipolis - Méditerranée,FR,43.63292,6.99911
I4210161634,Microsoft (France),FR,48.83394241333008,2.2656428813934326
I115455960,Centre for Quantum Technologies,SG,1.2974610328674316,103.7802963256836
I155837530,National Institute of Technology Durgapur,IN,23.51582908630371,87.3080062866211
I74775410,Rice University,US,29.76328,-95.36327
I109289231,National Kaohsiung First University of Science and Technology,TW,22.616260528564453,120.3133316040039
I4210101327,Twin Cities Orthopedics,US,44.886329650878906,-93.33179473876953
I4210162154,IMDEA Software,ES,40.43293,-3.81338
I130343225,Universiti Putra Malaysia,MY,3.03333,101.71667
I2279609970,Université de Lille,FR,50.63297,3.05858
I4210138412,Centre de recherche Inria Lille - Nord Europe,FR,50.61669,3.16664
I4210160005,Computer Science Laboratory of Lille,FR,,
I26120043,Ochanomizu University,JP,35.68949890136719,139.69171142578125
I1343573832,Mount Carmel Health,US,39.985660552978516,-83.06775665283203
I4210120800,Carmel (Israel),IL,32.81840896606445,34.98849868774414
I119664326,University of Wolverhampton,GB,52.58546829223633,-2.122960090637207
I169335092,University of North Carolina at Greensboro,US,36.07263946533203,-79.79197692871094
I107982497,Dalian Ocean University,CN,38.9122200012207,121.60221862792969
I78650965,TU Dresden,DE,51.05089,13.73832
I4400600945,"Anna University Regional Campus, Coimbatore",,11.005550384521484,76.96611785888672
I33585257,"Anna University, Chennai",IN,13.08784,80.27847
I115475287,Oklahoma State University,US,36.11560821533203,-97.0583724975586
I145847075,TU Wien,AT,48.20849,16.37208
I110440473,Xi'an University of Science and Technology,CN,34.258331298828125,108.9286117553711
I199140397,Sri Guru Granth Sahib World University,IN,30.647640228271484,76.40348815917969
I36399199,Nanjing University of Science and Technology,CN,32.061668395996094,118.77777862548828
I65181880,Indian Institute of Technology Hyderabad,IN,17.62477,78.08669
I90965887,SUNY Polytechnic Institute,US,43.10089874267578,-75.23265838623047
I97750245,Software (Spain),ES,40.60102462768555,-3.7155539989471436
I30809798,ShanghaiTech University,CN,31.222219467163086,121.45806121826172
I135905480,Shanghai Polytechnic University,CN,31.22222,121.45806
I11880225,National Institute of Technology Karnataka,IN,12.91723,74.85603
I4210114866,Islamic Azad University Boroujerd Branch,IR,33.92033004760742,48.693016052246094
I4210153869,Huaiyin Institute of Technology,CN,33.5886116027832,119.01917266845703
I35364215,Naval Postgraduate School,US,36.60024,-121.89468
I146655781,University of Liverpool,GB,53.41058,-2.97794
I165143802,University of Queensland,AU,-27.46794,153.02809
I194210350,École Nationale Supérieure d'Ingénieurs de Caen,FR,49.185848236083984,-0.3591200113296509
I4210110254,Laboratoire de Physique Corpusculaire de Caen,FR,49.18585,-0.35912
I177802217,University of Mannheim,DE,49.483924865722656,8.462201118469238
I28290843,University of Surrey,GB,51.23536,-0.57427
I4210088543,Institut für Informationsverarbeitung,DE,52.53804016113281,13.373147964477539
I154893126,Guizhou Normal University,CN,26.583330154418945,106.71666717529297
I133731052,University of Helsinki,FI,60.16952,24.93545
I191879574,Inha University,KR,37.45646,126.70515
I189210763,Yunnan University,CN,25.038890838623047,102.71833038330078
I31746571,UNSW Sydney,AU,-33.86785,151.20732
I114457229,University of Geneva,CH,46.20222,6.14569
I198091727,Tianjin Polytechnic University,CN,39.14222,117.17667
I2800906181,St. Petersburg Department of Steklov Institute of Mathematics,RU,59.93397903442383,30.342754364013672
I4210148468,Industrial Technology Research Institute,TW,24.77446746826172,121.04560852050781
I4210114742,National Institutes of Biotechnology Malaysia,MY,2.9885048866271973,101.69786834716797
I59361560,Instituto Politécnico Nacional,MX,19.42847,-99.12766
I192209268,Shaoxing University,CN,30.002370834350586,120.57864379882812
I121750182,National Institute of Technology Warangal,IN,18.0,79.58332824707031
I5343935,Guilin University of Electronic Technology,CN,25.281644821166992,110.3372802734375
I909854389,London School of Economics and Political Science,GB,51.50852966308594,-0.12574000656604767
I177064439,Université de Bourgogne,FR,47.31667,5.01667
I154526488,Inserm,FR,48.85341,2.3488
I201459984,Guangdong University Of Finances and Economics,CN,23.116670608520508,113.25
I4210138186,Wuhan National Laboratory for Optoelectronics,CN,30.507970809936523,114.4132080078125
I4210095156,Pathfinder Systems (United States),US,39.8028678894043,-105.05795288085938
I4210146419,Institute for Research in Fundamental Sciences,IR,35.810001373291016,51.470001220703125
I23946033,University of Tehran,IR,35.703468322753906,51.395198822021484
I154851008,Indian Institute of Technology Roorkee,IN,29.86214256286621,77.89672088623047
I12449238,Université d'Orléans,FR,47.90248,1.90407
I170201317,University of Pittsburgh,US,40.44062,-79.99589
I4210125404,Institute of Theoretical Physics,CN,39.89571762084961,116.46057891845703
I68986083,Northwest Normal University,CN,36.057010650634766,103.8398666381836
I176838256,Pontifícia Universidade Católica do Paraná,BR,-25.421932220458984,-49.29484939575195
I40963666,Central China Normal University,CN,30.518009185791016,114.3636245727539
I24861097,St. Olaf College,US,44.45830154418945,-93.1615982055664
I33096239,National Dong Hwa University,TW,23.97694,121.60444
I4392021250,State Key Laboratory of Networking and Switching Technology,,39.907501220703125,116.39723205566406
I4210110925,Jiaozuo University,CN,35.2333984375,113.26294708251953
I4210127953,Carinthia University of Applied Sciences,AT,46.8,13.5
I98358874,Delft University of Technology,NL,52.00667190551758,4.355559825897217
I4210139705,Ingegneria dei Sistemi (Italy),IT,43.65286636352539,10.437080383300781
I78675632,Beijing Information Science & Technology University,CN,39.907501220703125,116.39723205566406
I4210139618,Shanghai Key Laboratory of Trustworthy Computing,CN,31.225067138671875,121.48744201660156
I96323854,National Yang Ming Chiao Tung University,TW,,
I141568987,Hong Kong Baptist University,HK,22.27832,114.17469
I4387153915,Guilin University,,25.28022003173828,110.29638671875
I59649739,Jiangxi University of Finance and Economics,CN,28.6839599609375,115.85305786132812
I4210099236,Kootenay Association for Science & Technology,CA,49.07619094848633,-117.7970962524414
I89652312,Northwest A&F University,CN,34.271728515625,108.07891082763672
I31669788,Independent University,BD,23.710399627685547,90.40744018554688
I4210092058,Zhengzhou Normal University,CN,34.75778,113.64861
I3018263800,Huzhou University,CN,30.87030029296875,120.09329986572266
I109297418,Gebze Technical University,TR,40.80276107788086,29.430679321289062
I32462889,Fatih University,TR,41.01384,28.94966
I180203408,Yokohama National University,JP,35.43333053588867,139.64999389648438
I3019441195,Laboratoire de Mathématiques d'Orsay,FR,48.69572067260742,2.187269926071167
I170897317,Duke University,US,35.99403,-78.89862
I866804994,National Research Foundation,ZA,-25.7469482421875,28.276865005493164
I169173203,Délégation Paris 7,FR,48.86667,2.41667
I180670191,"University of California, San Francisco",US,37.77493,-122.41942
I80180929,Universidad de Murcia,ES,37.98704147338867,-1.1300400495529175
I4210159952,Ingenico (France),FR,48.853126525878906,2.290144920349121
I159176309,Universität Hamburg,DE,53.55073,9.99302
I884043246,Hamburg University of Technology,DE,53.55073,9.99302
I4210145865,IBM Research - Tokyo,JP,35.68949890136719,139.69171142578125
I4210166226,Institut Fourier,FR,45.1787,5.76281
I193629610,Tallinn University,EE,59.43695831298828,24.753530502319336
I4210135606,National Research Center for Applied Cybersecurity ATHENE,DE,49.87166976928711,8.650270462036133
I106542073,University of Calcutta,IN,22.56263,88.36304
I4210097157,Y-Parc (Switzerland),CH,46.76526641845703,6.644786834716797
I167274908,Guangxi University for Nationalities,CN,22.81667,108.31667
I9927081,Aalto University,FI,60.2052001953125,24.65220069885254
I59606676,Universidade Federal do Pará,BR,-1.4558299779891968,-48.50444030761719
I201181511,École Nationale Supérieure de Techniques Avancées,FR,48.71828,2.2498
I105140100,Madrid Institute for Advanced Studies,ES,40.4165,-3.70256
I70971781,Dr. B. R. Ambedkar National Institute of Technology Jalandhar,IN,31.325559616088867,75.57917022705078
I4210098600,Noldus Information Technology,NL,51.97441482543945,5.6488938331604
I4210154669,European Framework Program Consulting (Israel),IL,32.08087921142578,34.78057098388672
I157674565,University of Liège,BE,50.633731842041016,5.567490100860596
I83816512,University of Genoa,IT,44.40478,8.94439
I14637135,Motorola (South Korea),KR,37.48463439941406,127.0359878540039
I141962983,Shanghai University of Engineering Science,CN,31.222219467163086,121.45806121826172
I6585545,European Telecommunications Standards Institute,FR,43.58127,7.12487
I4210139611,Ministry of Justice,TW,25.05306,121.52639
I141649380,Western Michigan University,US,42.29171,-85.58723
I932239252,SASTRA University,IN,10.785229682922363,79.13909149169922
I71267560,University of Naples Federico II,IT,40.85216,14.26811
I111979921,Northwestern University,US,42.04114,-87.69006
I149461666,Ca' Foscari University of Venice,IT,45.43713,12.33265
I4210165875,NTNU Samfunnsforskning,NO,63.43049,10.39506
I69740276,Tokyo Metropolitan University,JP,35.68949890136719,139.69171142578125
I4210163711,Alexandra Institute (Denmark),DK,56.15673828125,10.210760116577148
I67789559,Liberty University,US,37.41374969482422,-79.14225006103516
I4210113703,Henan University of Urban Construction,CN,33.738468170166016,113.30119323730469
I48379061,Shahid Beheshti University,IR,35.69439,51.42151
I52158045,China Agricultural University,CN,39.907501220703125,116.39723205566406
I201841394,Université Côte d'Azur,FR,43.70313,7.26608
I131155284,Alagappa University,IN,10.06615,78.76784
I4210091745,Eskişehir City Hospital,TR,39.751182556152344,30.59086036682129
I133743585,Anadolu University,TR,39.776668548583984,30.520559310913086
I37448385,China People's Public Security University,CN,39.907501220703125,116.39723205566406
I872945872,University of Winnipeg,CA,49.8843994140625,-97.14704132080078
I23582244,Ho Chi Minh City University of Science,VN,10.823019981384277,106.62964630126953
I4210151344,National Institute on Consumer Education,JP,35.661407470703125,139.70335388183594
I255234318,Universidad de Zaragoza,ES,41.65606,-0.87734
I4210160629,China Information Technology Security Evaluation Center,CN,40.0505256652832,116.29930877685547
I4210102178,ICT Research Institute,IR,35.69438934326172,51.4215087890625
I146613903,Shanghai Lixin University of Accounting and Finance,CN,31.222219467163086,121.45806121826172
I146416000,University of Kansas,US,38.97167,-95.23525
I4210140517,University Heights Center,US,47.66608428955078,-122.31350708007812
I200332995,TU Dortmund University,DE,51.51493835449219,7.466000080108643
I4210137476,Center for Research and Telecommunication Experimentation for Networked Communities,IT,46.06787,11.12108
I4210161189,ProbaYes (France),FR,45.22536849975586,5.801700115203857
I4210101348,Centre Inria de l'Université Grenoble Alpes,FR,45.22537,5.8017
I41156924,Victoria University of Wellington,NZ,-41.28664,174.77557
I92178344,Anhui University of Technology,CN,31.523239135742188,118.6201400756836
I184681353,Anhui University of Science and Technology,CN,32.62638854980469,116.99694061279297
I4210097119,PLA Electronic Engineering Institute,CN,31.843000411987305,117.23667907714844
I4210158057,University of Technology and Applied Sciences - Al Mussanah,OM,23.74748992919922,57.569339752197266
I4210101866,Informa (Italy),IT,41.871826171875,12.476167678833008
I3141906898,Asia University,JP,35.704917907714844,139.5350341796875
I134023368,Institute for Interdisciplinary Studies of Austrian Universities,AT,48.20849,16.37208
I63098007,Liverpool John Moores University,GB,53.410579681396484,-2.977940082550049
I2801919071,University of Illinois System,US,40.110591888427734,-88.20726776123047
I88491126,Bucharest University of Economic Studies,RO,44.4322509765625,26.106260299682617
I28813325,Civil Aviation University of China,CN,39.14221954345703,117.17666625976562
I19149307,Chennai Mathematical Institute,IN,13.08784,80.27847
I156216236,Qassim University,SA,26.325990676879883,43.974971771240234
I4210143601,Decision Systems (United States),US,42.151893615722656,-87.80496215820312
I132024593,Kobe City College of Nursing,JP,34.68695831298828,135.05252075195312
I4092182,Graz University of Technology,AT,47.06733,15.44197
I10457146,Universidad de Santiago de Chile,CL,-33.45694,-70.64827
I103087548,Norfolk State University,US,36.84870147705078,-76.26249694824219
I100296615,École Nationale de l’Aviation Civile,FR,43.60426,1.44367
I4210144214,Jiangsu University of Technology,CN,31.773590087890625,119.95401000976562
I251738,Edinburgh Napier University,GB,55.95206069946289,-3.1964800357818604
I152869788,Motilal Nehru National Institute of Technology,IN,25.444780349731445,81.84322357177734
I53592917,Jiangxi Normal University,CN,28.6839599609375,115.85305786132812
I200777214,National and Kapodistrian University of Athens,GR,37.983760833740234,23.727840423583984
I177483745,Université Joseph Fourier,FR,45.17869186401367,5.714789867401123
I121748325,Universidad Complutense de Madrid,ES,40.4165,-3.70256
I2802946424,Johns Hopkins University Applied Physics Laboratory,US,39.138999938964844,-76.87052917480469
I142732210,University of Engineering and Technology Lahore,PK,31.558000564575195,74.3507080078125
I890469752,Ministry of Industry and Information Technology,CN,39.90782928466797,116.37926483154297
I4210121266,Technicolor (France),FR,48.85340881347656,2.34879994392395
I4210102083,Vifor Pharma (Switzerland),CH,47.44060516357422,8.565705299377441
I100887729,Andhra University,IN,17.680089950561523,83.20160675048828
I32943570,Helsinki Institute for Information Technology,FI,60.2052,24.6522
I159247623,Mansoura University,EG,31.03636932373047,31.38068962097168
I4210153001,North-West State Technical University,RU,59.93851852416992,30.325733184814453
I4210136518,Maharaja Ranjit Singh Punjab Technical University,IN,30.17289161682129,74.9249038696289
I3020504353,Fraunhofer Institute for Industrial Engineering,DE,48.78232,9.17702
I158248296,Amirkabir University of Technology,IR,35.704345703125,51.40967559814453
I161350542,China Three Gorges University,CN,30.720426559448242,111.31816864013672
I1297991670,Southwest University of Science and Technology,CN,31.46784019470215,104.68167877197266
I2610724,Chemnitz University of Technology,DE,50.83570098876953,12.929220199584961
I86767153,Université Jean Monnet,FR,45.43389,4.39
I4210149092,Laboratoire Jean Kuntzmann,FR,45.17869,5.71479
I4210085887,Laboratoire Hubert Curien,FR,45.43389,4.39
I32399674,Shenyang Normal University,CN,41.79222106933594,123.43277740478516
I74413500,University of Windsor,CA,42.300079345703125,-83.01654052734375
I4210161658,Russian State Agrarian Correspondence University,RU,55.795108795166016,37.95966339111328
I36152291,Henan University of Technology,CN,34.75777816772461,113.64861297607422
I4210117382,Anyang Normal University,CN,36.09600067138672,114.38278198242188
I93906172,Anyang University,KR,37.391666412353516,126.91972351074219
I4210133467,Xi'an Aeronautical University,CN,34.6629753112793,109.20575714111328
I4210116557,Islamic Azad University of Ayatollah Amoli,IR,36.567081451416016,53.05802917480469
I4210106387,Anhui Special Equipment Inspection Institute,CN,31.826282501220703,117.22651672363281
I60587646,Brno University of Technology,CZ,49.19522,16.60796
I162290304,Scuola Superiore Sant'Anna,IT,43.70853,10.4036
I163244428,Norwegian Defence Research Establishment,NO,59.9127311706543,10.746089935302734
I159389169,Ningbo University of Technology,CN,29.87819,121.54945
I4210144566,Laboratoire de l'Informatique du Parallélisme,FR,45.74846,4.84671
I67900169,Chung-Ang University,KR,37.566,126.9784
I18014758,Simon Fraser University,CA,49.26636,-122.95263
I158809036,Shenzhen Institute of Information Technology,CN,22.566682815551758,114.0958023071289
I75027704,University of Tennessee at Knoxville,US,35.96064,-83.92074
I186143895,Lehigh University,US,40.62593078613281,-75.3704605102539
I22128151,University of Derby,GB,52.92277145385742,-1.4766299724578857
I125839683,Beijing Institute of Technology,CN,39.9075,116.39723
I5936373,University of Montenegro,ME,42.44110870361328,19.26361083984375
I4210136150,L3S Research Center,DE,52.370521545410156,9.733220100402832
I205490536,Dongguk University,KR,37.566,126.9784
I120729142,Research Academic Computer Technology Institute,GR,38.2462,21.73508
I4210151021,Shanghai Institute of Computing Technology,CN,31.22190284729004,121.43814849853516
I4210107755,Institut des Arts de Diffusion,BE,50.66900634765625,4.6016459465026855
I887064364,University of Amsterdam,NL,52.37403,4.88969
I19700959,Florida International University,US,25.774269104003906,-80.19365692138672
I4210155607,Laboratoire d'Informatique en Images et Systèmes d'Information,FR,45.74846,4.84671
I37696226,University of Maribor,SI,46.55583,15.64593
I23758234,Universitas Negeri Surabaya,ID,-7.249169826507568,112.7508316040039
I4387153613,Politeknik Elektronika Negeri Surabaya,,-7.249169826507568,112.7508316040039
I4210136249,University of Applied Sciences Upper Austria,AT,48.16667,14.03333
I197854408,University of Malta,MT,35.8925,14.48278
I176601375,Khalifa University of Science and Technology,AE,24.447925567626953,54.39486312866211
I1351752,Koç University,TR,41.01383972167969,28.94965934753418
I60053951,Universitat Politècnica de València,ES,39.47391128540039,-0.3796600103378296
I43663321,Hindustan Institute of Technology and Science,IN,13.08784008026123,80.27847290039062
I2803051760,Gwinnett College,US,33.9012336730957,-84.12181091308594
I78927796,Georgia Gwinnett College,US,33.98014831542969,-84.00537109375
I39804081,Sorbonne Université,FR,48.85341,2.3488
I4210159731,LIP6,FR,48.85341,2.3488
I186354981,University of Passau,DE,48.56650161743164,13.431220054626465
I92092256,Huanghe Science and Technology College,CN,34.689453125,113.67098999023438
I4210165912,Laboratoire Traitement et Communication de l’Information,FR,48.71828,2.2498
I4210102686,"Laboratoire Analyse, Géométrie et Applications",FR,48.95833,2.34167
I48825208,Université Paris 8,FR,48.85341,2.3488
I76903346,University of Coimbra,PT,40.20686,-8.41996
I4210142352,Laboratório Nacional de Computação Científica,BR,-22.5049991607666,-43.178611755371094
I19648265,Wright State University,US,39.758949279785156,-84.19161224365234
I63274643,FH Münster,DE,51.96236038208008,7.6257100105285645
I11883440,James Madison University,US,38.44956970214844,-78.8689193725586
I145608581,University of Miami,US,25.72149,-80.26838
I2250955327,Huawei Technologies (China),CN,22.54553985595703,114.06829833984375
I23726118,Sirim Berhad,MY,3.074553966522217,101.51563262939453
I931681460,Universiti Tunku Abdul Rahman,MY,4.3,101.15
I121243025,"International Islamic University, Islamabad",PK,33.72148,73.04329
I203187632,University of the Philippines Visayas,PH,10.644200325012207,122.23519897460938
I173888879,SINTEF,NO,63.43048858642578,10.395059585571289
I36893310,University of Hyderabad,IN,17.384050369262695,78.45635986328125
I203899302,Universiti Teknologi Petronas,MY,4.584099769592285,101.08290100097656
I1341823161,Pyeongtaek University,KR,36.994998931884766,127.13300323486328
I157614274,University of Cape Town,ZA,-33.96333,18.47639
I42014448,Sardar Vallabhbhai National Institute of Technology Surat,IN,21.161317825317383,72.78534698486328
I102117144,Banasthali University,IN,26.402694702148438,75.87506103515625
I197220011,Qazvin Islamic Azad University,IR,36.268768310546875,50.00410079956055
I4210113474,Kyungil University,KR,35.90872573852539,128.8011932373047
I12607205,University College Ghent,BE,51.04999923706055,3.716670036315918
I4210087931,Institute for Security Studies,KE,-1.2546340227127075,36.797607421875
I4210109416,Anhui Science and Technology University,CN,32.32194137573242,118.29778289794922
I94588446,Hongik University,KR,37.55054473876953,126.92535400390625
I181514455,International Institute of Information Technology Bangalore,IN,12.971940040588379,77.59368896484375
I4210094115,Laboratoire d'Informatique Algorithmique: Fondements et Applications,FR,48.85341,2.3488
I4210096782,"Laboratoire Pluridisciplinaire de Recherche en Ingénierie des Systèmes, Mécanique et Energétique",FR,47.902889251708984,1.9038900136947632
I4921948,Pusan National University,KR,35.10168,129.03004
I80281795,University of Otago,NZ,-45.87416,170.50361
I28006308,Shandong Normal University,CN,36.668331146240234,116.99722290039062
I170979836,Jadavpur University,IN,22.50076675415039,88.36820220947266
I2800935791,UC San Diego Health System,US,32.7157096862793,-117.16471862792969
I39555362,University of Warwick,GB,52.40656,-1.51217
I4210137199,Aerospace Information Research Institute,CN,40.070899963378906,116.28247833251953
I4210148296,Engene (Brazil),BR,-27.6005802154541,-48.60774230957031
I82724352,Universiti Teknologi MARA,MY,3.08507,101.53281
I189109744,Indian Institute of Technology Dhanbad,IN,23.797590255737305,86.42991638183594
I134705546,Teerthanker Mahaveer University,IN,28.83893,78.77684
I55547365,Payame Noor University,IR,35.80083465576172,51.502498626708984
I126477371,Mohammed V University,MA,34.013248443603516,-6.832550048828125
I127336678,Ecole Mohammadia d'Ingénieurs,MA,34.013248443603516,-6.832550048828125
I196038209,Hunan University of Arts and Science,CN,29.044517517089844,111.6718978881836
I166337079,Queen Mary University of London,GB,51.50853,-0.12574
I114027177,University of North Carolina at Chapel Hill,US,35.9132,-79.05584
I220050277,Emilio Aguinaldo College,PH,14.582280158996582,120.98600769042969
I152033890,Hainan Normal University,CN,20.034210205078125,110.34651184082031
I10535382,Chongqing University of Posts and Telecommunications,CN,29.560260772705078,106.55770874023438
I164861460,Manipal Academy of Higher Education,IN,13.35,74.78333
I4210148169,Eau de Paris (France),FR,48.83548355102539,2.3779170513153076
I48912391,Istanbul Technical University,TR,41.01383972167969,28.94965934753418
I4210132203,Ewha Womans University Medical Center,KR,37.566,126.9784
I32377083,Yangtze Normal University,CN,29.7509822845459,107.2627944946289
I181877577,Shanxi University,CN,37.86943817138672,112.5602798461914
I121980950,Utah State University,US,41.73548889160156,-111.83438873291016
I4210103279,IBM Research - India,IN,28.543174743652344,77.14822387695312
I4210110916,Engineering Software Steyr (Austria),AT,48.04020690917969,14.418408393859863
I114017466,University of Technology Sydney,AU,-33.86785,151.20732
I102516824,Université de Technologie de Compiègne,FR,49.41794,2.82606
I4210088387,Heuristics and Diagnostics for Complex Systems,FR,49.41794,2.82606
I4210108273,Agence Nationale de Sécurité du Médicament et des Produits de Santé,FR,48.93564,2.35387
I51441396,Bauhaus-Universität Weimar,DE,50.98030090332031,11.32903003692627
I205237279,Nankai University,CN,39.14221954345703,117.17666625976562
I193531525,George Washington University,US,38.89511,-77.03637
I4210139271,GIET University,IN,19.080400466918945,83.80879211425781
I157556583,Institute of Science and Technology Austria,AT,48.30521011352539,16.325220108032227
I157417397,Bowling Green State University,US,41.37477,-83.65132
I4210101247,American Committee for the Weizmann Institute of Science,US,40.749794006347656,-73.97492218017578
I158842170,Chongqing University,CN,29.560260772705078,106.55770874023438
I4210166615,INESC TEC,PT,41.14960861206055,-8.610989570617676
I154338468,University of Fribourg,CH,46.80237,7.15128
I2250650973,Samsung (South Korea),KR,37.566,126.9784
I859038795,Virginia Tech,US,37.22957,-80.41394
I929597975,National University of Sciences and Technology,PK,33.72148132324219,73.04328918457031
I891191580,Aalborg University,DK,57.048,9.9187
I24306055,Suffolk University,US,42.35886001586914,-71.06179809570312
I145380033,Amman Arab University,JO,32.11648178100586,35.88145446777344
I142066694,ITRI International,US,37.39521026611328,-121.92776489257812
I4210094983,ScienceSouth,US,34.1668815612793,-79.75027465820312
I110378019,Southern Illinois University Carbondale,US,37.72726821899414,-89.21675109863281
I28527212,Washington and Jefferson College,US,40.1739616394043,-80.24617004394531
I134626604,Jiujiang University,CN,29.72126007080078,115.99882507324219
I4210140281,Galois (United States),US,45.52345,-122.67621
I73544541,Mathematical Sciences Research Institute,US,37.88078308105469,-122.24449157714844
I9353105,Sudan University of Science and Technology,SD,15.599166870117188,32.51333236694336
I122140584,Universidade Federal do Rio de Janeiro,BR,-22.90641975402832,-43.18223190307617
I4210107525,National Center for High-Performance Computing,TW,24.80361,120.96861
I4210091712,Zhengzhou University of Science and Technology,CN,34.75777816772461,113.64861297607422
I44445938,Shandong Jianzhu University,CN,36.680206298828125,117.17942810058594
I4210128697,Buckingham Browne & Nichols,US,42.3709716796875,-71.135498046875
I1317578790,Federal Office for Information Security,DE,50.711090087890625,7.132635116577148
I1306686416,RTX (United States),US,38.88101,-77.10428
I4210146044,École Normale Supérieure de Rennes,FR,48.02458953857422,-1.7470899820327759
I10874241,"Jawaharlal Nehru Technological University, Hyderabad",IN,17.38405,78.45636
I50632499,Chongqing University of Technology,CN,29.560260772705078,106.55770874023438
I91277730,Maulana Azad National Institute of Technology,IN,23.254690170288086,77.40289306640625
I44635919,National Institute of Technology Delhi,IN,28.621370315551758,77.21479797363281
I4210162098,Athens Information Technology,GR,38.039920806884766,23.803003311157227
I145019703,Al-Zaytoonah University of Jordan,JO,31.955219268798828,35.945030212402344
I56409017,Nahrain University,IQ,33.340579986572266,44.40087890625
I82497590,Auburn University,US,32.60986,-85.48078
I39268498,University of Isfahan,IR,32.65245819091797,51.67462158203125
I196699116,Wuhan University of Technology,CN,30.583330154418945,114.26667022705078
I2800706911,Agence Nationale de la Recherche,FR,48.85341,2.3488
I146620803,Wenzhou University,CN,27.999420166015625,120.66681671142578
I125904092,Shenyang Aerospace University,CN,41.79222106933594,123.43277740478516
I4210147344,Malaysia University of Science and Technology,MY,3.1541810035705566,101.5960693359375
I4210137766,Institute for Advanced Study,DE,52.491519927978516,13.276505470275879
I906608882,St Xavier’s College,IN,23.02579,72.58727
I4210131908,Jeonbuk National University Hospital,KR,35.82194,127.14889
I80611190,Jeonbuk National University,KR,35.82194,127.14889
I27768575,University of Anbar,IQ,33.42055892944336,43.30778121948242
I2802635041,Technische Informationsbibliothek (TIB),DE,52.37052,9.73322
I91450128,Jazan University,SA,16.889169692993164,42.551109313964844
I891303086,MIMOS (Malaysia),MY,3.1412,101.68653
I59805279,Islamic University of Technology,BD,23.947555541992188,90.37980651855469
I15664174,Madurai Medical College,IN,9.919,78.11953
I181744264,Kharazmi University,IR,35.69438934326172,51.4215087890625
I162030827,Thapar Institute of Engineering & Technology,IN,30.33625030517578,76.39219665527344
I141371507,Soongsil University,KR,37.49638748168945,126.9574966430664
I918919364,Switch,CH,47.366668701171875,8.550000190734863
I83558840,Universidade Nova de Lisboa,PT,38.72509,-9.1498
I75418795,Fiji National University,FJ,-18.14160919189453,178.4414825439453
I4210152654,Korea Evaluation Institute of Industrial Technology,KR,35.83353805541992,128.55982971191406
I145561451,McDaniel College,US,39.57537841796875,-76.99581146240234
I141595442,University of Bucharest,RO,44.43225,26.10626
I155313962,West Pomeranian University of Technology,PL,53.42894,14.55302
I107613613,Information Technology Institute,EG,30.07102394104004,31.02118492126465
I91538806,King Mongkut's Institute of Technology Ladkrabang,TH,13.75398,100.50144
I4210125590,Institute for Systems Engineering and Computers,PT,38.72509,-9.1498
I182534213,Universidade do Porto,PT,41.1485,-8.61097
I177909021,Universidade Federal de São Carlos,BR,-22.017499923706055,-47.890830993652344
I3923682,Soochow University,CN,31.30408,120.59538
I57328836,North Dakota State University,US,46.87718963623047,-96.78980255126953
I4210165204,Zhuhai Institute of Advanced Technology,CN,22.27436065673828,113.56768798828125
I204512498,University of Macau,MO,22.20056,113.54611
I4210118093,Xianyang Normal University,CN,34.3377799987793,108.70260620117188
I78768145,Chihlee Institute of Technology,TW,25.047760009765625,121.53185272216797
I118373667,Seoul National University of Science and Technology,KR,37.63237380981445,127.0780258178711
I10232997,L. N. Gumilyov Eurasian National University,KZ,51.18009948730469,71.44597625732422
I123946342,Binghamton University,US,42.098690032958984,-75.91796875
I185163786,King Abdulaziz University,SA,21.49012,39.18624
I189712700,University of Konstanz,DE,47.66033172607422,9.175820350646973
I79238269,Universidad de Sevilla,ES,37.38283,-5.97317
I66943878,De Montfort University,GB,52.6386,-1.13169
I35357665,China University of Technology,TW,24.998233795166016,121.55501556396484
I4210086894,"Research Center for Information Technology Innovation, Academia Sinica",TW,25.04262351989746,121.61539459228516
I135714990,North University of China,CN,38.01193618774414,112.44290161132812
I24185976,Sichuan University,CN,30.66667,104.06667
I2799752099,Synergy University Dubai,AE,25.07725,55.30927
I33851549,Coimbatore Medical College and Hospital,IN,11.029471397399902,77.02262115478516
I61641377,Universitatea Națională de Știință și Tehnologie Politehnica București,RO,44.4322509765625,26.106260299682617
I876193797,Vellore Institute of Technology University,IN,12.9184,79.13255
I4210141780,Sri Manakula Vinayagar Medical College and Hospital,IN,11.921590805053711,79.6282958984375
I6750721,University of Montana,US,46.87215042114258,-113.99400329589844
I98259816,"Birkbeck, University of London",GB,51.50852966308594,-0.12574000656604767
I150406212,University of Khartoum,SD,15.55177,32.53241
I147962203,Democritus University of Thrace,GR,41.119171142578125,25.405349731445312
I138006243,University of Arizona,US,32.22174,-110.92648
I78757542,University of Newcastle Australia,AU,-32.92953,151.7801
I4210109528,PSG INSTITUTE OF TECHNOLOGY AND APPLIED RESEARCH,IN,11.005550384521484,76.96611785888672
I89440247,Myongji University,KR,37.580833435058594,126.92388916015625
I145286018,SRM Institute of Science and Technology,IN,12.82361125946045,80.0441665649414
I4210131147,SRM University,IN,28.994779586791992,77.01937103271484
I170558118,Sri Venkateswara University,IN,13.636002540588379,79.39298248291016
I1330693074,Walmart (United States),US,36.37285,-94.20882
I181647926,University of Strathclyde,GB,55.86515,-4.25763
I4210135765,Frontier Science Foundation-Hellas,GR,37.98376,23.72784
I123044942,Universitat Autònoma de Barcelona,ES,41.4910888671875,2.1407899856567383
I4210117275,STMicroelectronics (Belgium),BE,50.8869743347168,4.456295013427734
I102401767,University of Arkansas at Little Rock,US,34.74647903442383,-92.28958892822266
I4210133846,Peking University International Hospital,CN,39.99692153930664,116.31441497802734
I324100,Bowie State University,US,39.01948165893555,-76.75826263427734
I1311688040,Amazon (United States),US,47.60621,-122.33207
I4210130984,Safran Electronics (Canada),CA,44.26201248168945,-78.35159301757812
I174015415,Morpho (United States),US,33.710628509521484,-117.85514068603516
I33849332,University of Malaya,MY,3.1412,101.68653
I122346577,University of Modena and Reggio Emilia,IT,44.64783,10.92539
I42894916,Data61,AU,-33.86785125732422,151.2073211669922
I4210153002,American Friends of Tel Aviv University,US,40.70708084106445,-74.01347351074219
I154130895,University of Auckland,NZ,-36.84853,174.76349
I180726961,Shenzhen University,CN,22.54553985595703,114.06829833984375
I46700001,Rajiv Gandhi University of Knowledge Technologies,IN,19.67203,78.5359
I36721946,Kuwait University,KW,29.367,47.97429
I4210166461,Software Technology and Applications Competence Center,EE,58.377113342285156,26.7254638671875
I6573832,Turgut Özal University,TR,39.97228240966797,32.825164794921875
I61937129,Jackson State University,US,32.295982360839844,-90.20465850830078
I126231945,Queen's University Belfast,GB,54.59682,-5.92541
I4210148827,"Birla Institute of Technology and Science, Pilani - Goa Campus",IN,15.389981269836426,73.87786102294922
I159219196,Rajasthan Technical University,IN,25.14139175415039,75.8034896850586
I80947539,Fuzhou University,CN,26.061389923095703,119.30610656738281
I2738703131,Commissariat à l'Énergie Atomique et aux Énergies Alternatives,FR,48.85341,2.3488
I4210085861,Laboratoire d'Intégration des Systèmes et des Technologies,FR,48.71828,2.2498
I4210091511,Centre de Mathématiques Laurent Schwartz,FR,48.71828,2.2498
I39327780,iMinds,BE,51.04999923706055,3.716670036315918
I4210141777,Academic College of Tel Aviv-Yafo,IL,32.04792785644531,34.760921478271484
I147727580,Dr. Bhim Rao Ambedkar University,IN,27.18333,78.01667
I133978751,Rashtrasant Tukadoji Maharaj Nagpur University,IN,21.14631,79.08491
I877176835,University of Guilan,IR,37.19422149658203,49.63624954223633
I59433898,Brunel University of London,GB,51.50853,-0.12574
I174458059,National Technical University of Athens,GR,37.983760833740234,23.727840423583984
I4210123702,Laboratoire des Sciences et Techniques de l’Information de la Communication et de la Connaissance,FR,48.39029,-4.48628
I110200422,Universidade Federal de Minas Gerais,BR,-19.871904373168945,-43.96624755859375
I4210090096,Aisino (China),CN,39.98170471191406,116.45372772216797
I4210133876,Intel (Taiwan),TW,25.05231475830078,121.6068344116211
I185443292,Wayne State University,US,42.33143,-83.04575
I24541011,Soonchunhyang University,KR,37.566,126.9784
I74525822,Hubei University of Technology,CN,30.583330154418945,114.26667022705078
I141649914,Nanchang University,CN,28.6839599609375,115.85305786132812
I73142707,Athens University of Economics and Business,GR,37.983760833740234,23.727840423583984
I4210122954,MIT Lincoln Laboratory,US,42.458980560302734,-71.26749420166016
I4387153010,Télécom SudParis,FR,48.63389,2.44417
I4405261500,"Services répartis, Architectures, MOdélisation, Validation, Administration des Réseaux",FR,48.63389,2.44417
I148099405,Xi'an University of Architecture and Technology,CN,34.258331298828125,108.9286117553711
I56934997,Changsha University of Science and Technology,CN,28.095895767211914,112.98870849609375
I131827901,STMicroelectronics (Switzerland),CH,46.16428756713867,6.102124214172363
I4210154781,STMicroelectronics (Italy),IT,45.49846267700195,9.035076141357422
I184693016,China Medical University,TW,24.146900177001953,120.68389892578125
I131868736,Prince of Songkla University,TH,7.19882,100.5951
I200576644,HRL Laboratories (United States),US,34.0257682800293,-118.78040313720703
I205274468,Trinity College Dublin,IE,53.33306121826172,-6.248889923095703
I45683168,Polytechnique Montréal,CA,45.50884,-73.58781
I119045251,Huaqiao University,CN,24.47978973388672,118.08187103271484
I63920570,Tennessee Technological University,US,36.162841796875,-85.50164031982422
I4210109466,"CR Rao Advanced Institute of Mathematics, Statistics and Computer Science",IN,17.452606201171875,78.34175872802734
I2802076133,University of Koblenz and Landau,DE,49.98419,8.2791
I4387153937,Universität Koblenz,,50.35356903076172,7.578829765319824
I145897649,Minzu University of China,CN,39.907501220703125,116.39723205566406
I55215948,Tata Consultancy Services (India),IN,18.519569396972656,73.8553466796875
I4210126530,Data Assurance and Communication Security,CN,39.97317886352539,116.21625518798828
I4210092198,University of Michigan–Flint,US,43.01253,-83.68746
I31590910,Jianghan University,CN,30.583330154418945,114.26667022705078
I149851306,National Academy of Sciences of Ukraine,UA,50.45466,30.5238
I4210156878,V.M. Glushkov Institute of Cybernetics,UA,50.45466,30.5238
I119449181,Technische Universität Ilmenau,DE,50.68322,10.91858
I2613432,University of South Florida,US,27.94752,-82.45843
I1323252656,Information Technology University,PK,31.558000564575195,74.3507080078125
I166455938,University of Babylon,IQ,32.46366882324219,44.41962814331055
I126633494,University of Basrah,IQ,30.508520126342773,47.780399322509766
I153230381,Charles Sturt University,AU,-33.430023193359375,149.56556701660156
I4210102433,Gemalto (France),FR,48.81380844116211,2.234999895095825
I25112270,Universidade Federal de Pernambuco,BR,-8.053890228271484,-34.88111114501953
I60342839,Qatar University,QA,25.377225875854492,51.48714828491211
I201384688,National University of Computer and Emerging Sciences,PK,33.72148132324219,73.04328918457031
I48566637,Ulsan National Institute of Science and Technology,KR,35.53722,129.31667
I188973947,Novosibirsk State University,RU,55.041500091552734,82.93460083007812
I4210140930,Thales (France),FR,48.85340881347656,2.34879994392395
I4210122939,Minda Hospital,CN,30.28197479248047,109.49983978271484
I78037679,UiT The Arctic University of Norway,NO,69.6489,18.95508
I4210089192,Chengdu Institute of Information Technology (China),CN,30.63068199157715,104.07362365722656
I138689650,University of Padua,IT,45.40797,11.88586
I137867983,Central University of Finance and Economics,CN,39.907501220703125,116.39723205566406
I4528857,University of Kuala Lumpur,MY,3.141200065612793,101.68653106689453
I4210094264,National Institute of Technical Teachers’ Training and Research,IN,23.24169158935547,77.39241790771484
I4210094717,National Institute of Technical Teachers Training and Research,IN,30.73023796081543,76.8070068359375
I83791580,Fujian University of Technology,CN,26.061389923095703,119.30610656738281
I4210162213,China Electronics Standardization Institute,CN,39.778621673583984,116.53685760498047
I4210159390,Loyola Medicine,US,41.91065216064453,-87.84270477294922
I312958679,National University of Science and Technology,ZW,-20.149999618530273,28.583330154418945
I190752583,ParisTech,FR,48.85341,2.3488
I161929037,Université de Bretagne Occidentale,FR,48.39029,-4.48628
I4210117495,Dr. Reddy's Laboratories (India),IN,17.433185577392578,78.42974090576172
I114150738,Fu Jen Catholic University,TW,25.047760009765625,121.53185272216797
I1330855593,Vel Tech Rangarajan Dr. Sagunthala R&D Institute of Science and Technology,IN,13.08784008026123,80.27847290039062
I138876546,Vels University,IN,13.08784008026123,80.27847290039062
I4387153849,Internet Initiative Japan,,35.68949890136719,139.69171142578125
I197907453,Akdeniz University,TR,36.908119201660156,30.695560455322266
I4210125177,Wuxi No.2 People's Hospital,CN,31.570079803466797,120.30502319335938
I4210089636,"Entrepôts, Représentation et Ingénierie des Connaissances",FR,45.696510314941406,4.943850040435791
I36515993,Eastern Mediterranean University,CY,35.12489,33.94135
I56287899,Maharshi Dayanand Saraswati University,IN,26.505229949951172,74.68090057373047
I137056471,Nanjing University of Finance and Economics,CN,32.086334228515625,118.76039123535156
I144536108,Apache (Canada),CA,51.05011,-114.08529
I61544103,London Business School,GB,51.50852966308594,-0.12574000656604767
I91123046,University of Latvia,LV,56.946,24.10589
I4210103394,Seva Mandir,IN,24.58584,73.71346
I108108428,Thammasat University,TH,13.753979682922363,100.5014419555664
I1317621060,Indian Institute of Technology Guwahati,IN,26.18440055847168,91.74579620361328
I125956826,Arkansas State University,US,35.84230041503906,-90.70427703857422
I4210091137,NetEase (China),CN,39.90593719482422,116.31217956542969
I47605537,The Hang Seng University of Hong Kong,CN,22.38333,114.18333
I2929663463,Technicolor (Germany),DE,50.11552047729492,8.68416976928711
I4210158888,Technicolor (United States),US,39.76650619506836,-86.15679168701172
I98677209,University of Edinburgh,GB,55.95206,-3.19648
I4210123216,Rudjer Boskovic Institute,HR,45.81444,15.97798
I4210138561,Research Centre Imarat,IN,17.262903213500977,78.49127960205078
I91044093,Zayed University,AE,24.45117950439453,54.3969612121582
I74796645,"Birla Institute of Technology and Science, Pilani",IN,28.367250442504883,75.60352325439453
I4210114268,Scytl (Spain),ES,41.392845153808594,2.1559040546417236
I158193983,Deutsche Bank (Germany),DE,50.12914276123047,8.57508373260498
I2800284293,Fondation de France,FR,48.87041091918945,2.3552041053771973
I110357561,University of the Sciences,US,39.9523811340332,-75.16361999511719
I41802502,Kanagawa University,JP,35.43333053588867,139.64999389648438
I5847235,University of Petroleum and Energy Studies,IN,30.32443,78.03392
I198645480,North China University of Water Resources and Electric Power,CN,34.75778,113.64861
I4210095018,National Center for Mathematics and Interdisciplinary Sciences,CN,39.907501220703125,116.39723205566406
I137674396,RK University,IN,22.239269256591797,70.90202331542969
I1309849503,RAND Corporation,US,34.00959777832031,-118.49066925048828
I4210098796,Cybernetica (Norway),NO,63.390872955322266,10.396235466003418
I189158971,United States Naval Academy,US,38.97859,-76.49184
I4210134091,Yahoo (United States),US,37.41718292236328,-122.02499389648438
I4210152380,Shenzhen Technology University,CN,22.54553985595703,114.06829833984375
I101786783,Government Medical College,IN,30.328100204467773,76.38619995117188
I148297040,Netherlands Organisation for Applied Scientific Research,NL,52.00667,4.35556
I13985625,East China Jiaotong University,CN,28.6839599609375,115.85305786132812
I4401200243,Institut Teknologi dan Sains Mandala,,-8.172109603881836,113.69953155517578
I1516879,Tarbiat Modares University,IR,35.69438934326172,51.4215087890625
I174748290,Kainan University,TW,25.01259994506836,121.2697982788086
I181343428,University of Zagreb,HR,45.81444,15.97798
I9086337,Taiyuan University of Technology,CN,37.86943817138672,112.5602798461914
I174104030,Taiyuan Normal University,CN,37.86943817138672,112.5602798461914
I39521962,Hunan City University,CN,28.589170455932617,112.32833099365234
I185940356,Soochow University,TW,25.095285415649414,121.545654296875
I4210148060,Université de Saida Dr.Moulay Tahar,DZ,34.83032989501953,0.15171000361442566
I4210140966,Islamic Azad University Dolatabad,IR,32.80531311035156,51.71338653564453
I4210161797,Ferrari (Italy),IT,44.532379150390625,10.863801956176758
I4210105926,Institute of Mathematics and Informatics,BG,42.69751,23.32415
I4210120266,"Czech Academy of Sciences, Institute of Mathematics",CZ,50.08803939819336,14.420760154724121
I4210094759,Fujitsu (United States),US,37.37980270385742,-121.99176788330078
I188760350,Ollscoil na Gaillimhe – University of Galway,IE,53.2724494934082,-9.050950050354004
I32389192,University of Alabama at Birmingham,US,33.52066,-86.80249
I169877490,University of Mumbai,IN,19.07283,72.88261
I4210105966,European Center for Information and Communication Technologies,DE,52.48281478881836,13.357165336608887
I117965899,University of Hawaiʻi at Mānoa,US,21.30694,-157.85833
I4210128801,Helmholtz Center for Information Security,DE,49.23262023925781,7.009819984436035
I74319210,Chitkara University,IN,30.736289978027344,76.78839874267578
I4210163890,Langfang Normal University,CN,39.50971984863281,116.69471740722656
I200641316,Musashino University,JP,35.68949890136719,139.69171142578125
I51504820,San Jose State University,US,37.33938980102539,-121.89495849609375
I4210116376,SUNY Korea,KR,37.377017974853516,126.6667709350586
I1287845142,VillageReach,US,47.64738464355469,-122.32421112060547
I58610484,Seattle University,US,47.60620880126953,-122.33206939697266
I4210151458,Microsoft (Belgium),BE,47.63972091674805,-122.12833404541016
I48018076,Christ University,IN,12.97194,77.59369
I8975392,Osmania University,IN,17.38405,78.45636
I157582758,SingHealth,SG,1.28967,103.85007
I36243813,Universidad Nacional de Colombia,CO,4.609710216522217,-74.08174896240234
I191972202,Amity University,IN,28.58,77.33
I2801771032,"Islamic Azad University, Arak",IR,34.102333068847656,49.7122688293457
I43814544,Sathyabama Institute of Science and Technology,IN,12.872981071472168,80.22177124023438
I17442442,State Grid Corporation of China (China),CN,39.9075,116.39723
I4210126065,Shanghai Electric (China),CN,31.175798416137695,121.38681030273438
I31595395,Chengdu University of Technology,CN,30.666669845581055,104.0666732788086
I4210149016,École Nationale Supérieure d'Informatique,DZ,36.70521926879883,3.1739161014556885
I204291657,Hosei University,JP,35.695556640625,139.74139404296875
I263208278,Hazara University,PK,34.420143127441406,73.24873352050781
I137534880,Southern Federal University,RU,47.23134994506836,39.72328186035156
I4210108443,Advanced Digital Sciences Center,SG,1.2896699905395508,103.85006713867188
I66513531,Fayoum University,EG,29.30994987487793,30.841800689697266
I75951250,Freie Universität Berlin,DE,52.52437,13.41053
I100722782,Fukuoka Institute of Technology,JP,33.695556640625,130.43943786621094
I28221208,Institut National des Sciences Appliquées de Rennes,FR,48.11198043823242,-1.6742899417877197
I185839726,Institut Universitaire de France,FR,48.847469329833984,2.348695993423462
I227306068,Ondokuz Mayıs University,TR,41.27975845336914,36.33610153198242
I102373834,Bryn Mawr College,US,40.01982879638672,-75.30462646484375
I156087764,"University of California, Merced",US,37.30215835571289,-120.48297119140625
I4210161422,Environmental Protection Department of Jiangsu Province,CN,32.061607360839844,118.76019287109375
I904009604,Ondo State University of Science and Technology,NG,7.09316,4.83528
I882953328,Furtwangen University,DE,48.05149841308594,8.2076997756958
I8692664,University of Oklahoma,US,35.22257,-97.43948
I4210141511,TUBITAK BILGEM,TR,40.786354064941406,29.445589065551758
I12553626,University of Zululand,ZA,-28.76197052001953,31.89328956604004
I228616957,Inner Mongolia University of Finance and Economics,CN,40.83774185180664,111.6664047241211
I76835614,University of Missouri,US,38.95171,-92.33407
I64852412,Sichuan University of Science and Engineering,CN,29.334426879882812,104.76506042480469
I4210148705,"Institute of Systems, Information Technologies and Nanotechnologies",JP,33.593318939208984,130.35589599609375
I4210113821,"Indian Institute of Information Technology, Pune",IN,18.760604858398438,73.75599670410156
I12870472,Birmingham City University,GB,52.48142,-1.89983
I114845381,National Institute of Technology Calicut,IN,11.24802017211914,75.78040313720703
I4210117317,Tianjin Open University,CN,39.114402770996094,117.14960479736328
I154833797,Lingnan Normal University,CN,21.233909606933594,110.38748931884766
I55061410,U.S. Air Force Institute of Technology,US,39.758949279785156,-84.19161224365234
I39587148,Wichita State University,US,37.69224166870117,-97.33753967285156
I41641357,Ege University,TR,38.4127311706543,27.13838005065918
I109147379,NXP (Netherlands),NL,51.44083023071289,5.477779865264893
I4210152422,Université Toulouse - Jean Jaurès,FR,43.60426,1.44367
I3131550300,Université Toulouse-I-Capitole,FR,43.60426,1.44367
I4210160189,Institut Polytechnique de Bordeaux,FR,44.84044,-0.5805
I4210119061,Institut de Recherche en Informatique de Toulouse,FR,43.60426,1.44367
I134560555,Université Toulouse III - Paul Sabatier,FR,43.60426,1.44367
I4210124601,Department of Mathematical Sciences,RU,55.752220153808594,37.61555862426758
I4210153300,Shanghai Research Center for Wireless Communications,CN,31.21794891357422,121.4178695678711
I4210150356,University of Washington Tacoma,US,47.25288009643555,-122.44429016113281
I183974707,Perimeter Institute,CA,43.466800689697266,-80.51638793945312
I4210096899,Jiangsu University of Science and Technology,CN,32.21086120605469,119.455078125
I146617529,Applied Science and Technology Research Institute,CN,22.424047470092773,114.21282958984375
I99041443,Mississippi State University,US,33.45049,-88.81961
I4210093787,Herzliya Medical Center,IL,32.17845153808594,34.80287551879883
I4210086780,Japan Science and Technology Agency,JP,35.6895,139.69171
I182722699,Shenzhen Polytechnic,CN,22.54554,114.0683
I184565670,Georgetown University,US,38.89511,-77.03637
I4210093565,Guru Nanak Eye Centre,IN,28.638595581054688,77.232666015625
I15766328,Universitat de Lleida,ES,41.61674118041992,0.6221799850463867
I4210088322,Centre de Gestion Scientifique,FR,48.85341,2.3488
I4210115519,Centre de Recherche en Informatique,FR,48.40908,2.70177
I32062511,Heriot-Watt University,GB,55.95206069946289,-3.1964800357818604
I2800381926,Musashino Academia Musicae,JP,35.74155044555664,139.67189025878906
I1308321612,Ministry of Higher Education,MY,2.93527,101.69112
I95793202,Otto-von-Guericke-Universität Magdeburg,DE,52.12773,11.62916
I4210142126,Jiangsu Provincial Key Laboratory of Network and Information Security,CN,32.0556755065918,118.79389953613281
I139024713,Guangdong University of Technology,CN,23.03895378112793,113.39608001708984
I52179390,University of Waikato,NZ,-37.783329010009766,175.2833251953125
I119856527,Cadi Ayyad University,MA,31.634159088134766,-7.999939918518066
I70451448,HAW Hamburg,DE,53.55073,9.99302
I109009565,Dokkyo University,JP,35.9080696105957,139.6565704345703
I4210167232,PLA Air Force Aviation University,CN,43.84292984008789,125.32341766357422
I28022161,King Saud University,SA,24.68773,46.72185
I16076960,COMSATS University Islamabad,PK,33.6528434753418,73.15654754638672
I151939572,Athlone Institute of Technology,IE,53.42277908325195,-7.937220096588135
I4210099593,Computer Algorithms for Medicine,AT,47.04371643066406,15.439555168151855
I180437899,University of Bremen,DE,53.07582,8.80717
I4210146936,Huawei Technologies (United States),US,33.07090377807617,-96.82003021240234
I108377105,Tainan University of Technology,TW,23.040069580078125,120.23931121826172
I121296143,Hunan University of Science and Technology,CN,27.850000381469727,112.9000015258789
I152815399,Singapore University of Technology and Design,SG,1.28967,103.85007
I142809039,"Jawaharlal Nehru Technological University, Kakinada",IN,16.96036,82.23809
I212738717,Dwarkadas J. Sanghvi College of Engineering,IN,19.072830200195312,72.88260650634766
I4210118728,State Key Laboratory of Information Engineering in Surveying Mapping and Remote Sensing,CN,30.583330154418945,114.26667022705078
I14243506,Hong Kong Polytechnic University,HK,22.27832,114.17469
I167383011,Henan University of Science and Technology,CN,34.68360900878906,112.45361328125
I105094715,National Institute of Technology Kurukshetra,IN,30.0,76.75
I921990950,University of Colorado Denver,US,39.73915100097656,-104.98470306396484
I4210129154,Centre Val de Loire,FR,47.394840240478516,0.703980028629303
I4210143826,Institut National des Sciences Appliquées Centre Val de Loire,FR,47.59432,1.32912
I52035452,Jawaharlal Nehru Technological University Anantapur,IN,14.677840232849121,77.6081314086914
I23171815,Zhengzhou University of Light Industry,CN,34.75777816772461,113.64861297607422
I4210166862,Advanced Engineering (Czechia),CZ,50.08804,14.42076
I132118926,Austrian Institute of Technology,AT,48.20849,16.37208
I131249849,Oregon State University,US,44.56457,-123.26204
I114395901,University of Nebraska–Lincoln,US,40.8,-96.66696
I530967,Toronto Metropolitan University,CA,43.70643,-79.39864
I142910587,University of Salento,IT,40.35481,18.17244
I4210087012,Techniques of Informatics and Microelectronics for Integrated Systems Architecture,FR,45.17869,5.71479
I2746051580,Université Paris Sciences et Lettres,FR,48.85341,2.3488
I19880235,Lomonosov Moscow State University,RU,55.75222,37.61556
I57825437,University of Neuchâtel,CH,46.991790771484375,6.931000232696533
I155907036,Solapur University,IN,17.72477912902832,75.84136962890625
I157264075,Sangmyung University,KR,37.5729,126.97928
I4210106931,Jiaxing Vocational Technical College,CN,30.747100830078125,120.71562194824219
I144291393,Data Storage Institute,SG,1.2855960130691528,103.85027313232422
I53465836,Bangalore University,IN,12.97194,77.59369
I176808543,Liaoning Technical University,CN,42.015560150146484,121.65888977050781
I75689368,Communication University of China,CN,39.907501220703125,116.39723205566406
I99908691,Yuan Ze University,TW,24.96971893310547,121.26747131347656
I4210099310,Consorzio Nazionale Interuniversitario per le Telecomunicazioni,IT,44.79935073852539,10.326180458068848
I933318745,Dehradun Institute of Technology University,IN,30.324430465698242,78.03392028808594
I4210123571,Huawei Technologies (France),FR,48.83311080932617,2.2593510150909424
I4210130378,Tech Mahindra (India),IN,12.91030216217041,80.22306823730469
I4210162091,Bellbrook Labs (United States),US,42.996768951416016,-89.42207336425781
I4387152191,Global Academy of Technology,,12.971940040588379,77.59368896484375
I4210095483,The Third Institute of the Ministry of Public Security,CN,31.207189559936523,121.45191955566406
I1302611135,Ministry of Public Security of the People's Republic of China,CN,39.907501220703125,116.39723205566406
I122558511,Universidade Federal de Mato Grosso do Sul,BR,-20.442779541015625,-54.64638900756836
I8541234,University College of Bahrain,BH,26.22787,50.58565
I1339224429,Naval Information Warfare Center Pacific,US,32.7157096862793,-117.16471862792969
I277688954,Université Paris-Saclay,FR,48.68333,2.13333
I4210093530,City College,US,26.187889099121094,-80.17095184326172
I192578771,Rose–Hulman Institute of Technology,US,39.46670150756836,-87.41390991210938
I126863827,Pace University,US,40.714271545410156,-74.00596618652344
I4210154338,Hubei Engineering University,CN,30.926889419555664,113.92221069335938
I4210101778,Samsung (United States),US,40.85704040527344,-74.02153015136719
I4387153255,"École Nationale Supérieure d'Électrotechnique, d'Électronique, d'Informatique, d'Hydraulique et des Télécommunications",FR,43.60426,1.44367
I205747304,Institut National Polytechnique de Toulouse,FR,43.60426,1.44367
I50783897,K J Somaiya Medical College,IN,19.07283,72.88261
I126345244,Portland State University,US,45.5234489440918,-122.67620849609375
I1310264347,IIT Research Institute,US,41.83133316040039,-87.62731170654297
I94658018,University of Memphis,US,35.14952850341797,-90.04898071289062
I24407930,Hunan University of Science and Engineering,CN,25.97138023376465,119.64571380615234
I4210095297,MIT University,MK,41.982421875,21.45501708984375
I4391768271,State Key Laboratory of Software Engineering,,31.0,112.25
I53210213,Istanbul Commerce University,TR,41.01383972167969,28.94965934753418
I1334819555,Memorial Sloan Kettering Cancer Center,US,40.714271545410156,-74.00596618652344
I181565077,Georgia State University,US,33.749000549316406,-84.38797760009766
I4210133257,KPR Institute of Engineering and Technology,IN,11.005550384521484,76.96611785888672
I4210093896,Tohoku University Hospital,JP,38.26667022705078,140.86666870117188
I32597200,Ghent University,BE,51.05,3.71667
I4210099082,QuSoft,NL,52.35750961303711,4.952426910400391
I27688046,Hunan Institute of Engineering,CN,27.850000381469727,112.9000015258789
I4210136246,China Telecom (China),CN,28.192447662353516,113.01984405517578
I4210127363,Institute of Management Sciences Peshawar,PK,34.007999420166016,71.5784912109375
I4210105229,"City University of Hong Kong, Shenzhen Research Institute",CN,22.54553985595703,114.06829833984375
I1331384533,University of Hawaii System,US,21.30694007873535,-157.85833740234375
I223532165,University of Utah,US,40.76078,-111.89105
I9523339,National Institute of Technology Meghalaya,IN,25.57379913330078,91.89420318603516
I16764540,University of Suwon,KR,37.210140228271484,126.97699737548828
I8778637,National Institute of Technology Srinagar,IN,34.08565139770508,74.80554962158203
I83205935,Malaviya National Institute of Technology Jaipur,IN,26.919620513916016,75.78781127929688
I4210118524,Université Bourgogne Franche-Comté,FR,47.24878,6.01815
I4210145640,QuTech,NL,52.00141906738281,4.3736701011657715
I60134161,Nagoya University,JP,35.18146896362305,136.90640258789062
I3123573182,Transylvania University of Brașov,RO,45.64860916137695,25.606130599975586
I2800102766,Idaho National Laboratory,US,43.46658,-112.03414
I2802204017,Université de Bretagne Sud,FR,47.74817,-3.37177
I4210101306,Integrated Chinese Medicine (China),CN,22.30025291442871,114.17770385742188
I117841876,Université Paris-Panthéon-Assas,FR,48.85341,2.3488
I51101395,Université Paris 1 Panthéon-Sorbonne,FR,48.85341,2.3488
I4210095777,Centre de Recherche sur l'Information Scientifique et Technique,DZ,36.75929641723633,3.004081964492798
I151903974,National Institute Of Technology Silchar,IN,24.82733,92.79787
I4210149611,Seismological Bureau of Shanghai,CN,31.237741470336914,121.40882110595703
I4210114274,Laboratoire d’Informatique et Systèmes,FR,43.29695129394531,5.381070137023926
I4210153608,Université Moulay Ismail de Meknes,MA,33.89352035522461,-5.547269821166992
I36053171,"California State University, Chico",US,39.72848892211914,-121.83747863769531
I197191942,St. Francis Xavier University,CA,45.616851806640625,-61.99858093261719
I40034438,Universidade do Estado do Rio de Janeiro,BR,-22.90641975402832,-43.18223190307617
I1327237609,Ministry of Education of the People's Republic of China,CN,39.9075,116.39723
I11039511,University of Bergamo,IT,45.69601058959961,9.66720962524414
I141591182,University of Aizu,JP,37.52367401123047,139.93807983398438
I52170813,Ariel University,IL,32.1065,35.18449
I75955062,Henan Normal University,CN,35.32438278198242,113.92017364501953
I84475105,Embry–Riddle Aeronautical University,US,29.18796730041504,-81.04686737060547
I80687555,Israel Electric (Israel),IL,32.785587310791016,34.964752197265625
I4210117090,Tenet 3 (United States),US,39.66172790527344,-84.19485473632812
I45029084,City University of Seattle,US,47.617401123046875,-122.34449768066406
I15873915,Mustansiriyah University,IQ,33.340579986572266,44.40087890625
I59897056,"California State University, Long Beach",US,33.76696014404297,-118.1892318725586
I4210096616,Telnet Redes Inteligentes (Spain),ES,41.56452941894531,-1.090559959411621
I2800887215,Tunisia Polytechnic School,TN,36.879615783691406,10.336488723754883
I4210086032,Institut Supérieur des Études Technologiques de Gafsa,TN,34.42499923706055,8.784170150756836
I120250893,New York University Abu Dhabi,AE,24.45118,54.39696
I4210103792,Centre Max Weber,FR,45.74846,4.84671
I155093810,University of Idaho,US,46.732391357421875,-117.00016784667969
I3131625388,University Town of Shenzhen,CN,22.593704223632812,113.9711685180664
I51158804,Massey University,NZ,-40.35636,175.61113
I88713005,Flensburg University of Applied Sciences,DE,54.78430938720703,9.43960952758789
I207223250,Indian Institute of Information Technology Design and Manufacturing Jabalpur,IN,23.166969299316406,79.95005798339844
I2800889234,Manubhai Patel Dental College and Hospital,IN,22.29941,73.20812
I154970844,Jaypee Institute of Information Technology,IN,28.58,77.33
I4210088715,FH Campus Wien,AT,48.20849,16.37208
I234615573,Rani Durgavati University,IN,23.16103744506836,79.97871398925781
I171256487,University of Technology - Iraq,IQ,33.340579986572266,44.40087890625
I13469542,Vrije Universiteit Brussel,BE,50.85044860839844,4.348780155181885
I175124709,Süleyman Demirel University,TR,37.76443862915039,30.55221939086914
I4210120887,Scientific Analysis Group,IN,28.550342559814453,77.23503875732422
I4210094966,Marwadi Education Foundation,IN,22.291610717773438,70.79322052001953
I4210123021,Chongqing Institute of Green and Intelligent Technology,CN,29.560260772705078,106.55770874023438
I98499257,Kalasalingam Academy of Research and Education,IN,9.512720108032227,77.6336898803711
I4210125507,Chouaib Doukkali University,MA,33.25682067871094,-8.508819580078125
I96852419,Capital Normal University,CN,39.907501220703125,116.39723205566406
I4210131793,Infineon Technologies (Austria),AT,46.595909118652344,13.856895446777344
I198244214,Université Clermont Auvergne,FR,45.77969,3.08682
I4210143989,Bansal Institute Of Research Technology & Science,IN,23.26881217956543,77.50883483886719
I65674248,Visvesvaraya Technological University,IN,15.85212,74.50447
I44675526,Shanghai Ocean University,CN,31.222219467163086,121.45806121826172
I4210151540,Innaxis Foundation & Research Institute,ES,40.43012619018555,-3.6834630966186523
I875944469,Koneru Lakshmaiah Education Foundation,IN,16.507450103759766,80.64659881591797
I6507939,China United Network Communications Group (China),CN,39.91457748413086,116.35852813720703
I918117844,Organisation Mondiale de la Santé Animale,FR,48.85340881347656,2.34879994392395
I79516672,University of Louisiana at Lafayette,US,30.224090576171875,-92.01983642578125
I143663144,Research Institute for Advanced Computer Science,US,37.386051177978516,-122.08384704589844
I162868743,Tianjin University,CN,39.14221954345703,117.17666625976562
I4210140988,Cairo Higher Institute,EG,30.0155086517334,31.312786102294922
I20497027,Cochin University of Science and Technology,IN,9.93988037109375,76.26022338867188
I4210092646,Calgary Laboratory Services,CA,51.088722229003906,-114.15788269042969
I4387152551,Society for Electronic Transactions and Security,,13.08784008026123,80.27847290039062
I257545875,"Hunan University of Humanities, Science and Technology",CN,27.713525772094727,112.00624084472656
I4210105460,Shanghai Institute of Measurement and Testing Technology,CN,31.181541442871094,121.38314819335938
I80543232,K.N.Toosi University of Technology,IR,35.74806213378906,51.44424819946289
I4210147745,West Anhui University,CN,31.73560905456543,116.51687622070312
I143288331,Hasso Plattner Institute,DE,52.398860931396484,13.06566047668457
I4210109276,National Institute of Technology Goa,IN,15.403409957885742,74.01519012451172
I4210131589,Ericsson (Hungary),HU,47.475772857666016,19.057992935180664
I37426187,Stockholm Environment Institute,US,42.403072357177734,-71.11971282958984
I3132704155,Udon Thani Rajabhat University,TH,17.397855758666992,102.79438781738281
I4210109712,Max Planck Institute for Informatics,DE,49.25777816772461,7.04555606842041
I2802014819,Government of Gujarat,IN,23.29119300842285,72.56761169433594
I165682329,Guru Nanak Dev University,IN,31.622339248657227,74.8753433227539
I94616015,Punjab Technical University,IN,31.356386184692383,75.43925476074219
I110166357,University of Delhi,IN,28.62137,77.2148
I4210094876,Ministry of Education,SA,24.68773,46.72185
I192398990,Zagazig University,EG,30.58768081665039,31.50200080871582
I2801452159,Vignana Jyothi Institute of Management,IN,17.38405,78.45636
I165799507,Rensselaer Polytechnic Institute,US,42.72840881347656,-73.69178771972656
I4210099416,"Laboratoire d'Informatique, de Modélisation et d'Optimisation des Systèmes",FR,45.75082,3.11078
I94951947,University of Westminster,GB,51.52202224731445,-0.15460899472236633
I177181097,Durban University of Technology,ZA,-29.853557586669922,31.00594139099121
I155419210,"Islamic Azad University, Science and Research Branch",IR,35.782569885253906,51.317237854003906
I56722557,Trinity College,US,41.763710021972656,-72.68508911132812
I4401726785,Microsoft Research New York City (United States),,40.714271545410156,-74.00596618652344
I134635517,Bandung Institute of Technology,ID,-6.922220230102539,107.60694122314453
I134140186,NIIT (India),IN,28.528345108032227,77.27959442138672
I4210123960,NIIT University,IN,28.04932,76.40388
I156983542,Jordan University of Science and Technology,JO,32.55556106567383,35.849998474121094
I142608572,Prince Sattam Bin Abdulaziz University,SA,24.155410766601562,47.334571838378906
I87182695,Universidad del Noreste,MX,22.28339958190918,-97.87220001220703
I155125381,Galgotias University,IN,28.49614906311035,77.5360107421875
I354108,Minjiang University,CN,26.061389923095703,119.30610656738281
I4210137033,Istituto di Matematica Applicata e Tecnologie Informatiche,IT,45.20236587524414,9.13697338104248
I210043505,North-Caucasus Federal University,RU,45.04083251953125,41.9102783203125
I4387155292,Indian Institute of Information Technology Sri City,,13.529919624328613,79.99519348144531
I4210129850,Délégation Paris 6,FR,48.85340881347656,2.34879994392395
I19268510,Qualcomm (United Kingdom),GB,51.29653549194336,-0.7547379732131958
I167322064,Università degli Studi eCampus,IT,45.69807815551758,9.120739936828613
I161024014,Kwangwoon University,KR,37.62009811401367,127.05599975585938
I43439940,University of Southampton,GB,50.90395,-1.40428
I233209018,University of Abou Bekr Belkaïd,DZ,34.87833023071289,-1.315000057220459
I8078737,Clemson University,US,34.683441162109375,-82.83737182617188
I4210148469,Visa (United States),US,37.55855178833008,-122.27108001708984
I141197729,Northcentral University,US,32.91110610961914,-117.2437973022461
I11983389,Manchester Metropolitan University,GB,53.48094940185547,-2.2374300956726074
I2801036362,Agency for Defense Development,KR,36.34913,127.38493
I98466806,Pontifícia Universidade Católica de São Paulo,BR,-23.547500610351562,-46.6361083984375
I198357462,Changsha University,CN,28.24913787841797,113.01376342773438
I96908189,Xinjiang University,CN,43.800960540771484,87.60045623779297
I134113660,"University of Nevada, Reno",US,39.52963,-119.8138
I2800709001,Jerusalem University College,IL,31.77113914489746,35.22739791870117
I2801277386,Emirates Foundation,AE,24.459331512451172,54.62686538696289
I88060688,Universidad Politécnica de Madrid,ES,40.4165,-3.70256
I129902397,Dalhousie University,CA,44.64269,-63.57688
I160368002,Lebanese University,LB,33.827816009521484,35.52219009399414
I4210150634,Onboard Dynamics (United States),US,44.04463577270508,-121.31466674804688
I71920554,King Abdullah University of Science and Technology,SA,21.49012,39.18624
I1306601404,Science and Technology Policy Institute,KR,36.34913,127.38493
I158333966,Technical University of Cluj-Napoca,RO,46.76667022705078,23.600000381469727
I4210104573,CMR University,IN,12.971940040588379,77.59368896484375
I4210106258,Harvard College Observatory,US,42.38166809082031,-71.1285171508789
I1301390666,Qatar Airways (Qatar),QA,25.285449981689453,51.53096008300781
I4210114974,IMEC,BE,50.87958908081055,4.700930118560791
I887846188,Moscow Engineering Physics Institute,RU,55.75222,37.61556
I4210099699,Jeddah University,SA,21.49012,39.18624
I4210120884,Institut Supérieur des Études Technologiques en Communications de Tunis,TN,36.892147064208984,10.184136390686035
I165522056,Tokyo Denki University,JP,35.68949890136719,139.69171142578125
I4210134434,NXP (Belgium),BE,50.8511962890625,4.729921817779541
I26072440,Indian Institute of Information Technology Allahabad,IN,25.444780349731445,81.84322357177734
I77501641,University of Kalyani,IN,22.9757,88.4337
I4076070,Bharathidasan University,IN,10.8155,78.69651
I106437751,Centro Tecnolóxico de Telecomunicacións de Galicia,ES,42.232818603515625,-8.722640037536621
I31637741,Inner Mongolia University of Science and Technology,CN,40.6515998840332,109.84388732910156
I184679254,Saint Joseph University,LB,33.89331817626953,35.50157165527344
I36090812,Netaji Subhas University of Technology,IN,28.635759353637695,77.22444915771484
I1331500379,Centre for Development of Advanced Computing,IN,18.519569396972656,73.8553466796875
I178535277,University of the West of England,GB,51.455230712890625,-2.5966498851776123
I4210136903,Airbus (Germany),DE,53.550086975097656,9.990960121154785
I108714496,Tunis University,TN,36.81897,10.16579
I4210125143,Chengdu University,CN,30.666669845581055,104.0666732788086
I63354593,Sichuan Normal University,CN,30.666669845581055,104.0666732788086
I26415053,University of L'Aquila,IT,42.35055160522461,13.399539947509766
I3131573596,Abbottabad University of Science and Technology,PK,34.05348,73.15993
I9736820,École de Technologie Supérieure,CA,45.50883865356445,-73.58780670166016
I4210093364,Arunai Engineering College,IN,12.19314956665039,79.08344268798828
I158338959,University of Kerala,IN,8.4855,76.94924
I4210119392,Institute of Microelectronics,CN,39.907501220703125,116.39723205566406
I148776243,Government of Tamil Nadu,IN,13.045158386230469,80.1959457397461
I4210161065,Laboratoire de Traitement de l'Information Médicale,FR,48.390289306640625,-4.4862799644470215
I4210127572,IMT Atlantique,FR,47.21725,-1.55336
I4210139374,Satimo (France),FR,48.365631103515625,-4.548803806304932
I29891158,University of Sharjah,AE,25.337369918823242,55.41205978393555
I179097149,University of Carthage,TN,36.81897,10.16579
I9300472,Bournemouth University,GB,50.71429,-1.98458
I4210114043,Henan Institute of Technology,CN,30.499990463256836,108.27278137207031
I243754102,Universidade Federal do Ceará,BR,-3.71722,-38.54306
I33459947,Charotar University of Science and Technology,IN,22.552509307861328,72.9552001953125
I142617266,University of Crete,GR,35.36555,24.48232
I1288043984,Techno India University,IN,22.56262969970703,88.363037109375
I119068399,Rayalaseema University,IN,15.772727966308594,78.06074523925781
I4387155923,"Indian Institute of Information Technology Design and Manufacturing, Kurnool",,15.828869819641113,78.03601837158203
I61631359,Kurnool Medical College,IN,15.828869819641113,78.03601837158203
I2802279603,Vencore (United States),US,38.882591247558594,-77.4573745727539
I38335241,National Institute of Technology Raipur,IN,21.23332977294922,81.63333129882812
I59483232,Shandong University of Finance and Economics,CN,36.64521026611328,117.06928253173828
I72563045,Mody University of Science and Technology,IN,27.822940826416016,75.02754211425781
I4210157323,South China Institute of Collaborative Innovation,CN,22.930618286132812,113.8852310180664
I65837984,Kobe University,JP,34.6913,135.183
I4210098814,UPMC Health System,US,40.45792770385742,-79.90917205810547
I62916508,Technical University of Munich,DE,48.13743,11.57549
I106938459,University of New Brunswick,CA,45.94541,-66.66558
I191366470,ITM University,IN,26.229829788208008,78.17337036132812
I2800710378,Naval University of Engineering,CN,30.583330154418945,114.26667022705078
I183158303,École Navale,FR,48.390289306640625,-4.4862799644470215
I4210112164,Complexity Science Hub Vienna,AT,48.20849,16.37208
I102248843,Vienna University of Economics and Business,AT,48.20849,16.37208
I157117621,North Maharashtra University,IN,17.74026,73.19087
I4210162735,Accents On Health,US,39.6088981628418,-104.88945007324219
I119668213,Karunya University,IN,11.005550384521484,76.96611785888672
I4210129773,Institute of Engineering,NP,27.67824,85.31685
I91041137,Assiut University,EG,27.18096,31.18368
I4210103002,University of Clermont Auvergne,FR,,
I4210143836,Clermont Université,FR,45.75082015991211,3.1107800006866455
I2738502077,Nokia (Finland),FI,60.2052001953125,24.65220069885254
I192365124,Sri Lanka Institute of Information Technology,LK,6.935480117797852,79.84867858886719
I4210120238,PowerChina (China),CN,39.9315071105957,116.32023620605469
I29617571,University of Indonesia,ID,-6.400000095367432,106.81861114501953
I75430998,National Ilan University,TW,24.747400283813477,121.74759674072266
I919571938,The University of Texas Health Science Center at Houston,US,29.76328,-95.36327
I4210096250,Beijing Institute of Big Data Research,CN,39.98691177368164,116.3036880493164
I4210165736,Hanshan Normal University,CN,23.653959274291992,116.62261962890625
I2802757744,Transnet (South Africa),ZA,-26.205215454101562,28.046964645385742
I177955009,China University of Political Science and Law,CN,39.966007232666016,116.35176849365234
I4210088705,Imam Reza International University,IR,36.29806900024414,59.60567092895508
I4322298,Towson University,US,39.4015,-76.60191
I79272384,"University of Maryland, Baltimore County",US,39.29037857055664,-76.61219024658203
I52357470,The Ohio State University,US,39.96118,-82.99879
I4210152533,Lanzhou University of Finance and Economics,CN,36.045249938964844,103.89395904541016
I4387152735,Laboratoire de Mathématiques de Versailles,FR,48.80359,2.13424
I199693650,Umm al-Qura University,SA,21.320375442504883,39.96794891357422
I4210123272,Al Mamon University College,IQ,33.33773422241211,44.33985137939453
I107640659,South Ural State University,RU,55.15401840209961,61.42914962768555
I4210101868,Institute for System Programming,RU,55.74454879760742,37.66041946411133
I64663401,Centro de Investigación Científica y de Educación Superior de Ensenada,MX,31.87149,-116.60071
I196972281,Imec the Netherlands,NL,51.44083023071289,5.477779865264893
I4210095603,Vietnam Posts and Telecommunications Group (Vietnam),VN,10.848355293273926,106.78604125976562
I4400600977,Posts and Telecommunications Institute of Technology,,20.971359252929688,105.77876281738281
I41173762,Mawlana Bhashani Science and Technology University,BD,23.710399627685547,90.40744018554688
I4210116793,Kudelski (Switzerland),CH,46.58001708984375,6.594819068908691
I81365321,Old Dominion University,US,36.84680938720703,-76.28521728515625
I4210108409,Joint Center for Quantum Information and Computer Science,US,38.99104690551758,-76.94235229492188
I1629065,Central Michigan University,US,43.597808837890625,-84.76750946044922
I4210144839,Hamad bin Khalifa University,QA,25.285449981689453,51.53096008300781
I41455075,Universidade Federal de Campina Grande,BR,-7.23056,-35.88111
I4210146698,Hai Phong University of Management and Technology,VN,20.864810943603516,106.6834487915039
I34771391,University of Cyprus,CY,35.17531,33.3642
I4210136922,Fraunhofer Institute for Applied and Integrated Security,DE,48.24896,11.65101
I204553293,"China University of Petroleum, Beijing",CN,39.907501220703125,116.39723205566406
I116465919,Kogakuin University,JP,35.68949890136719,139.69171142578125
I9747756,Atal Bihari Vajpayee Indian Institute of Information Technology and Management,IN,26.229829788208008,78.17337036132812
I149704539,Deakin University,AU,-37.84978,145.11901
I173304897,Universidad de Granada,ES,37.18817,-3.60667
I165745306,Southwest Petroleum University,CN,30.666669845581055,104.0666732788086
I197827452,Institute of Space Technology,PK,33.51992416381836,73.17726135253906
I1285933455,Physikalisch-Technische Bundesanstalt,DE,52.26594,10.52673
I4400573169,KLS Gogte Institute of Technology,,15.852120399475098,74.50447082519531
I4210126637,Uji Hospital,JP,34.91301345825195,135.8114013671875
I4210142509,Andijan Institute of Agricultural,UZ,40.85706329345703,72.2999496459961
I56404289,Indian Institute of Technology BHU,IN,25.316680908203125,83.01040649414062
I91357014,Banaras Hindu University,IN,25.266632080078125,82.99057006835938
I57201433,Università della Svizzera italiana,CH,46.01007843017578,8.960040092468262
I4210156055,Robert Bosch (Netherlands),NL,51.583744049072266,4.756094932556152
I173207729,University of Engineering and Technology Taxila,PK,33.597328186035156,73.04789733886719
I88017793,Port Said University,EG,31.24138832092285,32.31666564941406
I101326570,National Institute of Technology Sikkim,IN,27.325740814208984,88.6121597290039
I4387154592,St. Joseph’s College of Engineering,,13.08784008026123,80.27847290039062
I4210101093,St. Joseph's Institute of Technology,IN,13.08784008026123,80.27847290039062
I191429286,Sam Houston State University,US,30.723529815673828,-95.55078125
I181631907,University of Ibadan,NG,7.37756,3.90591
I19716509,Jamia Hamdard,IN,28.51645851135254,77.24980926513672
I51622183,Shaanxi University of Science and Technology,CN,34.258331298828125,108.9286117553711
I70593384,Lead City University,NG,7.327760219573975,3.877729892730713
I184840846,Virginia Commonwealth University,US,37.55376,-77.46026
I183816158,Zhaoqing University,CN,23.04892921447754,112.46090698242188
I165831266,Nirma University,IN,23.025789260864258,72.58727264404297
I212220629,Peter the Great St. Petersburg Polytechnic University,RU,60.005516052246094,30.370201110839844
I67054835,American University of Science and Technology,LB,33.88481140136719,35.52286148071289
I130750295,Xinyang Normal University,CN,32.122779846191406,114.06555938720703
I4210148639,Wuhan Engineering Science & Technology Institute,CN,30.583330154418945,114.26667022705078
I4210137744,LabEx PERSYVAL-Lab,FR,45.1787,5.76281
I4210131342,Yibin University,CN,28.790851593017578,104.61258697509766
I2802500176,Iranian Research Organization for Science and Technology,IR,35.69438934326172,51.4215087890625
I4392738136,Iranian Research Institute for Information Science and Technology,,35.69438934326172,51.4215087890625
I4210089896,Indian Institute of Information Technology Guwahati,IN,26.081239700317383,91.5619888305664
I4210115456,Chuzhou University,CN,32.32194137573242,118.29778289794922
I4210165198,Beijing Advanced Sciences and Innovation Center,CN,39.98908996582031,116.36002349853516
I125749732,Western University,CA,42.98339,-81.23304
I111199411,University of Peradeniya,LK,7.290599822998047,80.63359832763672
I40193446,University Ferhat Abbas of Setif,DZ,36.19112014770508,5.413730144500732
I4210152146,Islamic Azad University Kerman,IR,30.24216651916504,57.077186584472656
I38260057,In-Q-Tel,US,38.89328384399414,-77.08538818359375
I132153292,Indian Institute of Technology Patna,IN,25.594079971313477,85.13562774658203
I4400573236,Amrutvahini College of Engineering,,19.09457015991211,74.7384262084961
I83259278,Manouba University,TN,36.81006,10.09557
I110273157,Kookmin University,KR,37.61138153076172,126.99726867675781
I14894300,Foshan University,CN,23.026769638061523,113.13147735595703
I84470341,Catholic University of America,US,38.93688201904297,-76.99869537353516
I76766440,University of San Francisco,US,37.77492904663086,-122.41941833496094
I4210162116,Singapore Clinical Research Institute,SG,1.2654789686203003,103.8197021484375
I2800664555,RISE Research Institutes of Sweden,SE,57.70716,11.96679
I54459138,University of Salford,GB,53.487709045410156,-2.2904200553894043
I86501945,University of Delaware,US,39.68372,-75.74966
I85461943,Saveetha University,IN,13.08784,80.27847
I142108993,Southwest University,CN,29.560260772705078,106.55770874023438
I4210155350,Purple Mountain Laboratories,CN,32.061668395996094,118.77777862548828
I116265982,Qinghai University,CN,36.62554168701172,101.75739288330078
I2801398864,Saxion University of Applied Sciences,NL,52.21833,6.89583
I885392262,GITAM University,IN,17.68009,83.20161
I4387152646,Département de Recherche en Ingénierie des Véhicules pour l'Environnement,FR,46.98956,3.159
I67415387,Lancaster University,GB,54.04648971557617,-2.799880027770996
I143247161,Babasaheb Bhimrao Ambedkar University,IN,26.83928,80.92313
I4210144541,Social Change and Development,IN,8.72741985321045,77.68379974365234
I4210087817,Software (Germany),DE,49.81509017944336,8.63713264465332
I4210096592,Max Planck Institute for Security and Privacy,DE,51.481651306152344,7.216479778289795
I98301712,Baidu (China),CN,39.9075,116.39723
I4210133110,Tampere University,FI,,
I63371133,Chongqing Jiaotong University,CN,29.560260772705078,106.55770874023438
I4387154466,M. Kumarasamy College of Engineering,,10.957710266113281,78.08094787597656
I176790772,Murdoch University,AU,-31.952239990234375,115.86139678955078
I4210136793,Peng Cheng Laboratory,CN,22.54553985595703,114.06829833984375
I32038505,University of Central Arkansas,US,35.07699966430664,-92.45700073242188
I4210152127,Conway School of Landscape Design,US,42.50981,-72.69953
I58114740,Nature Conservancy of Canada,CA,43.70012664794922,-79.43505096435547
I100930933,University College Dublin,IE,53.33306,-6.24889
I98365261,"Indian Institute of Engineering Science and Technology, Shibpur",IN,22.576879501342773,88.31857299804688
I84339108,Sunway University,MY,3.10725998878479,101.6067123413086
I45928872,Alibaba Group (China),CN,30.29365,120.16142
I191365509,Hamdard University,PK,24.86079978942871,67.0103988647461
I4210139642,The State Bank of Vietnam,VN,21.027170181274414,105.8562240600586
I55486353,Reed College,US,45.5234489440918,-122.67620849609375
I153976015,University of Ljubljana,SI,46.05107879638672,14.50512981414795
I1338034494,XLAB (Slovenia),SI,46.05108,14.50513
I166825849,Tampere University,FI,61.49911,23.78712
I4210120115,Robert Bosch (United States),US,42.48530960083008,-83.37715911865234
I111575329,Bharathiar University,IN,11.00555,76.96612
I176453806,University of Potsdam,DE,52.39886,13.06566
I29739308,Guangxi Normal University,CN,25.28022003173828,110.29638671875
I131564278,Concordia University of Edmonton,CA,53.550140380859375,-113.46871185302734
I152429107,Jawaharlal Nehru University,IN,28.621370315551758,77.21479797363281
I4210166499,Henan Polytechnic University,CN,35.23971939086914,113.23306274414062
I2799829267,Simula Research Laboratory,NO,59.91273,10.74609
I4387153661,Simula UiB,,60.39299011230469,5.324150085449219
I4210112756,Centre Hospitalier de l'Agglomération de Nevers,FR,46.980438232421875,3.123565912246704
I187175081,Shaanxi University of Technology,CN,33.075069427490234,107.02214050292969
I2800387288,European Commission,BE,50.85045,4.34878
I4210103826,St. Petersburg Institute for Informatics and Automation,RU,59.93863,30.31413
I81556334,Amrita Vishwa Vidyapeetham,IN,11.00555,76.96612
I159165171,Hokkaido Information University,JP,43.07829284667969,141.53713989257812
I1300757298,Heilongjiang University of Science and Technology,CN,45.75,126.6500015258789
I189575948,South Valley University,EG,26.164180755615234,32.72671127319336
I183638586,Parthenope University of Naples,IT,40.8521614074707,14.268110275268555
I75381157,Wilfrid Laurier University,CA,43.466800689697266,-80.51638793945312
I78744979,La Rochelle Université,FR,46.16308,-1.15222
I4210090985,Zhejiang Financial College,CN,30.31926918029785,120.3832015991211
I113409471,Kumoh National Institute of Technology,KR,36.144596099853516,128.3931884765625
I193033237,Institut Superieur de l'Aeronautique et de l'Espace (ISAE-SUPAERO),FR,43.60426,1.44367
I174612323,University of the District of Columbia,US,38.94367980957031,-77.06352996826172
I4210104011,"Institute of European and American Studies, Academia Sinica",TW,25.040374755859375,121.61551666259766
I52099693,University of York,GB,53.95763,-1.08271
I4210088086,Capital University of Science and Technology,PK,33.54677963256836,73.18399810791016
I128277893,Bahçeşehir University,TR,41.01383972167969,28.94965934753418
I4210126505,Amity University,AE,25.12328338623047,55.41938400268555
I158934434,Zhongnan University of Economics and Law,CN,30.58333,114.26667
I7726996,Henan University of Economic and Law,CN,34.75777816772461,113.64861297607422
I118803816,Liaoning University,CN,41.79222106933594,123.43277740478516
I12150220,University of Mosul,IQ,36.335,43.11889
I119025939,Shahed University,IR,35.69438934326172,51.4215087890625
I4210155952,Qingdao Huanghai University,CN,35.923831939697266,120.1107406616211
I3121676899,Université Ibn-Tofail,MA,34.261009216308594,-6.5802001953125
I863896202,Delhi Technological University,IN,28.621370315551758,77.21479797363281
I4210099960,Systems Control (United States),US,45.84526824951172,-88.04241180419922
I2799351866,Government of India,IN,28.62137,77.2148
I189949046,Integral University,IN,26.958499908447266,80.99810028076172
I195459967,Mizoram University,IN,23.728939056396484,92.71791076660156
I40734275,Hakim Sabzevari University,IR,36.298336029052734,57.68094253540039
I197979904,Saint Joseph's College,US,40.919532775878906,-87.15608215332031
I331567899,Ministry of Infrastructure and Water Management,NL,52.07667,4.29861
I1328775524,Zhejiang Sci-Tech University,CN,30.293649673461914,120.16142272949219
I4210095198,Universidad Politécnica de Pachuca,MX,19.4442195892334,-96.40773010253906
I4210144367,Zhejiang Pharmaceutical College,CN,29.821489334106445,121.5614242553711
I4210142539,Guangdong Institute of Intelligent Manufacturing,CN,23.141374588012695,113.29840850830078
I157591606,University of Malawi,MW,-15.389209747314453,35.3371696472168
I112862951,University of Messina,IT,38.193939208984375,15.552559852600098
I95350115,Technological Institute of the Philippines,PH,14.595356941223145,120.98797607421875
I162827531,Indian Institute of Technology Bombay,IN,19.07283,72.88261
I180664298,Federal University of Technology,NG,7.252560138702393,5.193120002746582
I153267046,University of Kaiserslautern,DE,49.44300079345703,7.771609783172607
I101407740,Chandigarh University,IN,30.679950714111328,76.72210693359375
I187560010,University of Béjaïa,DZ,36.7558708190918,5.084330081939697
I39534123,Gwangju Institute of Science and Technology,KR,35.154720306396484,126.91555786132812
I3121272148,University of Boumerdes,DZ,36.762847900390625,3.4742929935455322
I4210159638,Hochschule Osnabrück,DE,52.51918029785156,7.322110176086426
I4210105785,Intelligent Systems Research (United States),US,34.148231506347656,-118.76197052001953
I62318514,University of Duisburg-Essen,DE,51.45656967163086,7.012279987335205
I96733725,Shanghai Maritime University,CN,31.222219467163086,121.45806121826172
I4210124510,Duality (United States),US,40.7359504699707,-74.1714096069336
I4210156423,National Engineering Research Center for Information Technology in Agriculture,CN,39.907501220703125,116.39723205566406
I4210111288,Meta (United Kingdom),GB,51.50853,-0.12574
I169199633,Aston University,GB,52.48141860961914,-1.8998299837112427
I1340226911,Defence Equipment and Support,GB,51.502960205078125,-2.559551954269409
I1306956679,Ministry of Defence,GB,51.50852966308594,-0.12574000656604767
I4210102840,Ubiquitous Energy (United States),US,37.48536682128906,-122.18340301513672
I137407579,Université Oran 1 Ahmed Ben Bella,DZ,35.699058532714844,-0.6358799934387207
I4210095246,Siemens (Romania),RO,44.43300247192383,25.98591423034668
I89015989,Dankook University,KR,37.32787,127.10648
I4626487,King Faisal University,SA,25.36467,49.58764
I193260172,British University in Dubai,AE,25.12445640563965,55.411048889160156
I33586908,Pandit Deendayal Energy University,IN,23.21667,72.68333
I120238654,Saudi Electronic University,SA,24.68773078918457,46.72185134887695
I99729588,Indian Institute of Technology Bhubaneswar,IN,20.272409439086914,85.83384704589844
I4210114444,Meta (United States),US,37.45383071899414,-122.18218994140625
I4210138624,University of Washington Bothell,US,47.76232147216797,-122.20539855957031
I930713850,The Hague University of Applied Sciences,NL,52.0766716003418,4.298610210418701
I152269853,Qilu University of Technology,CN,36.668331146240234,116.99722290039062
I4210142748,Shandong Academy of Sciences,CN,36.668331146240234,116.99722290039062
I4210158984,National Supercomputing Center in Wuxi,CN,31.54596710205078,120.25511932373047
I4210156205,Indian Institute of Management Visakhapatnam,IN,17.68009,83.20161
I4210130255,Wildlife Information Liaison Development,IN,11.075948715209961,77.01056671142578
I4210090956,Shandong Institute of Metrology,CN,36.69164276123047,117.012939453125
I4210145362,Institute of Technology Management,IN,30.455829620361328,78.10491180419922
I165677929,Sungshin Women's University,KR,37.566001892089844,126.97840118408203
I2801618472,PLA Rocket Force University of Engineering,CN,34.258331298828125,108.9286117553711
I3123212020,Universidad Politécnica de Cartagena,ES,37.60197067260742,-0.9839699864387512
I4210154851,Hubei University of Education,CN,30.583330154418945,114.26667022705078
I195631090,Majmaah University,SA,25.86517906188965,45.41525650024414
I4210100923,Munster Technological University,IE,51.89796829223633,-8.470609664916992
I199305430,Nantong University,CN,32.03028106689453,120.87471771240234
I4399657946,Rajalakshmi Engineering College,,13.08784008026123,80.27847290039062
I33552525,LNM Institute of Information Technology,IN,26.936357498168945,75.923583984375
I6645349,Southwest Minzu University,CN,30.666669845581055,104.0666732788086
I2799449666,State Ethnic Affairs Commission,CN,39.907501220703125,116.39723205566406
I113330528,Khazar University,AZ,40.37767028808594,49.89200973510742
I59179055,Shri Mata Vaishno Devi University,IN,32.9434928894043,74.95340728759766
I4210161462,Heilongjiang Institute of Technology,CN,45.785099029541016,126.68553161621094
I4210121352,Western Digital (United States),US,37.33939,-121.89496
I4210130845,i2CAT,ES,41.388790130615234,2.158989906311035
I3018083178,Institut de Recherche Technologique SystemX,FR,48.71828079223633,2.249799966812134
I94518387,Hanoi University of Science and Technology,VN,21.024499893188477,105.84117126464844
I4210124338,TÜV Rheinland (Germany),DE,50.93333053588867,6.949999809265137
I4210146293,Suzhou Vocational Health College,CN,31.304079055786133,120.59538269042969
I4829542,RheinMain University of Applied Sciences,DE,50.08082962036133,8.217398643493652
I4210127324,Veleučilište Velika Gorica,HR,45.81313,15.97753
I4210159457,Nokia (Germany),DE,48.11546325683594,11.597078323364258
I4210151833,Amsterdam University Medical Centers,NL,52.37403,4.88969
I130309236,Kafrelsheikh University,EG,31.11174,30.93991
I175691731,Pondicherry University,IN,11.93381,79.82979
I200606013,Daffodil International University,BD,23.710399627685547,90.40744018554688
I137853757,Howard University,US,38.895111083984375,-77.03636932373047
I4391012588,Raja Shankar Shah University,,22.056970596313477,78.93958282470703
I4387152517,Instituto Superior Técnico,PT,38.71667,-9.13333
I3020098449,CEA Grenoble,FR,45.17869,5.71479
I90259746,Capital University of Economics and Business,CN,39.907501220703125,116.39723205566406
I4210115884,Laser Systems & Solutions of Europe (France),FR,48.924251556396484,2.3099000453948975
I4210091437,Sorbonne Paris Cité,FR,48.85340881347656,2.34879994392395
I102134673,Linköping University,SE,58.41086,15.62157
I153806059,Shanghai Business School,CN,31.222219467163086,121.45806121826172
I4210143550,Taylor's University,MY,3.043839931488037,101.58061981201172
I199702508,Al Jouf University,SA,29.96974,40.20641
I157507598,Shenyang University of Technology,CN,41.79222106933594,123.43277740478516
I2277624104,Fondazione Bruno Kessler,IT,46.06787,11.12108
I2802493600,Polytechnic School of Algiers,DZ,36.723201751708984,3.1507999897003174
I2898391981,Deutsches Zentrum für Luft- und Raumfahrt e. V. (DLR),DE,50.93333053588867,6.949999809265137
I4210149256,Zhangzhou Vocational and Technical College,CN,24.52372932434082,117.63812255859375
I916048824,Hunan First Normal University,CN,28.198740005493164,112.97087097167969
I134085113,King Fahd University of Petroleum and Minerals,SA,26.288639068603516,50.11396026611328
I4210132444,"Systems, Applications & Products in Data Processing (Germany)",DE,49.293846130371094,8.641611099243164
I177233841,"Vietnam National University, Hanoi",VN,21.0245,105.84117
I189268942,Universidad de Alcalá,ES,40.482051849365234,-3.3599600791931152
I4210144519,Institute of Communication and Computer Systems,GR,37.975738525390625,23.76910972595215
I64838667,Karary University,SD,15.64453,32.47773
I4210163301,Sinhgad Dental College and Hospital,IN,18.469348907470703,73.83527374267578
I135388327,University of Kashmir,IN,34.08565139770508,74.80554962158203
I4210148979,MediaTek (Taiwan),TW,24.772153854370117,121.0234603881836
I2821654624,East Asia School of Theology,SG,1.28967,103.85007
I4210156165,Lenovo (China),CN,39.907501220703125,116.39723205566406
I95634034,Gazi University,TR,39.91986846923828,32.854270935058594
I4210112527,Luxembourg Institute of Science and Technology,LU,49.51014,5.92414
I258800397,New York University Shanghai,CN,31.222219467163086,121.45806121826172
I26805570,Jomo Kenyatta University of Agriculture and Technology,KE,-1.283329963684082,36.81666946411133
I263567798,South Eastern Kenya University,KE,-1.3075720071792603,37.75444412231445
I68916915,University of Gabès,TN,33.8814582824707,10.098199844360352
I91136226,University of Sheffield,GB,53.38297,-1.4659
I4210122302,ShangHai JiAi Genetics & IVF Institute,CN,31.211912155151367,121.48272705078125
I130523015,Saint Petersburg State University of Aerospace and Instrumentation,RU,59.929718017578125,30.296478271484375
I4210157185,University of Eloued,DZ,33.3560791015625,6.863190174102783
I119939252,Indraprastha Institute of Information Technology Delhi,IN,28.65195083618164,77.23149108886719
I25974101,University of Würzburg,DE,49.79391,9.95121
I116891498,Siddhartha Medical College,IN,16.517488479614258,80.67132568359375
I177001074,Acharya Nagarjuna University,IN,16.375347137451172,80.52830505371094
I106118109,Eötvös Loránd University,HU,47.49835,19.04045
I127817813,Alfréd Rényi Institute of Mathematics,HU,47.498348236083984,19.040449142456055
I43337087,Hebei University,CN,38.87287902832031,115.46246337890625
I13268429,Madurai Kamaraj University,IN,9.919,78.11953
I4210128584,The Alan Turing Institute,GB,51.50853,-0.12574
I125680101,Turing Institute,GB,55.86217498779297,-4.243517875671387
I107158390,Kharkiv National University of Radio Electronics,UA,49.98177,36.25475
I183935753,King's College London,GB,51.50853,-0.12574
I8765205,V. N. Karazin Kharkiv National University,UA,49.98177,36.25475
I4210087982,Salzburg University of Applied Sciences,AT,47.79941,13.04399
I157392197,Hashemite University,JO,32.072750091552734,36.08795928955078
I93477617,Huizhou University,CN,23.038049697875977,114.42194366455078
I4210149618,Guangdong University of Finance,CN,23.20039176940918,113.37923431396484
I9360294,University of Bologna,IT,44.49381,11.33875
I4210108177,Zhejiang Police College,CN,30.171894073486328,120.14994812011719
I46208956,Salahaddin University-Erbil,IQ,36.18333053588867,44.01192855834961
I4210131560,Université Mohammed VI Polytechnique,MA,31.634159088134766,-7.999939918518066
I28166907,Karolinska Institutet,SE,59.32938003540039,18.068710327148438
I163389970,National Institute of Science Education and Research,IN,20.27241,85.83385
I4210133566,McCarton Foundation,US,40.839969635009766,-73.8822250366211
I171210897,Aligarh Muslim University,IN,27.917369842529297,78.07785034179688
I4391767893,Zama (France),,48.85340881347656,2.34879994392395
I4210095624,Alibaba Group (United States),US,37.55870819091797,-122.3250732421875
I79510175,Cardiff University,GB,51.48,-3.18
I2799389476,MAPNA Group (Iran),IR,35.761173248291016,51.42658233642578
I4210141097,Tân Tạo University,VN,10.792478561401367,106.44197845458984
I4210100577,Antalya Bilim University,TR,36.908119201660156,30.695560455322266
I4210115515,Nanyang Institute of Technology,CN,32.994720458984375,112.53278350830078
I4210107720,CentraleSupélec,FR,48.68333,2.13333
I98210582,Rajiv Gandhi Institute of Petroleum Technology,IN,26.2309,81.23315
I2252078561,Meta (Israel),IL,32.08088,34.78057
I110360157,Lovely Professional University,IN,31.224519729614258,75.77387237548828
I24062138,Konkuk University,KR,37.566,126.9784
I3121799822,Universidade Federal do Piauí,BR,-5.089169979095459,-42.80194091796875
I29894533,Charles Darwin University,AU,-12.461130142211914,130.8418426513672
I874609350,Université Jean Moulin Lyon III,FR,45.74846,4.84671
I5400463,Ghulam Ishaq Khan Institute of Engineering Sciences and Technology,PK,34.07033920288086,72.62146759033203
I4210126846,Information Technology Laboratory,US,39.14091873168945,-77.21875762939453
I68649149,University of Malakand,PK,34.565608978271484,71.93042755126953
I57496824,National Institute of Technology Arunachal Pradesh,IN,27.08694,93.60987
I4387155180,Samsung SDS (South Korea),,37.566001892089844,126.97840118408203
I167153416,Visvesvaraya National Institute of Technology,IN,21.146310806274414,79.08490753173828
I4210119896,King's College School,GB,51.421756744384766,-0.22604499757289886
I10052268,New Mexico State University,US,32.31232,-106.77834
I6469544,City University of Macau,MO,22.200559616088867,113.54611206054688
I4403928416,Beijing Institute of Mathematical Sciences and Applications,,40.6303596496582,116.5805892944336
I173439891,HES-SO University of Applied Sciences and Arts Western Switzerland,CH,47.36493,7.34453
I4210117673,Institut de Recherche en Informatique Fondamentale,FR,48.85341,2.3488
I207547235,Benha University,EG,30.471111297607422,31.18166732788086
I90610274,University of Engineering and Technology Peshawar,PK,34.007999420166016,71.5784912109375
I46482218,Anqing Normal University,CN,30.51416778564453,117.04805755615234
I136830121,Islamic Azad University South Tehran Branch,IR,35.71319580078125,51.419307708740234
I4210128208,Tongren University,CN,30.996950149536133,110.68975067138672
I120158604,Kunsan National University,KR,35.94587326049805,126.68217468261719
I7863295,Villanova University,US,40.04622,-75.35991
I4210154551,Centre Hospitalo-Universitaire Bab El Oued,DZ,36.7947998046875,3.0494821071624756
I148520331,Kinnaird College for Women University,PK,31.558000564575195,74.3507080078125
I1293718874,Tri-Service General Hospital,TW,25.047760009765625,121.53185272216797
I68171755,National Defense Medical Center,TW,25.070804595947266,121.59612274169922
I167360494,University of Wuppertal,DE,51.25627136230469,7.148159980773926
I168337820,Chongqing University of Science and Technology,CN,29.560260772705078,106.55770874023438
I822440,Okanagan University College,CA,49.88307,-119.48568
I59272784,"Arab Academy for Science, Technology, and Maritime Transport",EG,31.201759338378906,29.91581916809082
I4210087059,Technology Innovation Institute,AE,24.436887741088867,54.61338806152344
I903994226,Xuchang University,CN,34.031890869140625,113.86299133300781
I179331831,Taif University,SA,21.270280838012695,40.415828704833984
I4210133948,Joint Research Centre,DE,49.000450134277344,8.424630165100098
I888729015,University of Colorado Colorado Springs,US,38.83388137817383,-104.82135772705078
I4210108723,Changzhou Institute of Technology,CN,31.80595588684082,119.9698486328125
I2802990396,Indian Institute of Management Tiruchirappalli,IN,10.815500259399414,78.6965103149414
I19926482,Dr. M.G.R. Educational and Research Institute,IN,13.072319984436035,80.18053436279297
I1305429384,JPMorgan Chase & Co (United States),US,40.71157455444336,-74.01075744628906
I2802755631,Morgan Stanley (United States),US,40.73039245605469,-74.00650024414062
I187761245,National Institute of Technology Jamshedpur,IN,22.802780151367188,86.1854476928711
I2801403999,UCLA Medical Center,US,34.027244567871094,-118.4865493774414
I4210107540,Institute of Management Sciences Lahore,PK,31.506227493286133,74.33958435058594
I47838141,Saint Louis University,US,38.62726974487305,-90.19789123535156
I4210139481,Science and Technology Department of Sichuan Province,CN,30.66667,104.06667
I155417937,Hochschule Bonn-Rhein-Sieg,DE,50.7753791809082,7.197000026702881
I4210129077,Institute of Occupational Medicine,GB,55.93378448486328,-3.360466957092285
I4210125693,Simulation Technologies (United States),US,34.726322174072266,-86.66361999511719
I2799532815,Madan Mohan Malaviya University of Technology,IN,26.730730056762695,83.43328094482422
I2799623607,Hellenic Civil Aviation Authority,GR,37.87919998168945,23.769325256347656
I59746437,Open University of Cyprus,CY,35.17530822753906,33.364200592041016
I4210154254,Instituto Superior de Tecnologias Avançadas,PT,38.716670989990234,-9.133330345153809
I1303153112,European Bioinformatics Institute,GB,52.2,0.11667
I4210121859,Enthought (United States),US,30.264570236206055,-97.74642944335938
I161597582,Recep Tayyip Erdoğan University,TR,41.02082824707031,40.52193832397461
I4210165136,Govt. Dental College & Hospital,IN,21.127944946289062,79.09603881835938
I3133391162,Maulana Azad National Urdu University,IN,17.42740249633789,78.361328125
I4387154200,Sankalchand Patel University,IN,23.69855,72.5521
I110262843,Yuncheng University,CN,40.937889099121094,120.54292297363281
I11793825,National Institute of Technology Patna,IN,25.59408,85.13563
I65832422,Duksung Women's University,KR,37.566001892089844,126.97840118408203
I38538140,Asian Institute of Technology,TH,14.075937271118164,100.61712646484375
I4210156530,SCQM Foundation,CH,47.393341064453125,8.489633560180664
I4210145784,IBM Research - Ireland,IE,53.3320426940918,-6.2315192222595215
I82571370,GLA University,IN,27.50349998474121,77.67214965820312
I173089394,ITMO University,RU,59.938629150390625,30.314130783081055
I149313025,"Vignan's Foundation for Science, Technology & Research",IN,16.299739837646484,80.45729064941406
I507952983,Dr. NTR University of Health Sciences,IN,16.507450103759766,80.64659881591797
I55016150,Manav Rachna International Institute of Research and Studies,IN,28.41124,77.31316
I102461120,Marquette University,US,43.0389,-87.90647
I57664883,Ajou University,KR,37.29111,127.00889
I4210140336,Lanzhou City University,CN,36.057010650634766,103.8398666381836
I41832843,University of Tabriz,IR,38.0636100769043,46.328609466552734
I47164929,Najran University,SA,17.49325942993164,44.12765884399414
I69356397,Xi’an Jiaotong-Liverpool University,CN,31.304079055786133,120.59538269042969
I64281891,College of New Jersey,US,40.27122116088867,-74.78289031982422
I71792333,University of Detroit Mercy,US,42.33142852783203,-83.0457534790039
I4210118789,Chinese Academy of Personnel Science,CN,39.991695404052734,116.42668914794922
I236004819,Babasaheb Bhimrao Ambedkar Bihar University,IN,26.113557815551758,85.37841033935547
I154023281,British University in Egypt,EG,30.06262969970703,31.249670028686523
I96426537,Bangladesh University of Professionals,BD,23.7104,90.40744
I4210121772,Islamic Azad University of Shahrekord,IR,32.350059509277344,50.901580810546875
I4387153335,China Telecom,,39.907501220703125,116.39723205566406
I109689652,FPT University,VN,21.024499893188477,105.84117126464844
I4210131336,Fraunhofer Institute for Systems and Innovation Research,DE,49.00937,8.40444
I4210139586,Russian Quantum Center,RU,55.752220153808594,37.61555862426758
I2802282215,Shri Maharaja Hari Singh Hospital,IN,34.086204528808594,74.79773712158203
I4210150411,Shandong Youth University of Political Science,CN,36.668331146240234,116.99722290039062
I4210138854,Quantropi (Canada),CA,45.31078338623047,-75.92787170410156
I177463362,University of West London,GB,51.50852966308594,-0.12574000656604767
I184942183,University of Oslo,NO,59.91273,10.74609
I169108374,University of the Basque Country,ES,43.32686,-2.98884
I4210100930,Futures Group (United States),US,38.89643859863281,-77.0313720703125
I4210165501,Pingjin Hospital,CN,39.13063430786133,117.28038787841797
I151746803,NED University of Engineering and Technology,PK,24.931791305541992,67.1126480102539
I119522612,Daejeon University,KR,36.33541488647461,127.45866394042969
I86958956,Ferdowsi University of Mashhad,IR,36.307498931884766,59.52861022949219
I79161377,Punjabi University,IN,30.359724044799805,76.45423126220703
I137748056,Sanden (Japan),JP,36.334205627441406,139.1977081298828
I4210155236,National Research Council,IT,41.89193,12.51133
I2801049591,"Instituto Federal de Educação, Ciência e Tecnologia do Rio Grande do Sul",BR,-29.17139,-51.51917
I4210100953,Xi'an University of Finance and Economics,CN,34.258331298828125,108.9286117553711
I83642850,Tokyo International University,JP,35.90861129760742,139.4852752685547
I4210115617,Central Denmark Region,DK,56.453189849853516,9.402009963989258
I4210104143,Advanced Telecommunications Research Institute International,JP,35.02106857299805,135.75384521484375
I3004594783,Institute of High Performance Computing,SG,1.2896699905395508,103.85006713867188
I4210117425,Google (Israel),IL,32.79960250854492,34.94673538208008
I53276908,Marymount University,US,38.88100814819336,-77.10427856445312
I3129773123,Bennett University,IN,28.450210571289062,77.58432006835938
I4210155299,LINKS Foundation,IT,45.070491790771484,7.686820030212402
I230495080,University of Limerick,IE,52.66472,-8.62306
I4210131867,Muhammadiyah University Purwokerto,ID,-7.421390056610107,109.23444366455078
I4387155996,Institut Teknologi Telkom Purwokerto,ID,-7.42139,109.23444
I126131087,University of Sindh,PK,25.418237686157227,68.2664794921875
I1322422313,Korea Polytechnic University,KR,37.39067,126.7888
I4210096034,Centre for Quantum Computation and Communication Technology,AU,-33.86785,151.20732
I3017942884,Institut de Mathématiques de Jussieu-Paris Rive Gauche,FR,48.85341,2.3488
I4403386633,OURAGAN: Outils de Résolution Algébriques pour la Géométrie et ses Applications,FR,48.85341,2.3488
I4210133715,Devro (United Kingdom),GB,55.914241790771484,-4.093111991882324
I12832649,Gachon University,KR,37.43861,127.13778
I4210123185,Zhejiang Lab,CN,30.271240234375,119.96514892578125
I40527276,Universität der Bundeswehr München,DE,48.13743,11.57549
I107502644,Spiru Haret University,RO,44.433475494384766,26.10088539123535
I1308893265,Shaheed Benazir Bhutto University,PK,24.8608,67.0104
I4210087295,Centre Tecnologic de Telecomunicacions de Catalunya,ES,41.388790130615234,2.158989906311035
I1283613182,Universidade Tecnológica Federal do Paraná,BR,-25.427780151367188,-49.2730598449707
I4210160428,International Solvay Institutes,BE,50.81320571899414,4.382228851318359
I193775966,Yonsei University,KR,37.566,126.9784
I2802000655,Swami Rama Himalayan University,IN,30.324430465698242,78.03392028808594
I4210144062,Consorzio Roma Ricerche,IT,41.93692398071289,12.63296890258789
I100135526,BGI Group (China),CN,22.54553985595703,114.06829833984375
I75900474,Hubei University,CN,30.583330154418945,114.26667022705078
I135237710,Zhejiang Normal University,CN,29.106779098510742,119.64421081542969
I227486990,University of Szeged,HU,46.25299835205078,20.148239135742188
I4403928327,Linux Foundation,,37.77492904663086,-122.41941833496094
I4210139777,Berlin Institute of Health at Charité - Universitätsmedizin Berlin,DE,52.52436828613281,13.410530090332031
I7877124,Charité - Universitätsmedizin Berlin,DE,52.52437,13.41053
I4210149000,Jacobs Institute,US,42.901611328125,-78.86604309082031
I4210110304,Pacific Dental College and Hospital,IN,24.60287857055664,73.79817962646484
I4210107484,U.S. President's Malaria Initiative,US,38.895111083984375,-77.03636932373047
I158708052,Chulalongkorn University,TH,13.75398,100.50144
I899382313,Bainbridge State College,US,30.903230667114258,-84.53401184082031
I139787848,Capital University,US,39.95527648925781,-82.93742370605469
I4387154438,Dambi Dollo University,,8.533329963684082,34.79999923706055
I161371597,Universiti of Malaysia Sabah,MY,5.974899768829346,116.07240295410156
I2800666866,Government of Pakistan,PK,33.72148132324219,73.04328918457031
I32762134,Harokopio University of Athens,GR,37.983760833740234,23.727840423583984
I4210147701,Day One,US,41.829715728759766,-71.38927459716797
I186272606,Guangdong University of Foreign Studies,CN,23.116670608520508,113.25
I170253739,Singidunum University,RS,44.782405853271484,20.478973388671875
I35913352,Prague University of Economics and Business,CZ,50.08803939819336,14.420760154724121
I4210160465,Université Constantine 2,DZ,36.24501419067383,6.568458080291748
I75092371,University of Hradec Králové,CZ,50.209228515625,15.832770347595215
I2799509149,Khyber Teaching Hospital,PK,33.99638748168945,71.48638916015625
I134892692,Chaitanya Bharathi Institute of Technology,IN,17.384050369262695,78.45635986328125
I164956901,Visa (United Kingdom),GB,51.51909255981445,-0.18078500032424927
I120217413,Izmir Institute of Technology,TR,38.4127311706543,27.13838005065918
I8087733,University of Tübingen,DE,48.52265930175781,9.052220344543457
I4392738113,China Electric Power Research Institute,,39.907501220703125,116.39723205566406
I8977528,Dr. Hari Singh Gour University,IN,23.82793426513672,78.77153015136719
I1338503839,Corning (United States),US,42.14539337158203,-77.05593872070312
I285663978,Weatherford College,US,32.74093246459961,-97.79269409179688
I4210113263,Escola Superior de Enfermagem de Lisboa,PT,38.72509,-9.1498
I4210147322,Shanghai Institute of Microsystem and Information Technology,CN,31.222219467163086,121.45806121826172
I6292670,Fatima Jinnah Women University,PK,33.597328186035156,73.04789733886719
I184468904,University of Qom,IR,34.60145568847656,50.82552719116211
I142024983,Prince Sultan University,SA,24.68773,46.72185
I4210107338,Simons Foundation,US,40.71427,-74.00597
I55022517,Heilongjiang University,CN,45.75,126.6500015258789
I2800444561,Atlanta Technical College,US,33.711822509765625,-84.40792083740234
I4403928323,Tianjin Renai College,,39.14221954345703,117.17666625976562
I62520931,National University of Engineering,PE,-12.043180465698242,-77.02823638916016
I20791572,Indira Gandhi Institute of Technology,IN,20.94927,85.23354
I4210124427,City College of Dongguan University of Technology,CN,22.983028411865234,113.8361587524414
I3019848993,Mines Saint-Étienne,FR,45.43389,4.39
I102939073,Universidade Estadual do Ceará,BR,-3.7172200679779053,-38.543060302734375
I114662689,Leidos (United States),US,38.968719482421875,-77.34110260009766
I4210142583,Snap (United States),US,34.04975128173828,-118.2510986328125
I4210156829,Research Network (United States),US,34.004154205322266,-84.58769989013672
I4210092870,Jiaxing University,CN,30.752199172973633,120.75
I142899784,University of Sfax,TN,34.74056,10.76028
I4387155285,Suqian University,,33.94916915893555,118.29582977294922
I4210124208,Defence Scientific Information & Documentation Centre,IN,28.681386947631836,77.22809600830078
I135768898,Ritsumeikan University,JP,35.02106857299805,135.75384521484375
I165259314,Dr. Babasaheb Ambedkar Marathwada University,IN,19.87757,75.34226
I32589535,Technical University of Malaysia Malacca,MY,2.196000099182129,102.2405014038086
I74872605,China Southern Power Grid (China),CN,23.164243698120117,112.89752197265625
I180952551,Central University of Himachal Pradesh,IN,32.22005844116211,76.32012939453125
I110263422,University West,SE,58.28364944458008,12.288640022277832
I81605866,Sidi Mohamed Ben Abdellah University,MA,34.03313,-5.00028
I253568910,Maharana Pratap University of Agriculture and Technology,IN,24.591552734375,73.73014068603516
I4400573230,Pratap University,,26.919620513916016,75.78781127929688
I4210096386,Bridge University,SS,4.835000038146973,31.600000381469727
I96797292,Noorul Islam University,IN,8.090080261230469,77.53840637207031
I4387152119,Jeppiaar Engineering College,,13.08784008026123,80.27847290039062
I110757952,Slovak University of Technology in Bratislava,SK,48.14815902709961,17.106740951538086
I4210096856,Innovation Engineering (Italy),IT,41.94922637939453,12.465599060058594
I28046988,Kwame Nkrumah University of Science and Technology,GH,6.68848,-1.62443
I878213199,Savitribai Phule Pune University,IN,18.51957,73.85535
I210824098,Wilmington University,US,39.68230056762695,-75.58699798583984
I160977438,West Ukrainian National University,UA,49.554039001464844,25.590669631958008
I185571130,Al-Farabi Kazakh National University,KZ,43.25,76.91667
I4210116924,"Chinese University of Hong Kong, Shenzhen",CN,22.68784523010254,114.20993041992188
I52180223,Hunan Agricultural University,CN,28.198740005493164,112.97087097167969
I47229656,University of Kufa,IQ,32.02593994140625,44.346248626708984
I7882870,University of Glasgow,GB,55.86515,-4.25763
I31151848,Technical University of Sofia,BG,42.697509765625,23.32415008544922
I131359167,Le Quy Don Technical University,VN,21.049198150634766,105.78578186035156
I188626449,Université Lumière Lyon 2,FR,45.74846,4.84671
I4210117146,St. Joseph's College New York,US,40.69050979614258,-73.9677734375
I4210119942,Wuhan Textile University,CN,30.583330154418945,114.26667022705078
I181063083,Abdul Wali Khan University Mardan,PK,34.19080352783203,72.03687286376953
I59475050,Jamia Millia Islamia,IN,28.62137,77.2148
I4210128956,Central Institute of Technology Kokrajhar,IN,26.4793758392334,90.30238342285156
I4210150944,Hunan Software Vocational Institute,CN,28.094343185424805,112.963623046875
I4210115377,VIB-KU Leuven Center for Microbiology,BE,50.86638259887695,4.672924041748047
I121883995,Johannes Kepler University of Linz,AT,48.30639,14.28611
I4210142005,University of Kerbala,IQ,32.61603,44.02488
I4210101451,Nanjing University of Industry Technology,CN,32.06167,118.77778
I138272832,Devi Ahilya Vishwavidyalaya,IN,22.71792,75.8333
I205924995,Japan Society for the Promotion of Science,JP,35.68716049194336,139.74038696289062
I4210109238,University of Buraimi,OM,24.23516273498535,55.89117431640625
I2800372957,China Electronics Technology Group Corporation,CN,39.907501220703125,116.39723205566406
I4210089285,Ji Hua Laboratory,CN,23.026769638061523,113.13147735595703
I4210136276,NASK National Research Institute,PL,52.22977066040039,21.01177978515625
I4210104622,Intel (Israel),IL,31.594755172729492,34.78805160522461
I4510145,Jiangxi University of Science and Technology,CN,28.81842041015625,115.43273162841797
I9579091,Indian Institute of Technology Mandi,IN,31.71194076538086,76.93273162841797
I87653560,VTT Technical Research Centre of Finland,FI,60.2052001953125,24.65220069885254
I83863532,Polytechnic Institute of Porto,PT,41.1485,-8.61097
I1333540553,Nitte University,IN,12.91723,74.85603
I4210126360,Centre Inria de Saclay,FR,48.71828,2.2498
I4210089621,Chizhou University,CN,30.661340713500977,117.47782897949219
I190632392,Luleå University of Technology,SE,65.58415222167969,22.15464973449707
I4210119567,Medi-Caps University,IN,22.717920303344727,75.83329772949219
I39824353,"National Institute of Astrophysics, Optics and Electronics",MX,19.03792953491211,-98.20346069335938
I4210149612,National Cooperative for the Disposal of Radioactive Waste (Switzerland),CH,47.46606,8.32663
I68618741,Polytechnic University of Bari,IT,41.12066,16.86982
I4400573290,National Institute of Technology Uttarakhand,,34.08565139770508,74.80554962158203
I4210166937,Korea Institute of Atmospheric Prediction Systems,KR,37.492069244384766,126.92350006103516
I124158823,Conservatoire National des Arts et Métiers,FR,48.85341,2.3488
I4210145724,Centre d'Etudes et De Recherche en Informatique et Communications,FR,48.85341,2.3488
I203172682,Northern Arizona University,US,35.19807052612305,-111.6512680053711
I189772984,Tzu Chi University,TW,23.992799758911133,121.59127044677734
I4210107055,China Academy of Transportation Sciences,CN,39.981834411621094,116.32735443115234
I39774598,Hefei University,CN,31.863889694213867,117.28083038330078
I4210096056,Shanghai CASB Biotechnology (China),CN,31.162311553955078,121.40687561035156
I161387315,American University of Madaba,JO,31.66128921508789,35.800750732421875
I4210155035,Academy of Cryptography Techniques,VN,21.0245,105.84117
I4210134346,G. M. Reddy Research Foundation,IN,17.411775588989258,78.57007598876953
I2802885015,Military Technical Academy,RO,44.41822052001953,26.086397171020508
I4210140267,Ikerlan,ES,43.06058120727539,-2.4989631175994873
I4210126311,Beijing Transportation Research Center,CN,39.88906478881836,116.35401153564453
I67311998,European Organization for Nuclear Research,CH,46.20222,6.14569
I125608817,Korea Institute for Advanced Study,KR,37.566,126.9784
I4210120584,The Polytechnic University of Japan,JP,35.72603,139.48508
I2799847335,Art Institute of Portland,US,45.5234489440918,-122.67620849609375
I41073452,Management Center Innsbruck,AT,47.26266098022461,11.394539833068848
I4210089056,Beijing Microelectronics Technology Institute,CN,39.80937194824219,116.40118408203125
I4210165591,Network Group (Czechia),CZ,49.183990478515625,16.662927627563477
I72951846,Washington State University,US,46.73127,-117.17962
I170733385,University of Applied Science and Technology,IR,35.720069885253906,51.33509826660156
I4210121573,Wuchang University of Technology,CN,30.4195613861084,114.37431335449219
I1296725772,University of Engineering & Management,IN,22.56263,88.36304
I1316064682,LinkedIn (United States),US,37.392730712890625,-122.040771484375
I49185572,Yunnan University of Finance And Economics,CN,25.038890838623047,102.71833038330078
I290407205,Meenakshi Academy of Higher Education and Research,IN,13.013999938964844,80.10700225830078
I4210086143,Alibaba Group (Cayman Islands),KY,19.291900634765625,-81.36798095703125
I149643846,Immanuel Kant Baltic Federal University,RU,54.70648956298828,20.510950088500977
I4210095764,Mitochondria Research and Medicine Society,US,52.49449920654297,-1.8938519954681396
I180910786,Universidad de la República,UY,-34.90328,-56.18816
I197081775,Annamalai University,IN,11.39933,79.69144
I20942203,Hainan University,CN,20.034210205078125,110.34651184082031
I4210101171,Zhejiang Industry Polytechnic College,CN,30.029321670532227,120.5784912109375
I4387154816,R.M.D. Engineering College,,13.08784008026123,80.27847290039062
I4210089092,GS Engineering (United States),US,47.106163024902344,-88.52092742919922
I142078773,Shenyang Institute of Automation,CN,41.79222106933594,123.43277740478516
I223093266,Caucasus University,GE,41.70785140991211,44.81098175048828
I4387154809,ABES Engineering College,,28.66534996032715,77.43914794921875
I99601430,"Maulana Abul Kalam Azad University of Technology, West Bengal",IN,22.56263,88.36304
I141103825,Nanchang Institute of Technology,CN,28.6839599609375,115.85305786132812
I4210120015,Nanchang Institute of Science & Technology,CN,28.610692977905273,115.75151062011719
I4210161475,Goce Delcev University,MK,41.74583053588867,22.195829391479492
I10091056,Kanazawa University,JP,36.599998474121094,136.61666870117188
I56822791,Ghana Institute of Management and Public Administration,GH,5.63754415512085,-0.20076599717140198
I141301092,China Meteorological Administration,CN,39.907501220703125,116.39723205566406
I4210137516,Beijing Meteorological Bureau,CN,39.946537017822266,116.29701232910156
I4210110931,Jinan Institute of Quantum Technology,CN,36.67444610595703,117.13257598876953
I4391767747,University of Constantine 3,DZ,36.2459,6.5671
I83202590,Jeju National University,KR,33.50972,126.52194
I118292597,National Taipei University of Technology,TW,25.05306,121.52639
I157674215,Presidency University,IN,22.56262969970703,88.363037109375
I163423212,University of Douala,CM,4.048270225524902,9.704279899597168
I4400573175,Input Output (Singapore),,1.2896699905395508,103.85006713867188
I4210096200,Fourth People's Hospital of Sichuan Province,CN,30.653114318847656,104.07624053955078
I4210145500,Guizhou Electric Power Design and Research Institute,CN,26.56276512145996,106.69889068603516
I111599522,Jiangnan University,CN,31.568870544433594,120.28856658935547
I244572783,Symbiosis International University,IN,18.51957,73.85535
I4210164135,"Birla Institute of Technology and Science, Pilani - Dubai Campus",AE,25.130979537963867,55.41830825805664
I24571045,University of North Dakota,US,47.92526,-97.03285
I2802457231,New Generation University College,ET,9.01169490814209,38.783321380615234
I3141939062,Institute for Information Industry,TW,25.047760009765625,121.53185272216797
I173899330,Henan University,CN,34.79859924316406,114.30741882324219
I4210129779,Sandbox Learning (United States),US,35.41706848144531,-80.4048080444336
I204275683,Satbayev University,KZ,43.25,76.91667175292969
I4210091170,Euskadiko Parke Teknologikoa,ES,43.30543899536133,-2.881160020828247
I4210138790,Jiangsu Yanjiang Chemical Resources Development Research Institute (China),CN,31.68526268005371,120.04700469970703
I967637,Gannon University,US,42.12836456298828,-80.08663940429688
I4210122443,Unchained Labs (United States),US,37.660057067871094,-121.90296936035156
I4210098074,P.V. Narsimha Rao Telangana Veterinary University,IN,17.327560424804688,78.4091567993164
I4210088753,Climate Outreach,GB,51.74866485595703,-1.239277958869934
I140940799,Bayburt University,TR,40.256309509277344,40.2228889465332
I4210128478,Hainan General Hospital,CN,20.007137298583984,110.2877426147461
I2802939634,Chinese PLA General Hospital,CN,39.907501220703125,116.39723205566406
I103434671,American International University-Bangladesh,BD,23.822608947753906,90.42749786376953
I4210088963,University of Ha'il,SA,27.521879196166992,41.690731048583984
I111950717,Macau University of Science and Technology,MO,22.20056,113.54611
I4210100137,Kaifeng University,CN,34.79859924316406,114.30741882324219
I1289187217,Swedish Armed Forces,SE,59.32938003540039,18.068710327148438
I188522409,Critical Software (Portugal),PT,40.19795227050781,-8.51360034942627
I4402554129,PAP Non-commissioned Officer School,,30.293649673461914,120.16142272949219
I131434179,Nanjing University of Chinese Medicine,CN,32.061668395996094,118.77777862548828
I4210153931,D.Y. Patil University,IN,19.008285522460938,73.03321075439453
I126596746,Jagiellonian University,PL,50.061431884765625,19.936580657958984
I3019243323,Center for Theoretical Physics,PL,52.17692947387695,21.008512496948242
I4210115222,Advanced Numerical Research and Analysis Group,IN,17.33394432067871,78.49211883544922
I104817121,University of Sarajevo,BA,43.84864,18.35644
I36909309,National Institute of Technology Hamirpur,IN,31.71194,76.93273
I4210086866,Qinghai University Affiliated Hospital,CN,36.62335205078125,101.7626724243164
I17389662,University of Nicosia,CY,35.17530822753906,33.364200592041016
I4387155381,Sri Eshwar College of Engineering,,11.005550384521484,76.96611785888672
I4210124459,Association of Electronic and Information Technologies,ES,43.31283187866211,-1.9749900102615356
I4210086088,Guangxi Academy of Special Crops,CN,25.270784378051758,110.32513427734375
I4210142927,Molteno Institute for Language and Literacy,ZA,-26.177528381347656,28.049785614013672
I96478251,Hunan Institute of Technology,CN,26.88945960998535,112.61888122558594
I118590987,Northern Border University,SA,30.975309371948242,41.03807830810547
I4210093609,Digital China Health (China),CN,39.9795036315918,116.30659484863281
I3132999081,Marwadi University,IN,22.291610717773438,70.79322052001953
I4210162171,Inser (Switzerland),CH,46.542598724365234,6.628561973571777
I4210142324,CY Cergy Paris Université,FR,49.03894,2.07805
I4210088227,MIT World Peace University,IN,18.519569396972656,73.8553466796875
I98381234,University of Oulu,FI,65.01236,25.46816
I4210135679,Antea Group (France),FR,47.84799575805664,1.9246289730072021
I858936495,ZHAW Zurich University of Applied Sciences,CH,47.50564,8.72413
I71209653,Bocconi University,IT,45.464271545410156,9.189510345458984
I4210146506,Koto Hospital,JP,35.690311431884766,139.83425903320312
I60054993,Graphic Era University,IN,30.324430465698242,78.03392028808594
I4400573295,Guangzhou Huashang College,,23.116670608520508,113.25
I196608512,PES University,IN,12.971940040588379,77.59368896484375
I53110688,University of Córdoba,ES,37.89154815673828,-4.772749900817871
I4210135055,Institute of Information and Computational Technologies,KZ,43.24551773071289,76.95336151123047
I129627893,University of Molise,IT,41.559471130371094,14.667369842529297
I71459812,Beijing International Studies University,CN,39.907501220703125,116.39723205566406
I443798,National Defense Academy of Japan,JP,35.257667541503906,139.7219696044922
I1317171322,National Archives and Records Administration,US,38.895111083984375,-77.03636932373047
I138564716,Prince Mohammad bin Fahd University,SA,26.27943992614746,50.20832824707031
I4401726783,VIT-AP University,,16.299739837646484,80.45729064941406
I1282105669,Argonne National Laboratory,US,41.673641204833984,-88.0017318725586
I78715868,University of Arkansas at Fayetteville,US,36.067901611328125,-94.17365264892578
I4210102512,Cotton University,IN,26.18440055847168,91.74579620361328
I4210087731,Guizhou Education University,CN,26.583330154418945,106.71666717529297
I4210162994,Xijing University,CN,34.258331298828125,108.9286117553711
I860003557,Punjab Engineering College,IN,30.736289978027344,76.78839874267578
I178777954,Kohat University of Science and Technology,PK,33.523162841796875,71.44570922851562
I140352217,Uka Tarsadia University,IN,21.195940017700195,72.83023071289062
I202963720,University of St.Gallen,CH,47.42391,9.37477
I4210105918,Normandie Université,FR,49.185848236083984,-0.3591200113296509
I33926330,Al-Balqa Applied University,JO,32.03916931152344,35.72721862792969
I4210143900,Rural Development Institute,CN,39.908023834228516,116.42842864990234
I172980758,Kennesaw State University,US,34.02342987060547,-84.61549377441406
I2800249161,Military University of Technology in Warsaw,PL,52.22977066040039,21.01177978515625
I63169043,United International University,BD,23.710399627685547,90.40744018554688
I4210121466,Indian Institute of Technology Bhilai,IN,21.209190368652344,81.42849731445312
I4210146358,Raisoni Group of Institutions,IN,21.146310806274414,79.08490753173828
I4210139507,State Nuclear Power Technology Company (China),CN,39.91853713989258,116.38230895996094
I136259955,Toyohashi University of Technology,JP,34.70166778564453,137.4086151123047
I4210155527,Al-Furat Al-Awsat Technical University,IQ,32.02593994140625,44.346248626708984
I98227222,China National Petroleum Corporation (China),CN,39.907501220703125,116.39723205566406
I887998513,Bharati Vidyapeeth Deemed University,IN,18.51957,73.85535
I4210098157,Terna Dental College and Hospital,IN,19.030651092529297,73.01607513427734
I1283382300,BMW (Germany),DE,48.137428283691406,11.57548999786377
I4210156768,BMW Group (Germany),DE,48.19819259643555,11.601917266845703
I58077936,Romanian Academy,RO,44.43225,26.10626
I2802982682,Sandip Foundation,IN,19.99727,73.79096
I206961696,University of Biskra,DZ,34.850379943847656,5.728050231933594
I157638225,"California State University, Northridge",US,34.22834014892578,-118.53675079345703
I464993,Barkatullah University,IN,23.20484733581543,77.45232391357422
I4210133778,Inria Rennes - Bretagne Atlantique Research Centre,FR,48.11198,-1.67429
I347237974,Ashoka University,IN,28.946714401245117,77.10211181640625
I64222039,National University of Mongolia,MN,47.907711029052734,106.88323974609375
I4210122178,Hewlett Packard Enterprise (United States),US,37.41459655761719,-122.14637756347656
I2800922704,Dean College,US,42.08527755737305,-71.39888763427734
I4210130476,Datta Meghe Institute of Medical Sciences,IN,20.73933,78.59784
I11701301,Griffith University,AU,-27.46794,153.02809
I119241673,Indian Institute of Technology Ropar,IN,30.96895980834961,76.52694702148438
I4210153482,Changzhou University,CN,31.783184051513672,119.90801239013672
I52719799,Blekinge Institute of Technology,SE,56.16156005859375,15.586609840393066
I4210140610,IdroGeo,IT,43.54594039916992,11.043757438659668
I38877650,Zhengzhou University,CN,34.75777816772461,113.64861297607422
I4210094772,Henan University of Engineering,CN,34.623207092285156,113.69159698486328
I4210134288,Sanya Central Hospital,CN,18.252891540527344,109.5048828125
I4210151462,New York Genome Center,US,40.714271545410156,-74.00596618652344
I4210132426,Shanghai Fudan Microelectronics (China),CN,31.28917121887207,121.50605773925781
I63601056,Menoufia University,EG,30.55258,31.00904
I4210108110,Mohamed I University,MA,34.65137481689453,-1.8987619876861572
I202391551,Czech Academy of Sciences,CZ,50.08804,14.42076
I4210137318,Uttarakhand Seva Nidhi Paryavaran Shiksha Sansthan,IN,29.60472297668457,79.6635513305664
I158949172,Curtin University Sarawak,MY,4.399280071258545,113.99163055419922
I4210112489,William V. S. Tubman University,LR,4.378200054168701,-7.71081018447876
I240666556,Imam Mohammad ibn Saud Islamic University,SA,24.68773078918457,46.72185134887695
I4210145266,Southern Technical University,IQ,30.457168579101562,47.76796340942383
I4210162809,Kashi University,CN,39.47066116333008,75.98950958251953
I199440890,American University of Sharjah,AE,25.337369918823242,55.41205978393555
I151013683,Binzhou University,CN,37.366668701171875,118.01667022705078
I134841294,Binzhou Medical University,CN,37.47649002075195,121.44081115722656
I4210100255,Beijing Academy of Artificial Intelligence,CN,39.99357223510742,116.3315200805664
I10660446,Kunming University of Science and Technology,CN,25.061561584472656,102.69563293457031
I1338984714,ADVA Optical Networking (Germany),DE,48.111324310302734,11.447998046875
I153327471,Bunkyo University,JP,35.904930114746094,139.77389526367188
I32574673,Shantou University,CN,23.354890823364258,116.67875671386719
I4210112337,University of Hafr Al-Batin,SA,24.68773078918457,46.72185134887695
I138847295,Universitat Oberta de Catalunya,ES,41.38879,2.15899
I65196183,Tatung University,TW,25.06765365600586,121.52125549316406
I76571253,Imam Abdulrahman Bin Faisal University,SA,26.434419631958008,50.1032600402832
I161028277,Institute for Advanced Studies in Basic Sciences,IR,36.7062873840332,48.50742721557617
I4210094866,Maharaj Vijayaram Gajapathi Raj College of Engineering,IN,18.06050682067871,83.40557861328125
I142740786,University of Louisville,US,38.25423812866211,-85.75940704345703
I4210151372,Gandhi Medical College,IN,23.259925842285156,77.39096069335938
I916357946,Sri Sivasubramaniya Nadar College of Engineering,,13.08784008026123,80.27847290039062
I183859904,"Islamic Azad University, Mashhad",IR,36.29806900024414,59.60567092895508
I106645853,Changchun University of Science and Technology,CN,43.880001068115234,125.3227767944336
I122534668,Marche Polytechnic University,IT,43.594200134277344,13.50337028503418
I4058158,Merrimack College,US,42.66770935058594,-71.12257385253906
I4210151956,Robert Bosch (India),IN,12.946561813354492,77.60552978515625
I90267481,Umeå University,SE,63.82842,20.25972
I91972364,Tai Solarin University of Education,NG,6.819439888000488,3.9173099994659424
I4210150840,Ministry of Education,BD,23.728958129882812,90.40867614746094
I4210147933,Urumqi General Hospital of PLA,CN,43.82651138305664,87.58712005615234
I4210100229,Institute of Engineering Physics,RU,54.90189743041992,37.40299606323242
I126527374,Peoples' Friendship University of Russia,RU,55.75204,37.61781
I81007117,Lucerne University of Applied Sciences and Arts,CH,47.05048,8.30635
I4210162962,Beijing Academy of Science and Technology,CN,39.94837951660156,116.30894470214844
I4210116476,MVJ Medical College and Research Hospital,IN,13.070699691772461,77.79814147949219
I115715567,"Birla Institute of Technology, Mesra",IN,23.34316062927246,85.30940246582031
I4210147622,Groupe d'Analyse et de Théorie Economique Lyon St Etienne,FR,45.77437,4.77758
I56125125,Polytechnic Institute of Viseu,PT,40.66101,-7.90971
I133557312,Rikkyo University,JP,35.68949890136719,139.69171142578125
I4210114538,"Center on Race, Poverty and the Environment",US,35.77201843261719,-119.26216125488281
I291863076,University of Energy and Natural Resources,GH,7.3504509925842285,-2.3430941104888916
I4210092437,Education Authority,GB,54.60429382324219,-5.927948951721191
I4210122102,Ministry of Finance of the People's Republic of China,CN,39.9075,116.39723
I165230279,Universitas Gadjah Mada,ID,-7.801390171051025,110.3647232055664
I4210157058,Hesco (United States),US,37.722312927246094,-122.18872833251953
I4210141898,STS International,US,37.66232681274414,-121.87454223632812
I4210116219,Engineering Systems (United States),US,41.2642822265625,-96.1151123046875
I4210135483,Beijing Institute of Graphic Communication,CN,39.907501220703125,116.39723205566406
I169427155,Instituto Politécnico de Leiria,PT,39.74362,-8.80705
I4210142780,Turin Polytechnic University,UZ,41.3507194519043,69.22097778320312
I1311060795,U.S. National Science Foundation,US,38.80484,-77.04692
I37802460,Northwest University,CN,34.258331298828125,108.9286117553711
I4210102949,Ontario Drive & Gear (Canada),CA,43.376678466796875,-80.69429016113281
I3125470973,Istanbul Medipol University,TR,41.01383972167969,28.94965934753418
I162266279,Temasek Life Sciences Laboratory,SG,1.2896699905395508,103.85006713867188
I111966504,University of Fukui,JP,36.064430236816406,136.22256469726562
I68666633,Grenoble Ecole de Management,FR,45.17869186401367,5.714789867401123
I4210149102,Sanya University,CN,18.32860565185547,109.55880737304688
I4210159102,Huawei Technologies (Sweden),SE,59.40597152709961,17.9461612701416
I4210139765,Beijing Computing Center,CN,40.07789993286133,116.23550415039062
I136765683,Tianjin University of Technology,CN,39.14221954345703,117.17666625976562
I4210139842,Tay Bac University,VN,21.325599670410156,103.9188232421875
I83123760,Shahid Rajaee Teacher Training University,IR,35.69438934326172,51.4215087890625
I2800580492,Shatt Al-Arab University College,IQ,30.508520126342773,47.780399322509766
I4210115718,Thai Nguyen University,VN,21.59422,105.84817
I69552723,University of Pretoria,ZA,-25.74485969543457,28.187829971313477
I170172562,Guizhou University of Finance and Economics,CN,26.583330154418945,106.71666717529297
I4210137061,American Jewish World Service,US,40.750648498535156,-73.98552703857422
I4210091247,University for Peace,CR,9.91944408416748,-84.27278137207031
I55538621,China Jiliang University,CN,30.319089889526367,120.36405181884766
I899713450,Air University,PK,33.71499252319336,73.02461242675781
I3131412887,Jiangxi University of Technology,CN,28.681272506713867,116.0176773071289
I49934816,Hunan University of Technology,CN,27.817594528198242,113.12696838378906
I94948490,B.S. Abdur Rahman Crescent Institute of Science & Technology,IN,13.08784008026123,80.27847290039062
I4210119420,Stellar Solutions (United States),US,37.4294319152832,-122.14447784423828
I154549908,Indian Institute of Technology Jodhpur,IN,26.26841,73.00594
I26285277,Guru Ghasidas Vishwavidyalaya,IN,22.080049514770508,82.15543365478516
I84381889,Alps Electric (Japan),JP,35.43585968017578,139.362548828125
I3131484930,National Institute of Technology Nagaland,IN,25.911739349365234,93.7217025756836
I4210108137,Siddhartha University,NP,27.658428192138672,85.50775909423828
I2802723755,Independent Sector,US,38.90342712402344,-77.03726959228516
I4210090411,Google DeepMind (United Kingdom),GB,51.50853,-0.12574
I4210112270,Qingdao Academy of Intelligent Industries,CN,36.08082580566406,120.38402557373047
I4210162190,"China University of Petroleum, East China",CN,36.06488037109375,120.38041687011719
I4210143016,Changchun Institute of Technology,CN,43.880001068115234,125.3227767944336
I133270356,Tianjin University of Technology and Education,CN,39.14222,117.17667
I4210106134,Guangzhou Vocational College of Science and Technology,CN,23.06997299194336,113.3403549194336
I132369690,Tianjin University of Science and Technology,CN,39.14221954345703,117.17666625976562
I4210138464,Shandong Lianxing Energy Group (China),CN,36.67674255371094,117.03181457519531
I4210114441,Zhejiang Provincial Public Security Department,CN,30.25029182434082,120.1741714477539
I173759888,Hunan Normal University,CN,28.198740005493164,112.97087097167969
I4210123940,Ministry of Education,PT,38.71667,-9.13333
I2799534737,Wellspring University,NG,6.33815,5.62575
I4210100356,Ministry of Education,CL,-33.456939697265625,-70.64826965332031
I4210157581,Jiangsu Police Officer College,CN,31.993244171142578,118.75922393798828
I124121301,Lucian Blaga University of Sibiu,RO,45.79999923706055,24.149999618530273
I2801788740,Isothermal Community College,US,35.337730407714844,-81.91377258300781
I4210151598,École Polytechnique de Thiès,SN,14.78944,-16.92602
I4210155102,Chongqing Academy of Chinese Materia Medica,CN,29.599075317382812,106.52245330810547
I74885063,Sharda University,IN,28.49614906311035,77.5360107421875
I147869694,Continental (Germany),DE,52.395484924316406,9.729541778564453
I55921689,La Roche College,US,40.44062,-79.99589
I4210137933,Universidade Regional do Noroeste do Estado do Rio Grande do Sul,BR,-27.43320655822754,-53.93677520751953
I4210103631,Centro de Estudos e Pesquisa em Saúde Coletiva,BR,-22.911102294921875,-43.23606491088867
I38706770,Guilin University of Technology,CN,25.28022003173828,110.29638671875
I4400573310,Hangzhou City University,,30.293649673461914,120.16142272949219
I157219812,Satya Wacana Christian University,ID,-7.331940174102783,110.49278259277344
I183764125,Technical University of Košice,SK,48.713951110839844,21.258079528808594
I11944219,Universidad de La Frontera,CL,-38.73965072631836,-72.59841918945312
I1283576576,NetApp (United States),US,37.368831634521484,-122.03634643554688
I177537411,Bauman Moscow State Technical University,RU,55.76583480834961,37.684722900390625
I4210143702,Institut Sains dan Teknologi Al-Kamal,ID,-6.21462,106.84513
I4210124847,National Engineering Research Center of Electromagnetic Radiation Control Materials,CN,30.684795379638672,104.07703399658203
I4210157653,Institute of Mechanics,CN,39.907501220703125,116.39723205566406
I4210152846,München Klinik Neuperlach,DE,48.09482192993164,11.65630054473877
I4210090971,Southeast University,BD,23.7950439453125,90.40459442138672
I4210154266,Swedish National Forensic Centre,SE,58.396888732910156,15.618735313415527
I4400009020,Institute of Science Tokyo,,35.68949890136719,139.69171142578125
I140221134,Anhui Agricultural University,CN,31.860065460205078,117.25733184814453
I4210148552,Equipes Traitement de l'Information et Systèmes,FR,49.03894,2.07805
I4210145126,Aditya Birla (India),IN,19.010974884033203,72.822265625
I4210135709,Industrial Systems Institute,GR,38.24444,21.73444
I4210136741,Wuhan Applied Science and Technology School,CN,30.603282928466797,114.30582427978516
I142637625,Okinawa Institute of Science and Technology Graduate University,JP,26.475950241088867,127.852783203125
I4210137436,JSS Science and Technology University,IN,12.2979097366333,76.63925170898438
I126824641,JSS Academy of Higher Education and Research,IN,12.29791,76.63925
I114173286,Gujarat University,IN,23.02579,72.58727
I4210103733,Shandong Xiehe University,CN,36.802330017089844,117.19615173339844
I154425047,University of Alberta,CA,53.55014,-113.46871
I4210143258,SBS CyberSecurity (United States),US,43.99888229370117,-97.10891723632812
I188538660,University of Colorado Boulder,US,40.014991760253906,-105.27055358886719
I94415630,Sri Padmavati Mahila Visvavidyalayam,IN,13.63551,79.41989
I867306930,Power Grid Corporation (India),IN,28.473941802978516,77.0713119506836
I72373871,Achva Academic College,IL,31.745222091674805,34.77436447143555
I4210087596,Qualcomm (United States),US,32.89516830444336,-117.19572448730469
I4210111675,Market Matters,US,42.4355354309082,-76.50122833251953
I4210126839,Mastercard (United States),US,41.0233268737793,-73.71409606933594
I21642278,Ningxia University,CN,38.46805953979492,106.27306365966797
I190765188,Ambedkar University Delhi,IN,28.65195,77.23149
I144648426,Norwegian Computing Center,NO,59.9127311706543,10.746089935302734
I3045169105,Southern University of Science and Technology,CN,22.54554,114.0683
I4210114105,Tsinghua–Berkeley Shenzhen Institute,CN,22.54553985595703,114.06829833984375
I1284762954,Zhejiang A & F University,CN,30.23333,119.71667
I4210086299,Noida International University,IN,28.49614906311035,77.5360107421875
I4210156128,Electronics Research Institute,EG,30.00943946838379,31.20861053466797
I4210090273,Madison Group (United States),US,42.99638748168945,-89.4278335571289
I195740183,University of Moratuwa,LK,6.7729997634887695,79.88159942626953
I4210121870,Temasek Defence Systems Institute,SG,1.296712040901184,103.77642822265625
I4210148911,Central Arkansas Radiation Therapy Institute,US,34.743892669677734,-92.36785888671875
I4210108906,China Metallurgical Geology Bureau,CN,39.93476104736328,116.49345397949219
I36622005,Petra University,JO,31.955219268798828,35.945030212402344
I94611258,Hebei Normal University,CN,38.04138946533203,114.47860717773438
I189462010,Universiti Brunei Darussalam,BN,4.890349864959717,114.9400634765625
I4210101034,Birla Institute of Technology and Science - Hyderabad Campus,IN,17.54506492614746,78.57073211669922
I4210119396,Social Service Sericulture Project Trust,IN,10.31847858428955,77.93250274658203
I4210124651,Phenikaa University,VN,20.961240768432617,105.74747467041016
I3133090473,Weinan Normal University,CN,34.5035514831543,109.5089111328125
I117723502,University of N'Djamena,TD,12.106719970703125,15.044400215148926
I55143463,University of Turin,IT,45.07049,7.68682
I166843116,Sepuluh Nopember Institute of Technology,ID,-7.249169826507568,112.7508316040039
I56007636,Keele University,GB,53.0,-2.233330011367798
I4210100297,Institute for Telecommunication Sciences,US,40.014991760253906,-105.27055358886719
I2802640032,Foundation Center,US,40.704681396484375,-74.0075454711914
I189290911,National Chung Shan Institute of Science and Technology,TW,24.825149536132812,121.22079467773438
I160262251,Thompson Rivers University,CA,50.666481018066406,-120.31919860839844
I58534130,Deutsche Telekom (United Kingdom),GB,51.8051872253418,-0.19642199575901031
I143804889,Loughborough University,GB,52.76667022705078,-1.2000000476837158
I112281704,Research Council of Finland,FI,60.16952,24.93545
I223822909,Heidelberg University,DE,49.40768,8.69079
I4210118696,Mitra Biotech (India),IN,12.817276000976562,77.74142456054688
I4210146410,Science Oxford,GB,51.751075744628906,-1.2386599779129028
I2800814574,Sahmyook Medical Center,KR,37.587730407714844,127.06513214111328
I80432865,Hainan Tropical Ocean University,CN,18.30948829650879,109.53500366210938
I4210161995,Yulin University,CN,38.29180908203125,109.73753356933594
I123431417,Scripps Research Institute,US,32.7157096862793,-117.16471862792969
I905734797,Maharshi Dayanand University,IN,28.89447,76.58917
I129043915,University of Udine,IT,46.06930160522461,13.237150192260742
I4210087915,Massachusetts General Hospital,US,42.358428955078125,-71.05976867675781
I4210128565,CEA Paris-Saclay,FR,48.68333,2.13333
I4210163633,Institut de Physique Théorique,FR,48.68333,2.13333
I319786031,Catholic University of Mozambique,MZ,-19.843610763549805,34.838890075683594
I4210115196,Laboratoire d’Informatique Fondamentale de Marseille,FR,43.29695129394531,5.381070137023926
I52703040,Kannur University,IN,11.86752,75.35763
I124261006,École Supérieure des Sciences Économiques et Commerciales,FR,49.03644943237305,2.076129913330078
I71838634,San Francisco State University,US,37.77493,-122.41942
I2800278093,Sony Corporation (United States),US,40.717281341552734,-74.00550079345703
I62885914,Universidade Federal do Amazonas,BR,-3.10194,-60.025
I12700597,Sivas Cumhuriyet Üniversitesi,TR,39.748329162597656,37.016109466552734
I303593345,Chaudhary Charan Singh University,IN,28.98002,77.70636
I23075662,Taibah University,SA,24.480899810791016,39.544944763183594
I114499477,University of Fort Hare,ZA,-32.78749084472656,26.834400177001953
I150589677,Tampere University of Applied Sciences,FI,61.504032135009766,23.809003829956055
I65220239,Karpagam Academy of Higher Education,IN,11.005550384521484,76.96611785888672
I4210109742,Shree Krishna Hospital,IN,22.541324615478516,72.89315795898438
I4210104198,Laboratoire Spécification et Vérification,FR,48.796321868896484,2.3366100788116455
I2801227569,Ghent University Hospital,BE,51.025169372558594,3.725213050842285
I2799330578,Children's Hospital of Eastern Ontario,CA,45.4011116027832,-75.6513900756836
I181233156,University of Oregon,US,44.05207,-123.08675
I4210161254,Woking Community Hospital,GB,51.31515121459961,-0.5565209984779358
I2293663,Governors State University,US,41.448646545410156,-87.71669006347656
I161321875,University of Beira Interior,PT,40.28106,-7.50504
I1343035065,United States Department of Commerce,US,38.89511,-77.03637
I1339947260,Steno Diabetes Center,DK,55.75238,12.5745
I4210104314,New York Institute of Technology,US,40.71427,-74.00597
I4210113955,Qom Islamic Azad University,IR,34.640098571777344,50.876399993896484
I919208787,Louisiana Tech University,US,32.52320861816406,-92.63793182373047
I4210097016,International Institute of Information Technology,IN,20.29490089416504,85.74369812011719
I129871486,Oregon Institute of Technology,US,42.22486877441406,-121.78166961669922
I202367325,Oldenburger Institut für Informatik,DE,53.14118,8.21467
I4210160618,Huawei Technologies (United Kingdom),GB,51.24959182739258,-1.0910240411758423
I4210136595,Hamburg Institut (Germany),DE,53.55158996582031,9.93570613861084
I4210142658,Naif Arab University for Security Sciences,SA,24.68773078918457,46.72185134887695
I10011244,Huanggang Normal University,CN,30.450000762939453,114.80000305175781
I47251452,Wake Forest University,US,36.09986,-80.24422
I35601441,Osun State University,NG,7.762731075286865,4.601260185241699
I103562704,ESI Group (France),FR,48.85340881347656,2.34879994392395
I4210110507,Fraunhofer Institute for Applied Information Technology,DE,50.77538,7.197
I160414472,Schott (Germany),DE,50.016117095947266,8.243880271911621
I4210155268,Salesforce (United States),US,37.77492904663086,-122.41941833496094
I4210112840,Cambridge Electronics (United States),US,42.3643913269043,-71.10150146484375
I204490172,Shiraz University of Technology,IR,29.582048416137695,52.579219818115234
I4210143237,QLT (Canada),CA,49.28790283203125,-122.6890640258789
I4387154962,1QBit,,49.24966049194336,-123.11933898925781
I66514158,Hacettepe University,TR,39.91986846923828,32.854270935058594
I94509681,Technische Universität Braunschweig,DE,52.26594,10.52673
I4210117164,Luoyang Normal University,CN,34.68360900878906,112.45361328125
I82952536,King Khalid University,SA,18.21639060974121,42.505279541015625
I4210158519,Informa (Sweden),SE,55.700897216796875,13.191856384277344
I204465549,Washington University in St. Louis,US,38.62727,-90.19789
I123185442,Reykjavík University,IS,64.13548278808594,-21.895410537719727
I2802236040,University of Colorado System,US,40.014991760253906,-105.27055358886719
I134542131,University of Ilorin,NG,8.4966402053833,4.542140007019043
I143485900,Trout Unlimited,US,38.89676284790039,-77.0692138671875
I4210143260,Indira Gandhi Delhi Technical University for Women,IN,28.665504455566406,77.23235321044922
I4210100607,"Institute of Electronics, Computer and Telecommunication Engineering",IT,45.06315994262695,7.66071081161499
I166533956,Institute of Management Technology,IN,28.66535,77.43915
I1295339012,Boeing (United States),US,41.85002899169922,-87.6500473022461
I4210129173,Defense Systems (United States),US,38.928558349609375,-77.24669647216797
I4210110609,Chongqing University of Arts and Sciences,CN,29.56026,106.55771
I141445968,Ton Duc Thang University,VN,10.823019981384277,106.62964630126953
I52066220,Instituto Superior da Maia,PT,41.2695198059082,-8.616833686828613
I1925986,Loyola University Chicago,US,41.85002899169922,-87.6500473022461
I1289243028,Oak Ridge National Laboratory,US,36.01036071777344,-84.26963806152344
I155284866,"Maharishi Markandeshwar University, Mullana",IN,30.250764846801758,77.04505920410156
I4210159029,Guangzhou HKUST Fok Ying Tung Research Institute,CN,22.749744415283203,113.60736083984375
I862893732,Telkom University,ID,-6.92222,107.60694
I4210121799,Medical Insurance Group Australia,AU,-34.92713165283203,138.59661865234375
I4210137755,National College,MX,19.43671989440918,-99.13208770751953
I188329596,University of Canberra,AU,-35.2834587097168,149.12806701660156
I4394709116,UNSW Canberra,,-35.2834587097168,149.12806701660156
I4210123833,Civil Aviation Management Institute of China,CN,39.9841423034668,116.478271484375
I178331978,Université de Dschang,CM,5.443970203399658,10.053319931030273
I79620101,University of Arkansas for Medical Sciences,US,34.74648,-92.28959
I4210162662,Digital Equipment (Germany),DE,50.76044845581055,7.344909191131592
I76134821,Medical University of Vienna,AT,48.20849,16.37208
I203474044,"National Centre of Scientific Research ""Demokritos""",GR,37.983760833740234,23.727840423583984
I4387152169,Institute of Informatics & Telecommunications,,39.142311096191406,23.425079345703125
I2799502024,Royal Observatory of Belgium,BE,50.799560546875,4.35883092880249
I157455823,SUNY New Paltz,US,41.747589111328125,-74.08680725097656
I1343551460,The University of Texas MD Anderson Cancer Center,US,29.76328,-95.36327
I79765343,University of Vaasa,FI,63.096,21.61577
I81433678,Sikkim Manipal University,IN,27.317506790161133,88.59712219238281
I177918364,Providence University,TW,24.226943969726562,120.58000183105469
I55240360,Yeungnam University,KR,35.87028,128.59111
I32394136,Northumbria University,GB,54.97328186035156,-1.6139600276947021
I38192578,Pandit Ravishankar Shukla University,IN,21.246639251708984,81.59899139404297
I4210106108,Xinjiang Technical Institute of Physics & Chemistry,CN,43.800960540771484,87.60045623779297
I1793135,Yanbian University,CN,42.888248443603516,129.50241088867188
I1289490764,Centers for Disease Control and Prevention,US,33.749000549316406,-84.38797760009766
I45391821,Gakushuin University,JP,35.68949890136719,139.69171142578125
I76777374,Central University of Rajasthan,IN,26.45210075378418,74.638671875
I196622127,Rajiv Gandhi Technical University,IN,23.25469,77.40289
I90745801,University of New England,AU,-30.50123,151.66553
I16337185,University of Sannio,IT,41.1307,14.77816
I4210157587,Exfo Electro-Optical Engineering (Canada),CA,46.81432342529297,-71.27127838134766
I4210134421,INTRASOFT International (Luxembourg),LU,49.60506820678711,6.086080074310303
I2801935854,SLAC National Accelerator Laboratory,US,37.45383,-122.18219
I4210120900,Stanford Synchrotron Radiation Lightsource,US,37.45383071899414,-122.18218994140625
I4210096394,Queens University,BD,23.772912979125977,90.36019897460938
I4391767673,State Key Laboratory of ASIC and System,,31.222219467163086,121.45806121826172
I4210160754,Vlerick Business School,BE,51.04999923706055,3.716670036315918
I4028839,Biju Patnaik University of Technology,IN,22.22496,84.86414
I4210143496,Shanghai Harbour Engineering Design & Research Institute,CN,31.197383880615234,121.4380111694336
I55545905,American Mathematical Society,US,41.83830261230469,-71.4192123413086
I16944753,Clarkson University,US,44.66978073120117,-74.98130798339844
I1283155146,Panasonic (Japan),JP,34.743953704833984,135.5719757080078
I1331084196,National Forensic Sciences University,IN,23.21667,72.68333
I926574661,Leipzig University,DE,51.33962,12.37129
I2885711838,TDF (France),FR,48.831817626953125,2.2807729244232178
I108103353,Universidad de Valladolid,ES,41.65541,-4.72353
I44377176,European Space Research and Technology Centre,NL,52.23400115966797,4.444739818572998
I3020002803,Instituto Federal do Rio Grande do Norte,BR,-5.749411106109619,-35.260826110839844
I4210160531,Chinese People's Liberation Army,CN,39.907501220703125,116.39723205566406
I2800217829,The Tor Project,US,47.60026931762695,-122.33443450927734
I48843708,Pamukkale University,TR,37.774169921875,29.087499618530273
I196729704,Southern Illinois University School of Medicine,US,39.80172,-89.64371
I66083562,Systems Research Institute,PL,52.24589920043945,20.940231323242188
I113306721,Hiroshima University,JP,34.400001525878906,132.4499969482422
I902853133,University of Rajshahi,BD,24.374000549316406,88.60114288330078
I16269868,Santa Clara University,US,37.35411071777344,-121.95523834228516
I175381709,Codexis (United States),US,37.48522,-122.23635
I1343871089,Los Alamos National Laboratory,US,35.88808059692383,-106.30696868896484
I182212641,University of Salzburg,AT,47.79941177368164,13.043990135192871
I4210089966,London School of Hygiene & Tropical Medicine,GB,51.52090072631836,-0.1307000070810318
I4210120717,Faculty of Public Health,GB,51.52533721923828,-0.1452299952507019
I157536573,Institut Pasteur,FR,48.85341,2.3488
I164633055,Zirve University,TR,36.980140686035156,37.29957962036133
I188017875,Thomas Jefferson School of Law,US,32.71036148071289,-117.15424346923828
I34155123,Hebei University of Science and Technology,CN,38.04138946533203,114.47860717773438
I12834331,University of Wyoming,US,41.31137,-105.5911
I4210137750,UC Irvine Health,US,33.78624725341797,-117.8669662475586
I200870766,Brookhaven National Laboratory,US,40.86954,-72.88677
I113508548,Albany State University,US,31.578510284423828,-84.1557388305664
I392282,"University at Albany, State University of New York",US,42.65258026123047,-73.75623321533203
I1311436738,New South Wales Department of Health,AU,-33.8390007019043,151.2071990966797
I33434090,University of Massachusetts Boston,US,42.358428955078125,-71.05976867675781
I72139825,École Nationale Supérieure des Arts et Industries Textiles,FR,50.694210052490234,3.174560070037842
I70876197,Babol University of Medical Sciences,IR,36.53120040893555,52.67810821533203
I142606810,Pacific Northwest National Laboratory,US,46.28569030761719,-119.28446197509766
I97429440,University of Wales,GB,51.47999954223633,-3.180000066757202
I161548249,Bangor University,GB,53.22751998901367,-4.129360198974609
I1288214837,United States Naval Research Laboratory,US,38.895111083984375,-77.03636932373047
I2534966,Patna University,IN,25.59408,85.13563
I1333512998,United States Census Bureau,US,38.84872,-76.92386
I7597260,Hungarian Academy of Sciences,HU,47.49835,19.04045
I168416876,Northern Kentucky University,US,39.033119201660156,-84.45188903808594
I52418104,Universidade Federal do Paraná,BR,-25.427780151367188,-49.2730598449707
I4210152518,Laboratoire d'Informatique Gaspard-Monge,FR,48.85,2.6
I2800365227,Paris-Est Sup,FR,48.849998474121094,2.5999999046325684
I4210155419,Center for Systems Biology,US,42.3631591796875,-71.06873321533203
I4210116506,Wyoming Department of Education,US,41.14113998413086,-104.82074737548828
I2800655693,Lyceum of the Philippines University,PH,14.6042,120.9822
I4210148498,Bioinformatics Institute,SG,1.2896699905395508,103.85006713867188
I4210153885,Institute of Bioinformatics and Applied Biotechnology,IN,12.97194,77.59369
I860813019,Bharath University,IN,13.08784008026123,80.27847290039062
I121820613,Louisiana State University,US,30.44332,-91.18747
I59411706,Adam Mickiewicz University in Poznań,PL,52.40692,16.92993
I4210136004,University of Bisha,SA,20.000539779663086,42.605201721191406
I2803079837,American University of the Middle East,KW,29.177780151367188,48.09471893310547
I4210164065,Université Hassan II Mohammedia,MA,33.68606948852539,-7.382979869842529
I4210149145,Xavier Institute of Communications,IN,18.944828033447266,72.83195495605469
I4210125414,Lincoln University College,MY,3.0971760749816895,101.5914535522461
I880747138,Science Applications International Corporation (United States),US,38.93428,-77.17748
I4210128140,Guangdong University of Petrochemical Technology,CN,21.676591873168945,110.92298889160156
I4210138551,University Hospital Magdeburg,DE,52.10097122192383,11.617555618286133
I2801481043,Jiangsu Ocean University,CN,34.581668853759766,119.12889099121094
I4210122543,Guangdong Polytechnic Normal University,CN,23.11667,113.25
I203847022,Instituto Politécnico de Lisboa,PT,38.71667,-9.13333
I505182,National Textile University,PK,31.463119506835938,73.14826965332031
I179863766,Western Norway University of Applied Sciences,NO,60.39299,5.32415
I111236770,University of Vermont,US,44.47588,-73.21207
I2799286240,Burlington College,US,44.49106216430664,-73.22830963134766
I74316835,Vodafone (United Kingdom),GB,51.40148162841797,-1.3247100114822388
I167576493,Colorado School of Mines,US,39.75554,-105.2211
I117807411,National Society of Professional Engineers,US,38.806007385253906,-77.055419921875
I4210113369,Microsoft Research Asia (China),CN,39.907501220703125,116.39723205566406
I182204967,Molde University College,NO,62.737518310546875,7.159120082855225
I45542416,Atilim University,TR,39.91986846923828,32.854270935058594
I131944076,Lawson Health Research Institute,CA,42.98339,-81.23304
I4210102853,Parkwood Institute,CA,42.95554733276367,-81.22571563720703
I34478861,Sir Syed University of Engineering and Technology,PK,24.915924072265625,67.09281921386719
I130828816,University of Leeds,GB,53.79648,-1.54785
I166459259,Shiraz University,IR,29.610309600830078,52.531131744384766
I190249584,Universität Innsbruck,AT,47.26266,11.39454
I204086833,Cirrus Logic (United States),US,30.271066665649414,-97.75067138671875
I3006985408,Jožef Stefan Institute,SI,46.05107879638672,14.50512981414795
I930072361,Tun Hussein Onn University of Malaysia,MY,1.8547999858856201,102.93250274658203
I3130607311,Changsha Normal University,CN,28.255634307861328,113.08287048339844
I74786994,Kitware (United States),US,40.714271545410156,-74.00596618652344
I2800403580,University of Minnesota System,US,44.97997,-93.26384
I4210107917,Exact Sciences (United States),US,43.05964660644531,-89.47437286376953
I2801613365,Mitchell Institute,US,43.66535186767578,-70.25150299072266
I149910238,Kent State University,US,41.14641189575195,-81.34174346923828
I4210111655,Hartpury University,GB,51.90585708618164,-2.3059470653533936
I197809005,"University of Campania ""Luigi Vanvitelli""",IT,41.0726203918457,14.33230972290039
I4210114235,Heihe University,CN,50.22745132446289,127.54203033447266
I2801345734,China Academy of Engineering Physics,CN,31.46784,104.68168
I18850439,Capgemini (Netherlands),NL,52.09939956665039,5.063939094543457
I201726411,United Arab Emirates University,AE,24.191669464111328,55.76055908203125
I885507782,East West University,BD,23.710399627685547,90.40744018554688
I4210166444,Institut de Recherche pour le Développement,FR,43.29695,5.38107
I4210153851,Unité de Modélisation Mathématique et Informatique des Systèmes Complexes,FR,48.85341,2.3488
I1282927834,Cedars-Sinai Medical Center,US,34.05223083496094,-118.24368286132812
I4391767838,State Key Laboratory of Industrial Control Technology,,30.293649673461914,120.16142272949219
I4210142254,Laboratoire Bordelais de Recherche en Informatique,FR,44.80849,-0.58915
I4210108837,Guardian Industries (United States),US,43.205726623535156,-83.46587371826172
I141883831,Instituto Nacional de Matemática Pura e Aplicada,BR,-22.965986251831055,-43.237552642822266
I4210108706,Netherlands Institute for Health Services Research,NL,52.0908317565918,5.122220039367676
I4210117195,Institute for Computer Science and Control,HU,47.478416442871094,19.05215072631836
I193662353,Utrecht University,NL,52.09083,5.12222
I174101054,Changwon National University,KR,35.24576187133789,128.69189453125
I160302567,North Eastern Regional Institute of Science and Technology,IN,27.08694076538086,93.60987091064453
I1305418528,Lufthansa (Germany),DE,50.9375,6.969721794128418
I4210120321,Consorzio Futuro in Ricerca,IT,44.832801818847656,11.597945213317871
I4210123467,Institut für Angewandte Statistik,DE,51.32693099975586,9.505549430847168
I1332737386,General Electric (United States),US,42.35843,-71.05977
I4210140493,Collaborative Innovation Center of Advanced Microstructures,CN,32.06167,118.77778
I14689143,BT Research,GB,52.05916976928711,1.1554499864578247
I179225836,University of Augsburg,DE,48.37154,10.89851
I4210129624,Azienda Ospedaliera Universitaria Università degli Studi della Campania Luigi Vanvitelli,IT,40.850616455078125,14.251460075378418
I200432940,Allameh Tabataba'i University,IR,35.76052474975586,51.26029968261719
I153845743,Moscow Institute of Physics and Technology,RU,55.949581146240234,37.5018310546875
I42095658,Central Scientific Instruments Organisation,IN,30.736289978027344,76.78839874267578
I2802624667,Hefei Institutes of Physical Science,CN,31.822477340698242,117.2808609008789
I4210095722,Rambus (United States),US,37.37932205200195,-122.01030731201172
I4387152632,Anhui Jiyuan Software,,31.863889694213867,117.28083038330078
I4210093776,DHC Software (China),CN,39.979923248291016,116.33798217773438
I74899385,Central Queensland University,AU,-23.322704315185547,150.5207977294922
I315729180,Noakhali Science and Technology University,BD,22.794092178344727,91.10015869140625
I2800425962,CPB Netherlands Bureau for Economic Policy Analysis,NL,52.0766716003418,4.298610210418701
I3133014862,Sulaimani Polytechnic University,IQ,35.56496,45.4329
I2802396295,Septodont (France),FR,48.80317306518555,2.471303939819336
I151050371,International University of Korea,KR,35.17314147949219,128.20263671875
I60388903,University of Puerto Rico-Mayaguez,PR,18.20107078552246,-67.13961791992188
I2800616835,Engineers Without Borders Canada,CA,43.67192459106445,-79.37802124023438
I148283060,Lawrence Berkeley National Laboratory,US,37.87158966064453,-122.27275085449219
I189590672,Kansas State University,US,39.18361,-96.57167
I1321067030,Zoological Society of London,GB,51.535701751708984,-0.1574999988079071
I183067279,Islamic Azad University North Tehran Branch,IR,35.76530838012695,51.47394561767578
I4210130889,Islamic Azad University Shabestar,IR,38.164310455322266,45.7285270690918
I4210131288,National Engineering School of Tunis,TN,36.83140182495117,10.147199630737305
I3020440027,University of Tyumen,RU,57.15858459472656,65.532958984375
I4210157430,V. A. Trapeznikov Institute of Control Sciences,RU,55.651268005371094,37.537418365478516
I150653062,Magna International (Germany),DE,51.13418197631836,6.626771926879883
I4210161460,OpenAI (United States),US,37.77492904663086,-122.41941833496094
I6665906,Carrier (United States),US,35.227088928222656,-80.84313201904297
I1327163397,State University of New York,US,42.65258,-73.75623
I157349981,SUNY College of Environmental Science and Forestry,US,43.04812,-76.14742
I4210108345,Center for Practical Bioethics,US,39.09973,-94.57857
I2800727657,Persistent Systems (India),IN,18.519569396972656,73.8553466796875
I51826884,Kocaeli Üniversitesi,TR,40.764991760253906,29.929279327392578
I154300980,University of Bridgeport,US,41.179229736328125,-73.189453125
I4210134318,University of Technology,RU,55.91624069213867,37.819732666015625
I4210160811,National Informatics Centre,IN,28.65195083618164,77.23149108886719
I2800082484,Northeast Catholic College,US,43.31505584716797,-71.83343505859375
I163245316,Corvinus University of Budapest,HU,47.49835,19.04045
I4210155320,ELTE Centre for Economic and Regional Studies,HU,47.49835,19.04045
I1324682000,Regenstrief Institute,US,39.78151321411133,-86.16688537597656
I147168166,Moi University,KE,0.520359992980957,35.26993179321289
I4210089915,Newcastle University Medicine Malaysia,MY,1.4292809963226318,103.61354064941406
I78323350,Malek Ashtar University of Technology,IR,35.69438934326172,51.4215087890625
I4210106342,"Institute of Mathematics, Physics, and Mechanics",SI,46.04250717163086,14.489459991455078
I192168892,National University of Kaohsiung,TW,22.734390258789062,120.28363037109375
I190497903,Laboratoire d'Analyse et d'Architecture des Systèmes,FR,43.60426,1.44367
I76245029,Saints Cyril and Methodius University of Skopje,MK,41.99646,21.43141
I181397559,Asia Pacific University of Technology & Innovation,MY,3.141200065612793,101.68653106689453
I111277659,Chonnam National University,KR,35.15472,126.91556
I4210115809,London Borough of Camden,GB,51.50852966308594,-0.12574000656604767
I92864154,University of Buckingham,GB,51.99968,-0.98779
I126924076,Chongqing Normal University,CN,29.560260772705078,106.55770874023438
I79940851,University of Brescia,IT,45.535579681396484,10.214719772338867
I4210127325,Broadcom (United States),US,37.33938980102539,-121.89495849609375
I4210094230,"National Institute of Technology, Ichinoseki College",JP,38.91667175292969,141.13333129882812
I73779912,Manipal University Jaipur,,26.919620513916016,75.78781127929688
I106245021,Çankaya University,TR,39.91986846923828,32.854270935058594
I4210140341,Allen Institute,US,47.60620880126953,-122.33206939697266
I100633361,University of Massachusetts Dartmouth,US,41.63899,-70.97032
I4210122018,University of Maryland Extension,US,39.35797882080078,-76.70387268066406
I157227730,University of East London,GB,51.50852966308594,-0.12574000656604767
I4391012619,Shanghai Artificial Intelligence Laboratory,,31.222219467163086,121.45806121826172
I4210099312,Shandong Jiaotong University,CN,36.668331146240234,116.99722290039062
I4210126954,"Islamic Azad University, Bandar Anzali Branch",IR,37.460750579833984,49.56787109375
I172446870,University of Cagliari,IT,39.23054,9.11917
I145581781,Chongqing Technology and Business University,CN,29.560260772705078,106.55770874023438
I142934699,"California State University, Fullerton",US,33.87028884887695,-117.92533874511719
I117222138,Abu Dhabi University,AE,24.45118,54.39696
I4210113654,IBM (Canada),CA,43.86682,-79.2663
I11874761,University of North Florida,US,30.33218002319336,-81.65564727783203
I4210103986,Jingdong (China),CN,39.78896713256836,116.5632095336914
I36448004,Shaheed Zulfiqar Ali Bhutto Institute of Science and Technology,PK,24.819223403930664,67.0313949584961
I37797678,University of Uyo,NG,5.051270008087158,7.933499813079834
I77566578,United Microelectronics (United States),US,37.383331298828125,-122.00658416748047
I4210155590,Management Sciences (United States),US,35.094879150390625,-106.57661437988281
I931278978,College of Business Administration,LV,56.946,24.10589
I126307644,University of Iowa,US,41.66113,-91.53017
I4210121148,Zaragoza Logistics Center,ES,41.65605926513672,-0.8773400187492371
I90697900,EBS University of Business and Law,DE,50.08258056640625,8.249320030212402
I54001450,Düzce Üniversitesi,TR,40.838890075683594,31.163890838623047
I4210144662,Xi'an Institute of Optics and Precision Mechanics,CN,34.258331298828125,108.9286117553711
I48380244,University of Charleston,US,38.332916259765625,-81.61652374267578
I85148518,Fo Guang University,TW,24.81641960144043,121.7236099243164
I204831749,Southwestern University of Finance and Economics,CN,30.666669845581055,104.0666732788086
I180507071,Sri Chandrasekharendra Saraswathi Viswa Mahavidyalaya,IN,12.835149765014648,79.70005798339844
I71052956,University of Reading,GB,51.45624923706055,-0.9711300134658813
I117357259,National Institute of Japanese Literature,JP,35.68949890136719,139.69171142578125
I39694355,Hunter College,US,40.714271545410156,-74.00596618652344
I189238007,Taras Shevchenko National University of Kyiv,UA,50.45465850830078,30.523799896240234
I2799958217,Konya Food and Agriculture University,TR,37.8713493347168,32.48463821411133
I4210112042,Research Center for Energy Economics,DE,48.200809478759766,11.510490417480469
I4210151989,Surys (France),FR,48.83256912231445,2.727648973464966
I4391767964,State Key Laboratory of Wireless Mobile Communications,,39.907501220703125,116.39723205566406
I4210162623,Datang Telecom Group (China),CN,39.907501220703125,116.39723205566406
I60837268,King Mongkut's University of Technology Thonburi,TH,13.75398,100.50144
I11662577,Monash University Malaysia,MY,3.04384,101.58062
I4210164918,Sepragen Corporation (United States),US,37.608089447021484,-122.05184936523438
I204246437,Nan Kai University of Technology,TW,23.979223251342773,120.69685363769531
I4210134033,Advanced Research Institute,US,28.260486602783203,-82.70697021484375
I108754898,Badji Mokhtar-Annaba University,DZ,36.9,7.76667
I4210097536,University of Guelma,DZ,36.46213912963867,7.426080226898193
I136040515,Universidad de Deusto,ES,43.26271057128906,-2.9252800941467285
I4210095347,Good Samaritan Hospital,US,39.78794860839844,-84.23280334472656
I11957088,Michigan Technological University,US,47.12186813354492,-88.56900787353516
I4210152061,Telecommunications Advancement Foundation,JP,35.68949890136719,139.69171142578125
I4210120293,Max Planck Institute of Quantum Optics,DE,48.248958587646484,11.651009559631348
I1290095210,Bureau of Labor Statistics,US,38.89817810058594,-77.0082015991211
I4210110365,Balcones Technologies (United States),US,30.428030014038086,-97.80086517333984
I2799888298,Skyline University College,AE,25.291223526000977,55.46714401245117
I2802499160,IMDEA Networks,ES,40.33778762817383,-3.771059989929199
I58957048,Yandex (Russia),RU,55.73401641845703,37.58833312988281
I4210087769,Software AG (Italy),IT,41.809452056884766,12.435304641723633
I4210091018,Bioscience Research,US,41.197998046875,-73.72467803955078
I1297934274,European Medicines Agency,NL,52.37403106689453,4.889689922332764
I201787326,Riga Technical University,LV,56.94599914550781,24.10589027404785
I276309446,University of the Cumberlands,US,36.737735748291016,-84.16333770751953
I133999245,"University of Nevada, Las Vegas",US,36.17496871948242,-115.13722229003906
I4210153325,Institute of Mathematical Statistics,US,41.473087310791016,-81.53370666503906
I4750791,Henan Agricultural University,CN,34.75777816772461,113.64861297607422
I4210122731,Digital Wave (United States),US,39.59778594970703,-104.83718872070312
I166416128,DEVCOM Army Research Laboratory,US,39.003170013427734,-76.97191619873047
I4210116202,RTDS Technologies (Canada),CA,49.80250930786133,-97.14530181884766
I83041322,Brooklyn College,US,40.63104248046875,-73.95445251464844
I74760111,Texas Instruments (United States),US,32.78306,-96.80667
I145487455,Cairo University,EG,30.027599334716797,31.210140228271484
I173388201,University of Houston - Victoria,US,28.80527,-97.0036
I193073490,Siksha O Anusandhan University,IN,20.259199142456055,85.79199981689453
I1282770075,Tektronix (United States),US,45.4994010925293,-122.82344055175781
I4210088105,"Istituto Nazionale di Fisica Nucleare, Centro Nazionale Analisi Fotogrammi",IT,44.49380874633789,11.338749885559082
I39244652,"Indian Institute of Information Technology, Design and Manufacturing, Kancheepuram",IN,13.08784008026123,80.27847290039062
I4390039287,Laboratoire d’informatique Parallélisme Réseaux Algorithmes Distribués,FR,48.80359,2.13424
I72677176,Tripura University,IN,23.836050033569336,91.27938842773438
I2802797706,Prin. L. N. Welingkar Institute of Management Development and Research,IN,19.072830200195312,72.88260650634766
I4210156054,Athena Research and Innovation Center In Information Communication & Knowledge Technologies,GR,38.05,23.8
I2802759292,Franche-Comté Électronique Mécanique Thermique et Optique - Sciences et Technologies,FR,47.24878,6.01815
I37553959,Université de technologie de belfort-montbéliard,FR,47.64218,6.85385
I2802226979,Ascom (Switzerland),CH,47.18952560424805,8.521721839904785
I4210114546,"College of Applied Sciences, Nizwa",OM,22.901824951171875,57.5848274230957
I98461037,Tecnológico de Monterrey,MX,25.67506980895996,-100.31846618652344
I1324288179,Ministry of Transportation and Communications,TW,25.05306,121.52639
I158749337,Princess Sumaya University for Technology,JO,31.955219268798828,35.945030212402344
I52669646,Western Washington University,US,48.75955,-122.48822
I83436808,Hankuk University of Foreign Studies,KR,37.566001892089844,126.97840118408203
I4210116741,Innopolis University,RU,55.749820709228516,48.74753952026367
I33501960,Universidade Federal de Santa Maria,BR,-29.71351432800293,-53.71617126464844
I4399598381,Samsung Advanced Institute of Technology (South Korea),,37.285858154296875,127.00993347167969
I4210145948,Laboratoire Paul Painlevé,FR,50.61669,3.16664
I4210162189,Wellcome Centre for Ethics and Humanities,GB,51.75515365600586,-1.2544089555740356
I12213908,Ming Chi University of Technology,TW,25.047760009765625,121.53185272216797
I4210093734,Taoyuan Chang Gung Memorial Hospital,TW,25.029634475708008,121.36632537841797
I4210106879,Ohio University,US,39.32924,-82.10126
I4387153740,Ohio University Eastern,,40.080631256103516,-80.90009307861328
I4388482696,Naval Research Laboratory Information Technology Division,,38.895111083984375,-77.03636932373047
I4210136047,Weifang University of Science and Technology,CN,36.709999084472656,119.10193634033203
I153908563,Nortel (Canada),CA,43.57889938354492,-79.6583023071289
I4210092360,The Coordinating Center,US,39.09693145751953,-76.62345123291016
I2800274787,"Fraunhofer Institute for Telecommunications, Heinrich Hertz Institute",DE,52.52437,13.41053
I68554272,Pacific Biosciences (United States),US,37.4786376953125,-122.14472961425781
I4210120917,Taiwan Semiconductor Manufacturing Company (Taiwan),TW,24.773706436157227,121.01508331298828
I99490713,Stetson University,US,29.03563690185547,-81.30349731445312
I110475456,Korea Nazarene University,KR,36.79538345336914,127.11903381347656
I1330589705,National Center for Health Statistics,US,38.96943664550781,-76.95177459716797
I74837319,Jiangxi Agricultural University,CN,28.763092041015625,115.833984375
I4210111210,Construction Technologies Institute,IT,45.402523040771484,9.249333381652832
I65079550,Universiti Malaysia Perlis,MY,6.50503,100.24207
I63072094,University of Portsmouth,GB,50.798988342285156,-1.091249942779541
I4210088053,Universitätsklinikum Erlangen,DE,49.59098815917969,11.007829666137695
I3132238960,Institute of Electrical and Electronics Engineers,US,40.499271392822266,-74.39904022216797
I142208455,VSB - Technical University of Ostrava,CZ,49.83465,18.28204
I1311921367,Advanced Micro Devices (Canada),CA,43.83888244628906,-79.37971496582031
I4210137977,Advanced Micro Devices (United States),US,37.36883,-122.03635
I172685059,Uniwersytet Komisji Edukacji Narodowej w Krakowie,PL,50.06143,19.93658
I1283280774,Brigham and Women's Hospital,US,42.358428955078125,-71.05976867675781
I4210122948,Museo De Arte Contemporaneo,PA,8.961015701293945,-79.54312896728516
I4210104655,Ingegneria dei Trasporti (Italy),IT,41.89434051513672,12.492654800415039
I28210344,Kakatiya University,IN,18.0,79.58332824707031
I78641905,Transylvania University,US,38.052433013916016,-84.49366760253906
I6090238,Iwate Prefectural University,JP,39.8000373840332,141.1375732421875
I4210087413,University of Colorado Health,US,39.7431755065918,-104.84182739257812
I204593131,College of Charleston,US,32.77656936645508,-79.93092346191406
I11019714,Universidade da Coruña,ES,43.37135,-8.396
I123387679,Uppsala University,SE,59.85882,17.63889
I41208885,Harbin University of Commerce,CN,45.75,126.6500015258789
I4210163439,Tieto (Finland),FI,60.16952133178711,24.935449600219727
I253188195,Deenbandhu Chhotu Ram University of Science and Technology,IN,29.04017,77.09269
I94626330,University of Bamberg,DE,49.89873123168945,10.900670051574707
I195460627,University of Aberdeen,GB,57.1436882019043,-2.098140001296997
I3018483916,University Medical Center Utrecht,NL,52.09083,5.12222
I2799950915,Wright-Patterson Air Force Base,US,39.81308364868164,-84.05432891845703
I4210151290,Islamic University of Madinah,SA,24.46861,39.61417
I45204951,University of Calabria,IT,39.331539154052734,16.180410385131836
I4210146584,Henan Forestry Vocational College,CN,34.68701934814453,112.49969482421875
I195939026,Glasgow Caledonian University,GB,55.86515,-4.25763
I4210115078,Middle Technical University,IQ,33.340579986572266,44.40087890625
I870178186,Nyenrode Business University,NL,52.161659240722656,5.0048298835754395
I194348271,"Government College University, Faisalabad",PK,31.41554069519043,73.08969116210938
I4210087538,St. John Medical Center,US,36.13422393798828,-95.96614837646484
I77631543,Wuxi Institute of Technology,CN,31.500019073486328,120.31104278564453
I4210119991,Laboratoire Informatique d'Avignon,FR,43.948341369628906,4.808919906616211
I4390039363,Infection et inflammation,FR,48.76636,2.03405
I138690464,University of Ghana,GH,5.5560197830200195,-0.19689999520778656
I4210145242,Moscow State University of Technologies and Management named after K.G. Razumovskiy,RU,55.752220153808594,37.61555862426758
I50519452,Lunghwa University of Science and Technology,TW,25.0195255279541,121.4009780883789
I7478328,Waterford Institute of Technology,IE,52.258331298828125,-7.111939907073975
I23923803,University of Exeter,GB,50.72359848022461,-3.527509927749634
I206935292,Shaqra University,SA,24.814823150634766,46.66902160644531
I161106909,Iran University of Medical Sciences,IR,35.69439,51.42151
I170238339,Duy Tan University,VN,16.067779541015625,108.22083282470703
I132210918,North China Institute of Science and Technology,CN,39.907501220703125,116.39723205566406
I16197041,Cyprus International University,CY,35.22106170654297,33.41658401489258
I204823248,Huazhong Agricultural University,CN,30.583330154418945,114.26667022705078
I49451733,Université d'Angers,FR,47.47156,-0.55202
I4210124541,Hanyang University Guri Hospital,KR,37.5986,127.1394
I4210093659,University of Transport and Communications,VN,21.024499893188477,105.84117126464844
I3018325552,"Instituto Federal de Educação, Ciência e Tecnologia do Ceará",BR,-3.7172200679779053,-38.543060302734375
I162015237,Wismar University of Applied Sciences,DE,53.89313888549805,11.452859878540039
I4665924,University of Rostock,DE,54.08869934082031,12.14048957824707
I21491767,Aix-Marseille Université,FR,43.29695,5.38107
I4210097422,Laboratoire d’Astrophysique de Marseille,FR,43.29695,5.38107
I104906788,Catholic University of Pusan,KR,35.24488830566406,129.09719848632812
I24027795,University of Johannesburg,ZA,-26.20227,28.04363
I4210124956,GIPSA-Lab,FR,45.17869,5.71479
I4210150952,Global InfoTek (United States),US,38.947628021240234,-77.34506225585938
I4210141757,Astana Medical University,KZ,51.18177795410156,71.41633605957031
I151878197,Pingdingshan University,CN,33.738468170166016,113.30119323730469
I102826571,Setsunan University,JP,34.77998733520508,135.61199951171875
I13511017,Texas State University,US,29.883270263671875,-97.94139099121094
I4210090320,Entrust (Canada),CA,45.34383010864258,-75.92431640625
I169541294,Flinders University,AU,-34.92866,138.59863
I4068193,University of Belgrade,RS,44.80401,20.46513
I4210087408,Instituto de Tecnologías Físicas y de la Información “Leonardo Torres Quevedo”,ES,40.416500091552734,-3.7025599479675293
I106785703,Institut polytechnique de Grenoble,FR,45.17869,5.71479
I1321014770,Association for Computing Machinery,US,40.71427,-74.00597
I4210163840,Islamic Azad University of Urmia,IR,37.596763610839844,45.05902862548828
I4210105678,Microsoft (Finland),FI,60.209083557128906,24.657241821289062
I1309191912,Research Triangle Park Foundation,US,35.90805435180664,-78.86277770996094
I4210113223,SingHealth Polyclinics,SG,1.282623052597046,103.81849670410156
I4210121844,IBM (United Kingdom),GB,51.065128326416016,-1.3186999559402466
I43406934,Université Laval,CA,46.81228,-71.21454
I2801296886,Institut de Recherche de l’École Navale,FR,48.39029,-4.48628
I179630473,Institute of Photonic Sciences,ES,41.388790130615234,2.158989906311035
I4210123447,London Institute for Mathematical Sciences,GB,51.50853,-0.12574
I61722147,Universidade do Vale do Rio dos Sinos,BR,-29.76028060913086,-51.147220611572266
I193700539,Tilburg University,NL,51.555511474609375,5.091300010681152
I97188460,Nantes Université,FR,47.21725,-1.55336
I2802007472,Kurdistan Regional Government,IQ,36.190799713134766,43.99494934082031
I4387153056,University of Garmian,,34.88576126098633,45.2718505859375
I204881574,University of Pavol Jozef Šafárik,SK,48.713951110839844,21.258079528808594
I1298853749,University Hospital of North Norway,NO,69.6489028930664,18.955080032348633
I2800359653,CUNY School of Law,US,40.74769973754883,-73.94368743896484
I1284598098,King Abdulaziz City for Science and Technology,SA,24.68773,46.72185
I46305939,University of Zielona Góra,PL,51.93547821044922,15.506429672241211
I4210163266,Inesc P&D Brasil,BR,-23.963674545288086,-46.33061599731445
I139894009,University of Bradford,GB,53.79391,-1.75206
I4210118295,Isparta University of Applied Sciences,TR,37.76443862915039,30.55221939086914
I28615091,Kyonggi University,KR,37.30048751831055,127.03583526611328
I137696358,Gregor Mendel Institute of Molecular Plant Biology,AT,48.20848846435547,16.372079849243164
I4210129200,O. P. Jindal Global University,IN,28.994779586791992,77.01937103271484
I132157868,Dr. Babasaheb Ambedkar Technological University,IN,18.15483,73.29147
I180297670,RTI International,US,35.9940299987793,-78.89862060546875
I4210113033,SeQureNet (France),FR,48.82840347290039,2.3568758964538574
I293362453,Polytechnic Institute of Coimbra,PT,40.20564,-8.41955
I4394709130,Indiana University School of Medicine,,39.76837921142578,-86.15804290771484
I4210108451,Palo Alto Networks (United States),US,37.354103088378906,-121.95931243896484
I368840534,University of Mississippi,US,34.36650085449219,-89.51924896240234
I1303371618,International Telecommunication Union,CH,46.220733642578125,6.137024879455566
I174167972,British Columbia Institute of Technology,CA,49.266361236572266,-122.95262908935547
I4390039265,PRG S&Tech (South Korea),,35.101680755615234,129.03004455566406
I4210108118,"Laboratoire d'Informatique, du Traitement de l'Information et des Systèmes",FR,49.3779411315918,1.1046700477600098
I62396329,Université de Rouen Normandie,FR,49.44313,1.09932
I63596082,Tunis El Manar University,TN,36.81897,10.16579
I168639165,Singapore Institute of Technology,SG,1.301867961883545,103.78032684326172
I166928557,University of Monastir,TN,35.77798843383789,10.826169967651367
I184843921,Hebei University of Technology,CN,39.14221954345703,117.17666625976562
I4210134443,Daejeon Institute of Science and Technology,KR,36.302406311035156,127.37523651123047
I4210142372,Human Media,US,42.39787292480469,-71.17529296875
I48633490,Mass General Brigham,US,42.358428955078125,-71.05976867675781
I194184283,University of East Sarajevo,BA,44.76451873779297,18.16887092590332
I21516984,Fontys University of Applied Sciences,NL,51.44083,5.47778
I118905719,University of Primorska,SI,45.546939849853516,13.729439735412598
I4210127465,Instituts Universitaires de Technologie,FR,43.687713623046875,7.22744607925415
I4210116548,Laboratoire de Statistique Théorique et Appliquée,FR,48.85340881347656,2.34879994392395
I53012624,Joint BioEnergy Institute,US,37.84055709838867,-122.28971862792969
I3124938446,Université Rennes 2,FR,48.11198,-1.67429
I4210149868,Council of State,FI,60.16954803466797,24.95366859436035
I55060895,University of Greenwich,GB,51.50852966308594,-0.12574000656604767
I4210092613,Digital Authentication Technologies (United States),US,26.37031364440918,-80.12171173095703
I4210129135,CarbonCure Technologies (Canada),CA,44.70916748046875,-63.59241485595703
I206895457,University of Siegen,DE,50.87480926513672,8.024310111999512
I4210127875,Nvidia (United States),US,37.35411071777344,-121.95523834228516
I4210138650,Universiti Teknologi MARA System,MY,3.08507,101.53281
I4210092184,Schlumberger (France),FR,48.85915756225586,2.3104588985443115
I110594554,Ikerbasque,ES,43.26271057128906,-2.9252800941467285
I127251866,Alfred-Wegener-Institut Helmholtz-Zentrum für Polar- und Meeresforschung,DE,53.53615188598633,8.59298038482666
I4210092744,Basque Centre for Climate Change,ES,43.26271057128906,-2.9252800941467285
I4210135894,Nextworks (Italy),IT,43.70853,10.4036
I2800229700,Helsinki Institute of Physics,FI,60.16952133178711,24.935449600219727
I39586589,Swansea University,GB,51.62079,-3.94323
I114982161,Isfahan University of Medical Sciences,IR,32.65245819091797,51.67462158203125
I4210103465,Deutsche Telekom (Singapore),SG,1.3550139665603638,103.8174819946289
I4210130112,China Academy of Information and Communications Technology,CN,39.97563934326172,116.3373031616211
I891521709,Daimler (Germany),DE,48.782318115234375,9.177020072937012
I43909382,Centre for Development of Telematics,IN,28.62137,77.2148
I4210159451,Kodak (United States),US,43.202964782714844,-77.62934112548828
I4210128557,Ministry of Higher Education and Scientific Research,IQ,33.34058,44.40088
I2800240351,Mountain View College,US,32.724308013916016,-96.90351867675781
I202735123,Thi Qar University,IQ,31.0579891204834,46.257259368896484
I3129634530,Guru Kashi University,IN,29.96068000793457,75.12477111816406
I1280414376,United States Air Force Research Laboratory,US,39.81113052368164,-84.05731201171875
I4388482673,U.S. Air Force Research Laboratory Information Directorate,,43.21284866333008,-75.45572662353516
I169864488,Abubakar Tafawa Balewa University,NG,10.310319900512695,9.843879699707031
I91125648,Wuhan Institute of Technology,CN,30.583330154418945,114.26667022705078
I3131779051,Iraqi University,IQ,33.366634368896484,44.35979080200195
I4210093417,Swedish Medical Center,US,47.67207717895508,-122.37564849853516
I44457188,Maltepe University,TR,41.01383972167969,28.94965934753418
I4210099586,Shenzhen Research Institute of Big Data,CN,22.54553985595703,114.06829833984375
I1281802846,Sindh Madressatul Islam University,PK,24.8510799407959,67.00344848632812
I153921779,Philadelphia University,JO,31.955219268798828,35.945030212402344
I2802348884,Mahatma Gandhi Chitrakoot Gramodaya Vishwavidyalaya,IN,25.147798538208008,80.85462951660156
I4210094487,Intel (Germany),DE,48.1510009765625,11.725699424743652
I173466955,Iona College,US,40.925479888916016,-73.78790283203125
I4210144487,Cloud Computing Center,CN,22.89883041381836,113.8895492553711
I1284308235,Translational Genomics Research Institute,US,33.44837951660156,-112.07404327392578
I4210158759,University of Glasgow Singapore,SG,1.3774869441986084,103.84874725341797
I4210139001,Quazar Technologies (India),IN,28.539928436279297,77.20713806152344
I178000100,Kurukshetra University,IN,30.0,76.75
I138211613,Austrian Academy of Sciences,AT,48.20849,16.37208
I80293557,University of Computer Studies Yangon,MM,16.805280685424805,96.15611267089844
I98486269,Erasmus University College Brussels,BE,50.85044860839844,4.348780155181885
I100188998,Harbin University of Science and Technology,CN,45.75,126.6500015258789
I4210098735,National Institute for Laser Plasma and Radiation Physics,RO,44.4322509765625,26.106260299682617
I131328143,Union Bank of Switzerland,CH,47.366668701171875,8.550000190734863
I185286233,University of Pitesti,RO,44.849998474121094,24.866670608520508
I198972184,Korea Electric Power Corporation (South Korea),KR,35.0292,126.7175
I193374721,Internet Society,US,38.30318,-77.46054
I1316535847,Beth Israel Deaconess Medical Center,US,42.339786529541016,-71.10518646240234
I203088144,Nova Southeastern University,US,26.077899932861328,-80.24188995361328
I192619145,University of the Witwatersrand,ZA,-26.20227,28.04363
I4210157118,CCI Reprographics (United States),US,42.5460205078125,-70.88027954101562
I55279860,L-3 Communications (United States),US,40.714271545410156,-74.00596618652344
I4210093980,Privacy Analytics (Canada),CA,45.41963577270508,-75.69686126708984
I272033418,Deutsche Telekom (Austria),AT,48.23040771484375,16.34707260131836
I254887060,University of North Sumatra,ID,3.58333,98.66667
I4210109752,Research International (United States),US,47.85538101196289,-121.97096252441406
I4210107353,NEC (United States),US,32.897613525390625,-96.97270202636719
I135120706,University of Baghdad,IQ,33.273887634277344,44.377498626708984
I182451676,Université du Québec à Rimouski,CA,48.44879,-68.52396
I51926615,Sun Moon University,KR,36.7994499206543,127.07479858398438
I196355604,National Research Tomsk State University,RU,56.469398498535156,84.94750213623047
I195893171,Zuse Institute Berlin,DE,52.52436828613281,13.410530090332031
I4210139011,"Laboratory Preuves, Programmes et Systèmes",FR,48.85341,2.3488
I4210145666,Embedded Systems (United States),US,41.584903717041016,-72.7199935913086
I4210092319,Moscow Center For Continuous Mathematical Education,RU,55.7463493347168,37.59001541137695
I5996616,De La Salle University,PH,14.6042,120.9822
I1291123497,Public Safety Canada,CA,45.411170959472656,-75.6981201171875
I1282311441,Lawrence Livermore National Laboratory,US,37.68187,-121.76801
I168893459,University of Allahabad,IN,25.444780349731445,81.84322357177734
I4210095290,Université Larbi Tébessi,DZ,35.42924118041992,8.054283142089844
I4210145300,Cryptomathic (Denmark),DK,56.148380279541016,10.20533561706543
I178906410,Lyon College,US,35.7698,-91.64097
I146824383,Hallym University,KR,37.87472,127.73417
I2802656731,Moulton College,GB,52.25,-0.8833299875259399
I149672521,Federation University,AU,-37.566219329833984,143.8495635986328
I4210121403,Xing Wei College,CN,31.222219467163086,121.45806121826172
I40053085,Australian Defence Force Academy,AU,-35.28346,149.12807
I4210130517,Laboratoire Génie de Production,FR,43.23407,0.07139
I119865316,École Nationale d'Ingénieurs de Tarbes,FR,43.23407,0.07139
I162817326,Indiana University – Purdue University Fort Wayne,US,41.1306,-85.12886
I11932220,Institució Catalana de Recerca i Estudis Avançats,ES,41.388790130615234,2.158989906311035
I4210151173,Mpala Research Center and Wildlife Foundation,KE,0.29234370589256287,36.89846420288086
I4210137741,Wikimedia Deutschland,DE,52.49843978881836,13.381024360656738
I4210127700,Zhejiang Shuren University,CN,30.293649673461914,120.16142272949219
I148128674,University of Shanghai for Science and Technology,CN,31.222219467163086,121.45806121826172
I27367753,El Shorouk Academy,EG,30.1190128326416,31.605134963989258
I4210120363,Higher Institute of Engineering,EG,30.060848236083984,31.46538543701172
I1343864894,American Red Cross,US,38.925575256347656,-77.0429916381836
I4210161360,Institute of Navigation,US,38.771148681640625,-77.50199890136719
I4210127362,Nan Jeon University of Science and Technology,TW,23.324167251586914,120.2751693725586
I4210147361,National Institute of Hydrology,IN,29.86632,77.89118
I207014233,Kyushu Institute of Technology,JP,33.851810455322266,130.850341796875
I20121455,Bielefeld University,DE,52.03333,8.53333
I183874917,Urbana University,US,40.09878921508789,-83.76094818115234
I134359838,Alfaisal University,SA,24.68773078918457,46.72185134887695
I4391767729,Almaarefa University,,24.68773078918457,46.72185134887695
I1321305853,National Bureau of Economic Research,US,42.375099182128906,-71.1056137084961
I1343953105,General Dynamics (United States),US,38.968719482421875,-77.34110260009766
I181231927,National University of Ireland,IE,53.33306121826172,-6.248889923095703
I98540497,Barnard College,US,40.714271545410156,-74.00596618652344
I133543626,Harvey Mudd College,US,34.0966796875,-117.71977996826172
I153954893,Jaypee University of Information Technology,IN,30.90908,77.10869
I180941496,University of Hyogo,JP,34.69129943847656,135.18299865722656
I4210111582,Honeywell (France),FR,48.8946533203125,2.2841711044311523
I903300897,Southern States University,US,32.765052795410156,-117.16394805908203
I4210100043,Superior University,PK,31.558000564575195,74.3507080078125
I1325290502,Economic Policy Institute,US,38.90052795410156,-77.03121948242188
I83737708,REVA University,IN,12.971940040588379,77.59368896484375
I92251255,University of Split,HR,43.50891,16.43915
I4390039372,Mathematical Institute of the Serbian Academy of Sciences and Arts,,44.80400848388672,20.465129852294922
I197604219,"National Academies of Sciences, Engineering, and Medicine",US,38.895111083984375,-77.03636932373047
I4210117802,Institute of Electronics,BG,42.69820785522461,23.324848175048828
I1315085146,Universidade Federal de Lavras,BR,-21.24527931213379,-44.99972152709961
I2799413724,Singapore Science Park,SG,1.2865079641342163,103.78182983398438
I4210111163,Shanghai Open University,CN,31.222219467163086,121.45806121826172
I173009982,Iwate University,JP,39.7158317565918,141.13722229003906
I4210113551,Springer Nature (United States),US,40.72577667236328,-74.0048599243164
I4210124274,Fraunhofer Institute for Integrated Circuits,DE,49.59099,11.00783
I110995367,Sprint (United States),US,38.91545486450195,-94.65752410888672
I4210115153,SPRINT,NL,53.22427749633789,6.571018218994141
I171543936,Free University of Bozen-Bolzano,IT,46.49066925048828,11.33981990814209
I2799306724,Ramakrishna Mission Vidyamandira,IN,22.576879501342773,88.31857299804688
I12079687,Edith Cowan University,AU,-31.952239990234375,115.86139678955078
I16097986,Universitat de València,ES,39.47391128540039,-0.3796600103378296
I4210137384,Centre for Health Technology and Services Research,PT,41.14960861206055,-8.610989570617676
I122879082,Natural Sciences and Engineering Research Council of Canada,CA,45.41117,-75.69812
I129975664,Albert Einstein College of Medicine,US,40.849849700927734,-73.86640930175781
I201324441,University of Ferrara,IT,44.83804,11.62057
I119273862,Central South University of Forestry and Technology,CN,28.198740005493164,112.97087097167969
I177328695,Union College,US,42.814239501953125,-73.93956756591797
I2276074,Lawrence Technological University,US,42.47472381591797,-83.24888610839844
I4403386716,Melbourne Polytechnic,,-37.81399917602539,144.96331787109375
I4210155092,"Czech Academy of Sciences, Institute of Computer Science",CZ,50.08804,14.42076
I193615760,Dokuz Eylül University,TR,38.41273,27.13838
I181361081,Longyan University,CN,25.07485008239746,117.01775360107422
I114832834,Tulane University,US,29.95465,-90.07507
I41870,Military Institute of Engineering,BR,-22.955888748168945,-43.1661376953125
I3125581668,Universidade de Fortaleza,BR,-3.7172200679779053,-38.543060302734375
I71346753,National Institute of Telecommunications,BR,-22.252220153808594,-45.703330993652344
I151893264,Jiamusi University,CN,46.79711151123047,130.31117248535156
I156406944,Defence Institute of Advanced Technology,IN,18.519569396972656,73.8553466796875
I4210100036,Summa (Czechia),CZ,49.95531463623047,16.979122161865234
I136722135,Claremont Graduate University,US,34.0966796875,-117.71977996826172
I59225215,Bahria University,PK,33.72148132324219,73.04328918457031
I118501908,National Research University Higher School of Economics,RU,55.761287689208984,37.63307189941406
I100086675,Al-Hussein Bin Talal University,JO,30.196239471435547,35.73405075073242
I177721651,Oakland University,US,42.68059158325195,-83.13381958007812
I135474949,Bowdoin College,US,43.914520263671875,-69.96533203125
I868834043,University of the West of Scotland,GB,55.831729888916016,-4.432539939880371
I24768866,Bulgarian Academy of Sciences,BG,42.69751,23.32415
I55913730,Bangkok University,TH,13.711417198181152,100.5819091796875
I51226738,Dong-A University,KR,35.10168,129.03004
I4210118689,Joint Research Centre,IT,45.81480026245117,8.612939834594727
I4210118598,The Open Group (United States),US,42.4832878112793,-71.20726776123047
I84027002,Leeds Beckett University,GB,53.796478271484375,-1.5478500127792358
I149581226,Hawaii Pacific University,US,21.30694007873535,-157.85833740234375
I55707380,Manhattan University,US,40.71427,-74.00597
I4210093057,Faculty (United Kingdom),GB,51.50853,-0.12574
I4210154162,Universitas Pembangunan Panca Budi Medan,ID,3.58333,98.66667
I4210117977,Institut d'Histoire et de Philosophie des Sciences et des Techniques,FR,48.85341,2.3488
I4210152679,Plant Industry,AU,-35.27392578125,149.11447143554688
I7377986,Takushoku University,JP,35.715980529785156,139.73626708984375
I166088655,Montclair State University,US,40.825931549072266,-74.20903015136719
I76214153,Lanzhou University,CN,36.057010650634766,103.8398666381836
I91935597,University of South China,CN,26.88945960998535,112.61888122558594
I41518628,Saint Petersburg State Electrotechnical University,RU,59.97249984741211,30.322500228881836
I4210150049,Laboratoire d'Électronique des Technologies de l'Information,FR,45.17869,5.71479
I39854257,Mitsubishi Electric (Germany),DE,51.29264450073242,6.86611795425415
I4210089246,Hearst (United States),US,40.76655960083008,-73.98340606689453
I4210144001,Crosslight Software (Canada),CA,49.26176834106445,-123.03092193603516
I184564680,Inter-American Development Bank,US,38.89511,-77.03637
I160013858,Istituto Nazionale di Fisica Nucleare,IT,41.891929626464844,12.511329650878906
I17856709,Bridgewater State University,US,41.98720169067383,-70.96512603759766
I4210140186,Centre National de l'Informatique,TN,36.812950134277344,10.167738914489746
I4210088027,Practical Action,KE,-1.2914170026779175,36.77641677856445
I4210141176,Communication University of Zhejiang,CN,30.319913864135742,120.34066009521484
I1877545,Saint Francis University,HK,22.2783203125,114.17469024658203
I157071867,Fernando Pessoa University,PT,41.14961,-8.61099
I146165071,Universidade Federal de Viçosa,BR,-20.75389,-42.88194
I4210087022,Riverlane (United Kingdom),GB,52.20000076293945,0.11666999757289886
I4210163992,RAM Laboratories (United States),US,32.76548385620117,-117.16095733642578
I4210133649,Philips (India),IN,28.4950008392334,77.09339141845703
I1280525279,Ministry of Transportation of Ontario,CA,43.700111389160156,-79.41629791259766
I2799323385,Board of the Swiss Federal Institutes of Technology,CH,47.366668701171875,8.550000190734863
I125467818,Dakota State University,US,44.012290954589844,-97.11284637451172
I2948394018,Northrop Grumman (United States),US,38.88233184814453,-77.17108917236328
I4210086173,New Frontier,US,39.473270416259766,-118.79419708251953
I4210141913,GlaxoSmithKline (Switzerland),CH,47.02010726928711,7.454044818878174
I178574317,Mie University,JP,34.73332977294922,136.51666259765625
I4210155764,"Islamic Azad University, Dezful Branch",IR,32.40367889404297,48.37700653076172
I169045520,Universidade Federal da Paraíba,BR,-7.114999771118164,-34.863059997558594
I104854061,Universidad Autónoma del Estado de Hidalgo,MX,20.128055572509766,-98.73444366455078
I192535658,Catholic University College of Ghana,GH,7.354677200317383,-2.388209104537964
I165525304,Edge Hill University,GB,53.56684875488281,-2.881779909133911
I25623903,College of Management Academic Studies,IL,31.971019744873047,34.789390563964844
I10926426,Veer Narmad South Gujarat University,IN,21.19594,72.83023
I161675122,Cooperative Institute for Research in Environmental Sciences,US,40.014991760253906,-105.27055358886719
I4210128647,Human Longevity (United States),US,32.71571,-117.16472
I4210111408,Kuwait College of Science and Technology,KW,29.369720458984375,47.978328704833984
I4210157038,Siliwangi University,ID,-7.327400207519531,108.220703125
I4210095560,Sensing & Control Systems (Spain),ES,41.38780212402344,2.1593329906463623
I140887281,Goa University,IN,15.46915,73.83285
I4210112052,Indian Institute of Technology Goa,IN,15.403409957885742,74.01519012451172
I4210145836,Center for Theoretical Biological Physics,US,29.71739387512207,-95.4018325805664
I4210088687,Université Ibn Zohr,MA,30.42017936706543,-9.598150253295898
I4210143441,PAT Industries (United States),US,34.610939025878906,-120.20162200927734
I103390050,Ryukoku University,JP,35.02106857299805,135.75384521484375
I13402291,Joanneum Research,AT,47.07402038574219,15.4548978805542
I5518804,BRAC University,BD,23.78043556213379,90.4071273803711
I4210109270,Reliable Software Resources (United States),US,42.45161437988281,-83.43354797363281
I3130751423,Shaoguan University,CN,24.80997085571289,113.60343933105469
I8961855,Universidad Nacional Autónoma de México,MX,19.42847,-99.12766
I2799716270,Palestine Technical University - Kadoorie,PS,32.311561584472656,35.02690124511719
I184983240,Northeast Normal University,CN,43.880001068115234,125.3227767944336
I4210142217,Washington Center,US,38.89511,-77.03637
I4210111543,Harvard Pilgrim Health Care,US,43.00298309326172,-71.25765228271484
I106826634,Jain University,IN,12.94637393951416,77.57877349853516
I4210094214,École Nationale de la Statistique et de l'Analyse de l'Information,FR,48.02458953857422,-1.7470899820327759
I20107917,Sri Ramachandra Institute of Higher Education and Research,IN,13.041498184204102,80.14395141601562
I4210147666,"Islamic Azad University, Ahvaz Branch",IR,31.300251007080078,48.6209602355957
I4210146168,CREATe Centre,GB,55.86515,-4.25763
I1328317298,College Board,US,40.777008056640625,-73.984375
I133984924,Doshisha University,JP,35.02973556518555,135.76072692871094
I4210124331,Duhok Polytechnic University,IQ,36.867088317871094,42.98844909667969
I4210128597,Associazione Regionale Allevatori della Lombardia,IT,45.35829162597656,9.688241004943848
I44925452,Özyeğin University,TR,41.01383972167969,28.94965934753418
I4210093910,Photonics (United States),US,39.96818161010742,-75.12751770019531
I4210151992,Korea University of International Studies,KR,37.54303741455078,126.96007537841797
I4210113430,Tecnalia,ES,43.28769302368164,-1.9838370084762573
I4210118050,Taishan University,CN,36.185279846191406,117.12000274658203
I152743029,Kaohsiung Medical University,TW,22.647520065307617,120.31043243408203
I4210164437,Korean Bible University,KR,37.648990631103516,127.06433868408203
I3130035786,University Ucinf,CL,-33.42711639404297,-70.6104736328125
I159743108,Dortmund University of Applied Sciences and Arts,DE,51.50653076171875,7.457053184509277
I187494767,Universitas Syiah Kuala,ID,5.54167,95.33333
I4210133093,Quotient Clinical (United Kingdom),GB,52.88212585449219,-1.1447370052337646
I126595936,Azerbaijan National Academy of Sciences,AZ,40.37767,49.89201
I12097938,West Virginia University,US,39.62953,-79.9559
I4210150921,RIKEN Center for Integrative Medical Sciences,JP,35.43333053588867,139.64999389648438
I73417466,Coventry University,GB,52.40656,-1.51217
I161913731,Al Ain University,AE,24.19167,55.76056
I4210160701,Kista Photonics Research Center,SE,59.40259552001953,17.946422576904297
I4210116052,Inception Institute of Artificial Intelligence,AE,24.500986099243164,54.386661529541016
I169333911,Gdańsk University of Technology,PL,54.35226821899414,18.649120330810547
I1850255,University of Basel,CH,47.55839157104492,7.573269844055176
I36314861,Beirut Arab University,LB,33.89331817626953,35.50157165527344
I4210100151,Institut d'Électronique et des Technologies du numéRique,FR,48.11198,-1.67429
I4210143477,Toshiba (United Kingdom),GB,51.470272064208984,-0.46731099486351013
I4210135078,Washington University Medical Center,US,38.637001037597656,-90.26499938964844
I4210142595,Maison des Sciences de l’Homme de Dijon,FR,47.31667,5.01667
I165102784,Duquesne University,US,40.44062042236328,-79.99588775634766
I4387155265,International Institute of Information Technology,,21.160999298095703,81.78700256347656
I2803026726,University of Utah Hospital,US,40.772518157958984,-111.83706665039062
I2801996072,LDS Hospital,US,40.7783203125,-111.87977600097656
I2802000487,Imperial Valley College,US,32.82929992675781,-115.50543975830078
I4210134584,Polish Academy of Learning,PL,50.0645751953125,19.93832778930664
I161372803,Strathmore University,KE,-1.283329963684082,36.81666946411133
I4210100612,Georg Simon Ohm University of Applied Sciences Nuremberg,DE,49.45284652709961,11.093335151672363
I4210142067,Netherlands Comprehensive Cancer Organisation,NL,51.44083023071289,5.477779865264893
I93085520,Silicon Labs (United States),US,30.26485252380371,-97.74868774414062
I1288882113,Boston Children's Hospital,US,42.35843,-71.05977
I12315562,Texas Tech University,US,33.57786,-101.85517
I4210140958,Ann Arbor Center for Independent Living,US,42.234012603759766,-83.7310562133789
I2801345345,Cancer Institute (WIA),IN,13.08784008026123,80.27847290039062
I4210140884,National Cancer Institute,US,38.98067092895508,-77.10025787353516
I1320758411,Entrust,GB,52.29108428955078,-1.5290499925613403
I4387152154,Japanese-French Laboratory for Informatics,,35.6895,139.69171
I4210102458,Novel (United States),US,28.178958892822266,-80.60555267333984
I4210119856,Université Sultan Moulay Slimane,MA,32.33725,-6.34983
I4210146033,Crystal Technology and Industries (United States),US,32.961788177490234,-96.82917022705078
I2800804238,Fraunhofer Institute for Open Communication Systems,DE,52.52437,13.41053
I3122449915,Universidade Estadual de Santa Cruz,BR,-14.79364013671875,-39.03948974609375
I4210097707,People’s Hospital of Rizhao,CN,35.41413879394531,119.52908325195312
I43267033,Quinnipiac University,US,41.395931243896484,-72.89676666259766
I4210110718,Nanyang Normal University,CN,32.994720458984375,112.53278350830078
I1335490905,Synopsys (Switzerland),CH,47.4150390625,8.551848411560059
I205051169,Kingston University,GB,51.50852966308594,-0.12574000656604767
I51452335,Panjab University,IN,30.736289978027344,76.78839874267578
I161301626,Lehman College,US,40.872501373291016,-73.89389038085938
I25399158,Mahidol University,TH,13.75398,100.50144
I4210135449,NCSOFT (South Korea),KR,37.44930648803711,127.13837432861328
I4210092257,China Guangzhou Analysis and Testing Center,CN,23.139188766479492,113.29936218261719
I2799834026,"University of Minnesota, Waseca",US,44.07011413574219,-93.51640319824219
I4210133369,Decision Sciences (United States),US,30.448593139648438,-86.61835479736328
I82509713,Mälardalen University,SE,59.61616897583008,16.552759170532227
I886702836,Deen Dayal Upadhyaya Gorakhpur University,IN,26.766279220581055,83.36888885498047
I4210100596,Hospices Civils de Lyon,FR,45.74906,4.84789
I95946905,Hebei GEO University,CN,38.04138946533203,114.47860717773438
I18452120,Yantai University,CN,37.47649002075195,121.44081115722656
I122266389,University of Nebraska at Omaha,US,41.25626,-95.94043
I47519274,Taipei Medical University,TW,25.024999618530273,121.56099700927734
I4210112678,University of the Coast,CO,10.99628734588623,-74.79109954833984
I4210126117,Corporación Universitaria Reformada,CO,10.98668384552002,-74.81571197509766
I897542642,University of Plymouth,GB,50.37152862548828,-4.143050193786621
I4210137845,Edinburgh Genomics,GB,55.9242057800293,-3.173156976699829
I133960621,Roslin Institute,GB,55.86589813232422,-3.199084997177124
I161045824,Avinashilingam University,IN,11.005550384521484,76.96611785888672
I4210105562,Velammal Educational Trust,IN,13.060297012329102,80.24954223632812
I44666525,University of the South Pacific,FJ,-18.136829376220703,178.42530822753906
I4210089979,Carnegie Mellon University Qatar,QA,25.316389083862305,51.43888854980469
I4210131801,Hong Kong R&D Centre for Logistics and Supply Chain Management Enabling Technologies,CN,22.25957489013672,114.13043975830078
I170658231,Osnabrück University,DE,52.272640228271484,8.049799919128418
I4387152675,Rheinland-Pfälzische Technische Universität Kaiserslautern-Landau,,49.19844,8.11692
I240042149,Abdelmalek Essaâdi University,MA,35.57844924926758,-5.368370056152344
I4387154844,Zhengzhou Preschool Education College,,34.75777816772461,113.64861297607422
I179420787,Indian Council of Agricultural Research,IN,28.62137,77.2148
I3005160176,Institute for High Performance Computing and Networking,IT,39.33154,16.18041
I3121153395,West University of Timişoara,RO,45.753719329833984,21.225709915161133
I1325736334,Battelle,US,39.961181640625,-82.99878692626953
I4210163630,Fraunhofer Institute for Software and Systems Engineering,DE,51.51494,7.466
I131781684,Intel (Ireland),IE,53.37211608886719,-6.513026237487793
I202524275,Smith College,US,42.32509,-72.6412
I4210111902,Dongbu HiTek (South Korea),KR,37.50436782836914,127.05330657958984
I102179633,New School,US,40.73625564575195,-73.99475860595703
I69050122,Near East University,CY,35.17530822753906,33.364200592041016
I4210105201,Nokia (Ireland),IE,53.3137321472168,-6.236540794372559
I94357780,Zhongkai University of Agriculture and Engineering,CN,23.1091251373291,113.28040313720703
I4210127031,Uninova,PT,38.66178894042969,-9.20032024383545
I33374188,Kao Yuan University,TW,22.84149932861328,120.26460266113281
I196349391,Universität Ulm,DE,48.39841,9.99155
I192545095,United States Military Academy,US,41.39148,-73.95597
I4210140789,Second Affiliated Hospital of Xuzhou Medical College,CN,34.25375747680664,117.16693115234375
I177388780,Xuzhou Medical College,CN,34.180450439453125,117.15706634521484
I36169673,Alstom (France),FR,48.90694046020508,2.3330600261688232
I193397943,Zuyd University of Applied Sciences,NL,50.88365173339844,5.981540203094482
I19722,Ateneo de Manila University,PH,14.63888931274414,121.0777816772461
I2799730521,Greater London Authority,GB,51.50852966308594,-0.12574000656604767
I2800649613,University of Missouri Health System,US,38.938568115234375,-92.3277587890625
I194019607,University of Ioannina,GR,39.664859771728516,20.851890563964844
I164389053,Fordham University,US,40.714271545410156,-74.00596618652344
I4210097190,Telefónica (Spain),ES,40.416500091552734,-3.7025599479675293
I4210158023,Hochschule für Telekommunikation Leipzig,DE,51.312843322753906,12.376078605651855
I922237871,Netherlands Institute for Radio Astronomy,NL,52.83417,6.36944
I55741626,Technical University of Crete,GR,35.51123809814453,24.02920913696289
I162720556,Karadeniz Technical University,TR,41.005001068115234,39.7269401550293
I36197038,Taiz University,YE,13.583331108093262,43.98594284057617
I2802476451,Wellcome Sanger Institute,GB,52.20000076293945,0.11666999757289886
I1323276237,Florida A&M University - Florida State University College of Engineering,US,30.420364379882812,-84.31790924072266
I2802692842,Fremantle Hospital,AU,-32.05632,115.74557
I60922564,Naver (South Korea),KR,37.43861,127.13778
I4210143291,​​Jubail University College,SA,27.075584411621094,49.59103012084961
I135987583,Kafkas University,TR,40.59825134277344,43.085479736328125
I4210120068,IBM Research - Australia,AU,-37.80183410644531,144.9669189453125
I10824318,Universidade Federal de Ouro Preto,BR,-20.394840240478516,-43.50516891479492
I2802578854,"Arts, Sciences and Technology University in Lebanon",LB,33.89431381225586,35.48117446899414
I146516829,Hirosaki University,JP,40.590576171875,140.47222900390625
I99297268,University of Hassan II Casablanca,MA,33.58831024169922,-7.611380100250244
I31336631,Brunswick (United States),US,42.24141311645508,-87.88926696777344
I24354313,University of Buenos Aires,AR,-34.61315,-58.37723
I90344618,Medical Research Council,GB,51.50853,-0.12574
I138801177,University of Ulster,GB,55.13333,-6.66667
I82495205,University of Alabama in Huntsville,US,34.73040008544922,-86.5859375
I194028371,University of Regina,CA,50.45008087158203,-104.6177978515625
I4210155821,Military Hospital of Tunis,TN,36.78578186035156,10.178380966186523
I154347574,University of Rijeka,HR,45.32673,14.44241
I70986742,Novelis (Canada),CA,43.640716552734375,-79.68257141113281
I92614990,Tokyo University of Agriculture and Technology,JP,35.68949890136719,139.69171142578125
I1286141780,Library and Archives Canada,CA,45.42021942138672,-75.70785522460938
I4210098836,Institut de Physique,FR,48.85341,2.3488
I67357951,KIIT University,IN,20.272409439086914,85.83384704589844
I114129787,NCR (United States),US,33.958030700683594,-83.9961166381836
I4210158714,Teradata (United States),US,39.60226821899414,-84.23329162597656
I183697816,Bangladesh University of Engineering and Technology,BD,23.7104,90.40744
I165862685,"St George's, University of London",GB,51.50853,-0.12574
I1310053265,St George's Hospital,GB,51.427120208740234,-0.17488299310207367
I2799345387,Kuwait Petroleum Corporation (Kuwait),KW,29.36972,47.97833
I4210109614,The HDF Group,US,40.11642,-88.24338
I4210109437,Footscray Hospital,AU,-37.791996002197266,144.8867950439453
I4210096041,Riyadh Elm University,SA,24.68773078918457,46.72185134887695
I184999862,Universidad de Salamanca,ES,40.96882,-5.66388
I889804353,Robert Bosch (Germany),DE,48.782318115234375,9.177020072937012
I4210129320,Hospital Juan Ramón Jiménez,ES,37.280006408691406,-6.926842212677002
I1293555014,Islamic Azad University of Tabriz,IR,38.08000183105469,46.291900634765625
I7350606,Dalian Jiaotong University,CN,38.9122200012207,121.60221862792969
I4210085975,Friends United,US,42.2092170715332,-87.8201904296875
I206597221,Kongju National University,KR,36.46900177001953,127.13999938964844
I1304085615,Nvidia (United Kingdom),GB,51.45625,-0.97113
I226983648,Narsee Monjee Institute of Management Studies,IN,19.072830200195312,72.88260650634766
I116970179,University of Jijel,DZ,36.80135726928711,5.751527786254883
I177156846,South Dakota State University,US,44.31135940551758,-96.79839324951172
I173963315,St. Cloud State University,US,45.56079864501953,-94.16249084472656
I2800556661,China Tobacco,CN,39.914119720458984,116.3440170288086
I182145113,Isaac Newton Institute for Mathematical Sciences,GB,52.2,0.11667
I39705031,Catholic University of Daegu,KR,35.82333,128.73778
I121502294,Physical Research Laboratory,IN,23.025789260864258,72.58727264404297
I143150842,Urmia University of Technology,IR,37.503360748291016,45.0145263671875
I4210137123,Telkom (South Africa),ZA,-25.878173828125,28.187345504760742
I81672605,Orion Corporation (United Kingdom),GB,51.45530319213867,-0.9655197858810425
I4210105714,Center for Human Genetics,US,44.39016342163086,-68.2872314453125
I107606265,Broad Institute,US,42.3751,-71.10561
I181547552,Baylor College of Medicine,US,29.76328,-95.36327
I134784518,Institute of Business Administration Karachi,PK,24.942102432250977,67.11412811279297
I4210129581,Kyoto University of Education,JP,34.95000076293945,135.77305603027344
I1301968116,MEF University,TR,41.01384,28.94966
I90281761,"State University ""Kyiv Aviation Institute""",UA,50.45466,30.5238
I190734841,Maejo University,TH,18.790380477905273,98.98468017578125
I169248161,Universidade Federal de Pelotas,BR,-31.76997,-52.34101
I200475212,"The Graduate University for Advanced Studies, SOKENDAI",JP,35.26111602783203,139.6084442138672
I59422894,University of South Florida Sarasota–Manatee,US,27.3917236328125,-82.56282043457031
I51713134,University of Colorado Anschutz Medical Campus,US,39.72943115234375,-104.83191680908203
I4210113004,National Center for Chronic Disease Prevention and Health Promotion,US,33.799339294433594,-84.3280258178711
I98704320,Icahn School of Medicine at Mount Sinai,US,40.71427,-74.00597
I2800006345,Leiden University Medical Center,NL,52.158329010009766,4.493060111999512
I51235708,Universidade Federal do Espírito Santo,BR,-20.319440841674805,-40.3377799987793
I130438778,Memorial University of Newfoundland,CA,47.56494,-52.70931
I4210125051,Microsoft (Israel),IL,32.17588806152344,34.88946533203125
I177331275,Northern Michigan University,US,46.543540954589844,-87.39541625976562
I4210127348,FORTH Institute of Electronic Structure and Laser,GR,35.34217834472656,25.144168853759766
I4210145049,Anhui Institute of Information Technology,CN,31.136837005615234,118.6359634399414
I4210118258,Centre d'Excellence en Technologies de l'Information et de la Communication,BE,50.41136,4.44448
I4210126619,Instituto Politécnico de Tomar,PT,39.60199,-8.40924
I207025910,Periyar Maniammai Institute of Science & Technology,IN,10.730253219604492,79.0688247680664
I4210157778,Kantonsarchäologie Aargau,CH,47.4805793762207,8.2108154296875
I4210131439,Applied Mathematics (United States),US,41.42325973510742,-72.07901000976562
I4210100260,Centre Hospitalier Régional et Universitaire de Nancy,FR,48.68439,6.18496
I4387152634,"Développement, Adaptation et Handicap",,48.66115188598633,6.171140193939209
I4210108041,Sur University College,OM,22.566669464111328,59.52888870239258
I4403386702,University of Technology and Applied Sciences-Suhar,OM,24.34745,56.70937
I4210159643,Institute of Technology and Business,CZ,48.97446823120117,14.474340438842773
I3970613,University of North Carolina at Pembroke,US,34.68016,-79.19504
I4210152042,Beijing Polytechnic,CN,39.97453308105469,116.48456573486328
I4210114632,Ambo University,ET,8.983329772949219,37.849998474121094
I4210154636,"Technology Information, Forecasting and Assessment Council",IN,28.542131423950195,77.18281555175781
I99977706,FH Aachen,DE,50.75486755371094,6.098174095153809
I75357094,National Yunlin University of Science and Technology,TW,23.69196128845215,120.53459930419922
I2799803557,Barcelona Supercomputing Center,ES,41.38879,2.15899
I8833935,Universidad de León,ES,42.60002899169922,-5.570320129394531
I4210137144,Guangdong Hydropower Planning & Design Institute,CN,23.146493911743164,113.3327407836914
I4210092223,Suzhou Vocational University,CN,31.304079055786133,120.59538269042969
I4210115038,Huawei Technologies (Canada),CA,43.8516731262207,-79.36248779296875
I4210117005,Laboratoire des Sciences du Numérique de Nantes,FR,47.21725,-1.55336
I4210112997,State Power Investment Corporation (China),CN,39.907501220703125,116.39723205566406
I183792356,Hiroshima University of Economics,JP,34.4,132.45
I7947594,University of Maine,US,44.883121490478516,-68.67198181152344
I2800354142,Wayne Community College,US,35.40301513671875,-77.94578552246094
I14245010,University of Kragujevac,RS,44.01667,20.91667
I4210088362,Constantin Brâncuși University of Targu Jiu,RO,45.03879928588867,23.274906158447266
I157386601,North South University,BD,23.710399627685547,90.40744018554688
I121760703,University of Applied Sciences Technikum Wien,AT,48.20848846435547,16.372079849243164
I4210142044,VinUniversity,VN,20.98925018310547,105.94357299804688
I4210089766,Technical and Vocational University,IR,35.69439,51.42151
I1296818125,Insurance Institute for Highway Safety,US,38.883140563964844,-77.11565399169922
I158716096,University of Peloponnese,GR,37.508888244628906,22.379440307617188
I2802752048,European Defence Agency,BE,50.85044860839844,4.348780155181885
I39815113,Georgia Southern University,US,32.44879150390625,-81.78317260742188
I4210110792,Centre de Recherche en Automatique de Nancy,FR,48.68439,6.18496
I46305995,Taiyuan University of Science and Technology,CN,37.86943817138672,112.5602798461914
I1328594524,Children's Mercy Hospital,US,39.084049224853516,-94.57717895507812
I110525433,"Islamic Azad University, Tehran",IR,35.69439,51.42151
I84909340,Institut des Hautes Études Scientifiques,FR,48.69981,2.17064
I4210125514,Université Djilali de Sidi Bel Abbès,DZ,35.18994,-0.63085
I207624831,Slovak Academy of Sciences,SK,48.14816,17.10674
I2722730,Inner Mongolia University,CN,40.8105583190918,111.6522216796875
I43475992,Sikkim University,IN,27.325740814208984,88.6121597290039
I4210090492,Kjeller Innovasjon (Norway),NO,59.97426223754883,11.047035217285156
I4210107475,CUNY Advanced Science Research Center,US,40.71427,-74.00597
I14077687,Canarie,CA,45.411170959472656,-75.6981201171875
I17653759,Fund for Scientific Research,BE,50.83694076538086,4.370707988739014
I2799712993,Norwood Hospital,US,42.18895721435547,-71.20171356201172
I4210126939,ZheJiang Academy of Agricultural Sciences,CN,30.293649673461914,120.16142272949219
I87074743,University of the Philippines Diliman,PH,14.654861450195312,121.06446838378906
I4210135841,Iowa City VA Medical Center,US,41.661128997802734,-91.53016662597656
I2802216851,University of Iowa Hospitals and Clinics,US,41.661128997802734,-91.53016662597656
I41763900,Central Electronics Engineering Research Institute,IN,28.36589241027832,75.5833511352539
I4389425378,R.V. College of Engineering,,12.971940040588379,77.59368896484375
I99364266,Academy of Scientific and Innovative Research,IN,28.66535,77.43915
I45642913,Kırıkkale University,TR,39.845279693603516,33.50638961791992
I41725924,Muroran Institute of Technology,JP,42.31722,140.98806
I120234788,Imam Hossein University,IR,35.75391387939453,51.59367370605469
I182202855,South East European University,MK,42.00973129272461,20.97154998779297
I185658715,Universities UK,GB,51.6337890625,-0.1070690006017685
I95293974,Abdullah Gül University,TR,38.73763656616211,35.47346878051758
I1313323035,Russian Academy of Sciences,RU,55.75222,37.61556
I124386471,Khulna University,BD,22.809789657592773,89.56439208984375
I4210165411,"Centro de Investigaciones Energéticas, Medioambientales y Tecnológicas",ES,40.416500091552734,-3.7025599479675293
I5209920,Ostwestfalen-Lippe University of Applied Sciences and Arts,DE,52.02785873413086,8.899009704589844
I4210111431,Canadian VIGOUR Centre,CA,53.52849578857422,-113.52806854248047
I2801120396,Boeing (Australia),AU,-27.46794,153.02809
I40179345,Odessa National Polytechnic University,UA,46.48572,30.74383
I71007489,Kyungnam University,KR,35.18061065673828,128.5533447265625
I159737604,Technical University of Nova Scotia,CA,44.636592864990234,-63.5916862487793
I53107984,Getty Research Institute,US,34.07691955566406,-118.47550964355469
I34476706,DHA Suffa University,PK,24.81515121459961,67.07988739013672
I4210117450,Federico II University Hospital,IT,40.86650085449219,14.220749855041504
I96909044,Induk University,KR,37.631675720214844,127.05477905273438
I91732220,Universidad del Valle,CO,3.4372200965881348,-76.52249908447266
I4210141069,Bochum University of Applied Sciences,DE,51.48165,7.21648
I23732399,Montana State University,US,45.67965,-111.03856
I4210146690,National University Hospital,SG,1.2944799661636353,103.78335571289062
I4210150261,National University Health System,SG,1.2896699905395508,103.85006713867188
I1327191685,deCODE Genetics (Iceland),IS,64.13567352294922,-21.94615936279297
I134353371,SK Group (South Korea),KR,37.566001892089844,126.97840118408203
I2656126,University of Havana,CU,23.13302,-82.38304
I1296812847,Public Policy Institute of California,US,37.7961311340332,-122.40210723876953
I1336375059,Goethe Institute,GB,51.50853,-0.12574
I4210166245,"Fraunhofer Institute for Communication, Information Processing and Ergonomics",DE,50.63333,7.1
I4210157790,Statistical Research (United States),US,34.05556869506836,-117.18254089355469
I60559429,Nazarbayev University,KZ,51.1801,71.44598
I169016828,Shimane University,JP,35.48666763305664,133.0680694580078
I200296433,Chinese Academy of Medical Sciences & Peking Union Medical College,CN,39.9075,116.39723
I4210127599,Xiyuan Hospital,CN,39.907501220703125,116.39723205566406
I4210157510,Smt. Kashibai Navale Medical College and General hospital,IN,18.51957,73.85535
I33217400,Université du Québec en Outaouais,CA,45.477230072021484,-75.7016372680664
I4210138206,Institut de Mathématiques de Marseille,FR,43.29695,5.38107
I195024194,Riphah International University,PK,33.597328186035156,73.04789733886719
I4210099309,Pellervo Economic Research,FI,60.16591262817383,24.93168067932129
I204490831,National Research University of Electronic Technology,RU,55.98297119140625,37.20930480957031
I4210100283,"Laboratoire des Sciences de l'Ingénieur, de l'Informatique et de l'Imagerie",FR,48.52894,7.71523
I68947357,Université de Strasbourg,FR,48.58392,7.74553
I197572798,Utah Valley University,US,40.29690170288086,-111.69464874267578
I4210092225,ET Enterprises (United Kingdom),GB,51.54609298706055,-0.48852598667144775
I1299303238,National Institutes of Health,US,38.98067,-77.10026
I4210109390,National Center for Biotechnology Information,US,38.98492431640625,-77.09797668457031
I24881138,Cracow University of Technology,PL,50.061431884765625,19.936580657958984
I4210087266,Institute of Computer Science,PL,52.225852966308594,20.95012855529785
I205133468,Airlangga University,ID,-7.24917,112.75083
I118564535,University of Bern,CH,46.94809,7.44744
I4210118629,NARI Group (China),CN,32.0521240234375,118.7906723022461
I152238500,Chosun University,KR,35.15472,126.91556
I4210126968,National Center for Science and Technology Evaluation,CN,39.953956604003906,116.3056640625
I1298633626,Telecom Italia Lab,IT,45.070491790771484,7.686820030212402
I4210090861,Ferioli & Gianotti (Italy),IT,46.209842681884766,12.952858924865723
I174025329,University of the Sunshine Coast,AU,-26.65682,153.07955
I2799496647,SNS Reaal,NL,52.08888626098633,5.104445934295654
I4210093674,Zhoukou Normal University,CN,33.633331298828125,114.63333129882812
I195296446,Temasek Polytechnic,SG,1.2896699905395508,103.85006713867188
I161057412,University of New Hampshire,US,43.133968353271484,-70.92645263671875
I4210135990,Instituto de Instrumentación para Imagen Molecular,ES,39.47391128540039,-0.3796600103378296
I4210115480,Escuela Colombiana de Ingenieria Julio Garavito,CO,4.609710216522217,-74.08174896240234
I4210166468,Beijing Aerospace Flight Control Center,CN,40.07198715209961,116.25709533691406
I159665162,National Institute of Development Administration,TH,13.753979682922363,100.5014419555664
I124113063,University of Scranton,US,41.40916061401367,-75.66490173339844
I59460038,Chung Hua University,TW,24.758333206176758,120.9527816772461
I162254961,National University of Lesotho,LS,-29.316669464111328,27.48332977294922
I136848882,Optech (Canada),CA,43.788944244384766,-79.52483367919922
I70908550,Anhui Polytechnic University,CN,31.352590560913086,118.4294662475586
I12524447,Seton Hall University,US,40.74314498901367,-74.24663543701172
I102913810,Universiti Malaysia Pahang Al-Sultan Abdullah,MY,3.483599901199341,103.39959716796875
I1332092204,National Science and Technology Development Agency,TH,14.013460159301758,100.53048706054688
I14316845,National Electronics and Computer Technology Center,TH,14.013460159301758,100.53048706054688
I4210130525,Sidra Medical and Research Center,QA,25.285449981689453,51.53096008300781
I913140155,Offenburg University of Applied Sciences,DE,48.47377014160156,7.944950103759766
I23686167,National Aerospace University – Kharkiv Aviation Institute,UA,50.04421615600586,36.28809356689453
I80606768,Universidad de Extremadura,ES,38.877891540527344,-6.97061014175415
I4210095952,Institute for Cross-Disciplinary Physics and Complex Systems,ES,39.56938934326172,2.650239944458008
I58048189,Shahid Beheshti University of Medical Sciences,IR,35.69438934326172,51.4215087890625
I175548057,Vinayaka Missions University,IN,11.59542179107666,78.08413696289062
I165735259,Gunma University,JP,36.43027877807617,139.0449981689453
I4210146157,Dhanalakshmi Srinivasan Group of Institutions,IN,11.235380172729492,78.87101745605469
I162489102,University of Batna 1,DZ,35.55596923828125,6.174139976501465
I76661892,Federal University of Technology Minna,NG,9.659355163574219,6.528575897216797
I172637570,National Grid (United States),US,40.71051788330078,-73.93683624267578
I4210109212,National Defence University,FI,60.15410614013672,25.05461883544922
I4210135272,Hôpital Paris Saint-Joseph,FR,48.85341,2.3488
I2801004183,Temple College,US,31.073823928833008,-97.35224914550781
I172917736,"Christian Medical College, Vellore",IN,12.9184,79.13255
I2801313472,North Central State College,US,40.797027587890625,-82.58155059814453
I4210167126,UCSF Helen Diller Family Comprehensive Cancer Center,US,37.77492904663086,-122.41941833496094
I27674431,Indian Institute of Technology Gandhinagar,IN,23.2166690826416,72.6833267211914
I102502594,Northern Illinois University,US,41.92947006225586,-88.75035858154297
I100301340,Quanta Technology (United States),US,35.80318832397461,-78.70935821533203
I71578702,University of Portland,US,45.5234489440918,-122.67620849609375
I4210122261,Swiss Data Science Center,CH,47.37936782836914,8.547945976257324
I161593684,Stockholm University,SE,59.32938,18.06871
I4210095385,Instituto de Física Fundamental,ES,40.416500091552734,-3.7025599479675293
I867280407,The University of Texas Southwestern Medical Center,US,32.78306,-96.80667
I4210101190,Cancer Research And Biostatistics,US,47.63336944580078,-122.34178924560547
I45294948,Post Graduate Institute of Medical Education and Research,IN,30.736289978027344,76.78839874267578
I3123046734,Lorestan University,IR,33.4877815246582,48.355831146240234
I4210127366,Toshiba (South Korea),KR,37.50001907348633,127.06148529052734
I147017597,Medical University of Varna,BG,43.216670989990234,27.916669845581055
I3132465597,Institute for Quality and Efficiency in Health Care,DE,50.93333053588867,6.949999809265137
I4210159778,National Research Council Canada,CA,45.41117,-75.69812
I4210137719,Institute e-Austria Timisoara,RO,45.75372,21.22571
I4210123973,Solari (Italy),IT,46.07512664794922,13.223651885986328
I4210147796,University of Faisalabad,PK,31.41554069519043,73.08969116210938
I1280536761,Ames Research Center,US,37.386051177978516,-122.08384704589844
I4210129833,Pitney Bowes (United States),US,41.056175231933594,-73.54471588134766
I167067459,Astronautics Corporation of America,US,43.094818115234375,-87.94062042236328
I4210100976,BOE Technology Group (China),CN,39.80184555053711,116.50532531738281
I12323705,The Abdus Salam International Centre for Theoretical Physics (ICTP),IT,45.64953,13.77678
I142444530,University of Trieste,IT,45.64953,13.77678
I58152225,Texas A&M University at Qatar,QA,25.315067291259766,51.439327239990234
I4210142473,Adapti (Slovenia),SI,46.020992279052734,14.391737937927246
I4210110915,Research Institute for Electromagnetic Materials,JP,38.235877990722656,140.83895874023438
I4210161003,Qingdao Center of Resource Chemistry and New Materials,CN,36.17703628540039,120.501953125
I4210116658,École Centrale d'Électronique,FR,48.85341,2.3488
I216852786,École Centrale Paris,FR,48.765071868896484,2.266550064086914
I4210143116,Électricité de France (France),FR,48.85340881347656,2.34879994392395
I98993165,Capitol Technology University,US,39.04750061035156,-76.85150146484375
I198012923,University of Staffordshire,GB,53.004150390625,-2.185379981994629
I163753206,Chungbuk National University,KR,36.63722,127.48972
I4210096862,Sobolev Institute of Mathematics,RU,55.041500091552734,82.93460083007812
I50219554,University of Laghouat,DZ,33.79999923706055,2.865139961242676
I879563668,Universidade Estadual Paulista (Unesp),BR,-23.5475,-46.63611
I4210142765,Instituto de Pesquisas Tecnológicas,BR,-23.547500610351562,-46.6361083984375
I4210099379,Zimmer Biomet (Germany),DE,52.40946960449219,13.270167350769043
I4210145508,University Mohamed Boudiaf of M'sila,DZ,35.70889,4.53722
I35777872,North Carolina Agricultural and Technical State University,US,36.07263946533203,-79.79197692871094
I4210136308,Translational Innovation in Medicine and Complexity,FR,45.17869,5.71479
I116943215,Dr. A.P.J. Abdul Kalam Technical University,IN,26.83928,80.92313
I177605424,Amherst College,US,42.375370025634766,-72.51924896240234
I4210117453,Dana-Farber Cancer Institute,US,42.358428955078125,-71.05976867675781
I1341031431,Proton (Malaysia),MY,3.046328067779541,101.55947875976562
I196758499,Fryske Akademy,NL,53.20271,5.80973
I4210164379,Seoul Media Institute of Technology,KR,37.566,126.9784
I1286704778,Rutherford Appleton Laboratory,GB,51.60928,-1.24214
I2802326326,The University of Texas Rio Grande Valley,US,26.301740646362305,-98.16333770751953
I188884621,Lodz University of Technology,PL,51.77058,19.47395
I184647316,South Dakota School of Mines and Technology,US,44.08053970336914,-103.23101043701172
I110736937,Délégation Paris 5,FR,48.85341,2.3488
I4210152419,Deutsches Diabetes-Zentrum e.V.,DE,51.22172164916992,6.776159763336182
I4210160326,German Center for Diabetes Research,DE,48.13743,11.57549
I1662191,University of Puerto Rico at Río Piedras,PR,18.46632957458496,-66.10572052001953
I3133486578,Mokwon University,KR,36.326377868652344,127.33850860595703
I2801239119,Australian Regenerative Medicine Institute,AU,-37.91049575805664,145.12930297851562
I2799725622,Alameda Hospital,US,37.762786865234375,-122.25413513183594
I143396566,Fırat University,TR,38.67430877685547,39.223209381103516
I28777237,Oki Electric Industry (Japan),JP,35.64059066772461,139.74722290039062
I4210088305,Chinese People's Armed Police Force Medical College Affiliated Hospital,CN,39.130157470703125,117.28007507324219
I110026055,Iscte – Instituto Universitário de Lisboa,PT,38.71667,-9.13333
I17626003,University of Rhode Island,US,41.48038,-71.52256
I152650591,University of Cauca,CO,2.4412379264831543,-76.60487365722656
I250520410,Prairie View A&M University,US,30.09327,-95.98773
I137594350,Infineon Technologies (Germany),DE,48.137428283691406,11.57548999786377
I129877168,Carl von Ossietzky Universität Oldenburg,DE,53.14118,8.21467
I4210155202,Systemic Risk Centre,GB,51.50852966308594,-0.12574000656604767
I1318987563,McKesson (United States),US,37.77493,-122.41942
I4210111949,Laboratoire d'Ingénierie Circulation Transports,FR,45.736572265625,4.925459861755371
I2800150677,Western General Hospital,GB,55.96327209472656,-3.2327098846435547
I173664879,Universidad Autónoma de Baja California,MX,32.627811431884766,-115.45446014404297
I4210102553,Universidad de Morelia,MX,19.70136070251465,-101.17747497558594
I4210146980,Meguro Parasitological Museum,JP,35.6317138671875,139.70677185058594
I51485169,Le Moyne College,US,43.048118591308594,-76.14742279052734
I161127581,Universidade Federal Fluminense,BR,-22.883329391479492,-43.10361099243164
I200284239,Universidade de Santiago de Compostela,ES,42.88052,-8.54569
I4210102186,Centre de Développement des Technologies Avancées,DZ,36.68760681152344,2.9812870025634766
I91894341,Gyan Vihar University,IN,26.818758010864258,75.85671997070312
I57629906,Nile University,EG,30.00944,31.20861
I92063915,Minot State University,US,48.23251,-101.29627
I88694374,Marshall University,US,38.41925048828125,-82.44515228271484
I110079840,University of Hohenheim,DE,48.782318115234375,9.177020072937012
I24214720,Hansung University,KR,37.566001892089844,126.97840118408203
I4210159614,American Health Network,US,39.77627944946289,-86.172607421875
I4210148832,Federal University Kashere,NG,9.984743118286133,10.951202392578125
I6902469,Brandeis University,US,42.37649154663086,-71.23561096191406
I4388891846,Politeknik Negeri Semarang,,-6.993060111999512,110.42082977294922
I148158369,State University of Semarang,ID,-6.993060111999512,110.42082977294922
I4210104545,Instituto de Microelectrónica de Sevilla,ES,37.38283157348633,-5.973169803619385
I188771183,Iqra University,PK,24.86079978942871,67.0103988647461
I118787663,Maxygen (United States),US,37.498680114746094,-122.21515655517578
I3132079568,Institute for Quantum Optics and Quantum Information Innsbruck,AT,47.26266098022461,11.394539833068848
I4210100980,Vienna Center for Quantum Science and Technology,AT,48.20848846435547,16.372079849243164
I1330254920,Hudson Institute,US,38.895572662353516,-77.02877044677734
I2801658355,Office National d'Études et de Recherches Aérospatiales,FR,48.71828,2.2498
I140744787,University of Pardubice,CZ,50.04075,15.77659
I4210097301,Istanbul Topkapi University,TR,,
I3132161128,Hai Phong University,VN,20.86481,106.68345
I4210162197,Vanderbilt Health,US,36.159706115722656,-86.68916320800781
I4210094879,Shandong Institute of Automation,CN,36.668331146240234,116.99722290039062
I4210124177,STMicroelectronics (Czechia),CZ,50.09272384643555,14.441473007202148
I169019527,Quanzhou Normal University,CN,24.913890838623047,118.58583068847656
I4210093649,Information Technologies Institute,GR,40.64360809326172,22.93086051940918
I4210134249,Centre for Research and Technology Hellas,GR,40.64360809326172,22.93086051940918
I165368041,University of Iceland,IS,64.13548,-21.89541
I8248082,Florida Agricultural and Mechanical University,US,30.43825912475586,-84.28073120117188
I193181351,Universidad de Guadalajara,MX,20.66682,-103.39182
I4210101371,GZO Spital Wetzikon,CH,47.32640075683594,8.797789573669434
I116036724,Shenyang Ligong University,CN,41.79222106933594,123.43277740478516
I45644089,Albion College,US,42.243099212646484,-84.7530288696289
I164936912,The University of Texas at El Paso,US,31.75872039794922,-106.48693084716797
I94310126,Shanxi Normal University,CN,37.86943817138672,112.5602798461914
I188950975,GlaxoSmithKline (United Kingdom),GB,51.50853,-0.12574
I63634437,Universidad Autónoma de Madrid,ES,40.4165,-3.70256
I121934306,Tufts University,US,42.41843,-71.10616
I4210150112,Fondazione Santa Lucia,IT,41.84127426147461,12.514198303222656
I4210165883,Xinxiang University,CN,30.499990463256836,108.27278137207031
I196345858,Chungnam National University,KR,36.34913,127.38493
I31847773,Zhejiang Ocean University,CN,29.988689422607422,122.20487976074219
I2802895650,Institution of Engineers,IN,22.56263,88.36304
I4210106489,National Heart Lung and Blood Institute,US,38.98067092895508,-77.10025787353516
I4210167249,Network Technologies (United States),US,41.28133010864258,-81.32920837402344
I4101805,Yıldız Technical University,TR,41.01383972167969,28.94965934753418
I4210122191,Ordnance Engineering College,CN,38.05582809448242,114.48839569091797
I4210114455,Cambridge Quantum Computing (United Kingdom),GB,52.20000076293945,0.11666999757289886
I4210104693,STMicroelectronics (France),FR,48.81992721557617,2.324594020843506
I4210127555,China Guodian Corporation (China),CN,39.907501220703125,116.39723205566406
I4210109699,Atos (Spain),ES,40.434715270996094,-3.632599115371704
I923003605,Jashore University of Science and Technology,BD,23.169710159301758,89.21370697021484
I11265461,Korea Development Institute,KR,37.566,126.9784
I137506752,North China University of Science and Technology,CN,39.633331298828125,118.1833267211914
I3111280877,Brf (Brazil),BR,-23.585437774658203,-46.68048095703125
I4210116091,"Department of Physics, Mathematics and Informatics",BY,53.92057800292969,27.598426818847656
I110325482,Eastern Kentucky University,US,37.747859954833984,-84.29464721679688
I4210139591,Aptar (France),FR,48.861148834228516,2.1146299839019775
I112536369,Yazd University,IR,31.897220611572266,54.36750030517578
I206437052,University of Management and Technology,US,38.89836883544922,-77.07209014892578
I114972647,University of Jordan,JO,31.95522,35.94503
I4387155471,"Laboratoire de Génie Informatique, de Production et de Maintenance",,49.119110107421875,6.172689914703369
I127670440,Bahauddin Zakariya University,PK,30.19679069519043,71.47824096679688
I174004417,Munich University of Applied Sciences,DE,48.137428283691406,11.57548999786377
I4210107658,Machine Intelligence Research Labs,US,47.31005096435547,-122.23005676269531
I4210109165,Environmental and Occupational Health Sciences Institute,US,40.499271392822266,-74.39904022216797
I4387155313,"Laboratoire d'électronique, systèmes de communication et microsystèmes",,48.849998474121094,2.5999999046325684
I4210154111,Université Gustave Eiffel,FR,48.85,2.6
I878454856,Hasselt University,BE,50.931060791015625,5.337810039520264
I149213910,University of Antwerp,BE,51.22272872924805,4.408430099487305
I110678235,Butler University,US,39.76837921142578,-86.15804290771484
I28285804,The University of Dodoma,TZ,-6.172210216522217,35.739471435546875
I251424209,Universitat de Girona,ES,41.98311,2.82493
I4387152997,Bilad Alrafidain University College,,33.7540283203125,44.60517883300781
I277213931,Alrafidain University College,IQ,33.340579986572266,44.40087890625
I119575151,Korea National University of Transportation,KR,36.96976089477539,127.87133026123047
I102607778,Cleveland State University,US,41.4995002746582,-81.6954116821289
I4210146956,Third Affiliated Hospital of Sun Yat-sen University,CN,23.134769439697266,113.3419418334961
I32078218,National Penghu University of Science and Technology,TW,23.574583053588867,119.58100891113281
I288045149,Dravidian University,IN,12.796526908874512,78.302734375
I62088572,University of Bielsko-Biała,PL,49.82244873046875,19.046859741210938
I4210122008,Almirall (Spain),ES,41.38879,2.15899
I114772536,Software Engineering Institute,US,40.44660186767578,-79.94999694824219
I2799889359,St. Patrick Hospital,US,46.87568283081055,-114.00003051757812
I129801699,University of Tasmania,AU,-42.87936,147.32941
I305130695,Gordon College,US,42.590782165527344,-70.82374572753906
I207789805,Lahore University of Management Sciences,PK,31.558000564575195,74.3507080078125
I4210123017,Framingham Heart Study,US,42.279258728027344,-71.41616821289062
I197323543,Johannes Gutenberg University Mainz,DE,49.98419,8.2791
I4210158318,Second Affiliated Hospital of Zhejiang University,CN,30.25167465209961,120.17648315429688
I4210133295,"Istituto Nazionale di Fisica Nucleare, Sezione di Firenze",IT,43.83193,11.19924
I181086730,Islamic University of Gaza,PS,31.501609802246094,34.46672058105469
I4210130617,Arxan (United States),US,40.45997619628906,-86.93070983886719
I79156528,Universiti Tenaga Nasional,MY,2.9773449897766113,101.73107147216797
I201750527,Uttarakhand Technical University,IN,30.343740463256836,77.93656921386719
I119203015,Shandong University of Technology,CN,36.79056167602539,118.0633316040039
I4210096066,Open Knowledge (United Kingdom),GB,52.2,0.11667
I46860202,Bank of England,GB,51.513938903808594,-0.0883760005235672
I185203018,King Saud bin Abdulaziz University for Health Sciences,SA,24.68773078918457,46.72185134887695
I4210159271,MIT-Harvard Center for Ultracold Atoms,US,42.375099182128906,-71.1056137084961
I180291457,Mehran University of Engineering and Technology,PK,25.43608,68.28017
I49420792,Northwest University of Politics and Law,CN,34.15700912475586,108.9175033569336
I4210160885,Arya Vaidya Sala,IN,11.000785827636719,75.99883270263672
I25217355,University of Pavia,IT,45.19205,9.15917
I4210120052,National Cancer Center,KR,37.65639,126.835
I8408910,Cardiff Metropolitan University,GB,51.47999954223633,-3.180000066757202
I4210102957,Département Mathématiques et Informatique Appliquées,FR,43.5159,1.4986
I84500057,Institut de Mathématiques de Toulouse,FR,43.60426,1.44367
I132400726,University of Nagasaki,JP,33.18577575683594,129.66575622558594
I175669267,Carestream (United States),US,43.15478,-77.61556
I4210137066,Far East University,TW,23.06529998779297,120.2947006225586
I103531236,Boston College,US,42.35843,-71.05977
I2800906782,Hong Kong Science and Technology Parks Corporation,HK,22.38333,114.18333
I4896460,Koya University,IQ,36.19116973876953,44.009429931640625
I180669731,Universidade Católica de Santos,BR,-23.94631004333496,-46.3218994140625
I72769676,Gautam Buddha University,IN,28.49614906311035,77.5360107421875
I4210161667,Continental (United States),US,42.687530517578125,-83.23410034179688
I49232843,Changchun University,CN,43.880001068115234,125.3227767944336
I4210107660,Institute for Information Transmission Problems,RU,55.75222,37.61556
I4210146444,Compute Canada,CA,43.70642852783203,-79.39864349365234
I206816349,Nagpur Institute of Technology,IN,21.127944946289062,79.09603881835938
I4210134445,Innovative Cryogenic Engineering (United Kingdom),GB,51.7793083190918,-1.4810830354690552
I4210136988,Délégation Provence et Corse,FR,43.29695,5.38107
I4210150884,Fondation Sophia Antipolis,FR,43.61494445800781,7.054452896118164
I4210097717,Don State Technical University,RU,47.237430572509766,39.71213150024414
I180539885,Walsh University,US,40.87466812133789,-81.36843872070312
I4210129463,Örebro University Hospital,SE,59.27412033081055,15.206600189208984
I170535673,Sana'a University,YE,15.354720115661621,44.206668853759766
I102101047,Roosevelt University,US,41.8761100769043,-87.62472534179688
I100286613,Hunan Institute of Science and Technology,CN,29.341005325317383,113.14778900146484
I4210163247,Henan Institute of Science and Technology,CN,35.190330505371094,113.801513671875
I186776151,Rider University,US,40.279998779296875,-74.73799896240234
I113979032,Twitter (United States),US,37.77492904663086,-122.41941833496094
I58236372,Ngee Ann Polytechnic,SG,1.2896699905395508,103.85006713867188
I901861585,Vanderbilt University Medical Center,US,36.165889739990234,-86.78443908691406
I90090648,Shijiazhuang Tiedao University,CN,38.04138946533203,114.47860717773438
I74897591,Marmara University,TR,41.01383972167969,28.94965934753418
I119004910,Silesian University of Technology,PL,50.29761,18.67658
I4210126829,China Medical University Hospital,TW,24.157007217407227,120.68099975585938
I4210163213,EnerSearch,SE,59.37238311767578,18.012067794799805
I87777523,Oberthur Technologies (France),FR,48.90947341918945,2.229588031768799
I92507152,John Jay College of Criminal Justice,US,40.71427,-74.00597
I304664074,Landmark University,NG,8.13385009765625,5.100289821624756
I98947143,California State Polytechnic University,US,34.06210708618164,-117.82123565673828
I131651094,University of Denver,US,39.73915100097656,-104.98470306396484
I196272386,Providence College,US,41.82398986816406,-71.41282653808594
I4210091409,Institut de Recherche Interdisciplinaire de Grenoble,FR,45.17869,5.71479
I144614875,Alliance University,IN,12.971940040588379,77.59368896484375
I4210101362,Xilinx (Ireland),IE,53.29090881347656,-6.4293599128723145
I180923762,University of Cologne,DE,50.93333,6.95
I130217899,Åbo Akademi University,FI,60.451480865478516,22.26869010925293
I88372448,Dalian Polytechnic University,CN,38.9122200012207,121.60221862792969
I1286361989,American Petroleum Institute,US,38.895111083984375,-77.03636932373047
I921716337,Northeast Petroleum University,CN,46.58332824707031,125.0
I430641,United States Air Force Academy,US,38.99831008911133,-104.86132049560547
I176432857,Beijing Wuzi University,CN,39.907501220703125,116.39723205566406
I151281966,Cisco Systems (China),CN,22.281238555908203,114.1750717163086
I4210110683,Groupe d’Étude de la Matière Condensée,FR,48.80359,2.13424
I127110123,Universidade Estadual de Londrina,BR,-23.310279846191406,-51.16278076171875
I173887773,University of Banja Luka,BA,44.77842,17.19386
I22675022,Williams College,US,42.71202087402344,-73.20372009277344
I1118541,University of East Anglia,GB,52.627830505371094,1.2983399629592896
I2799641468,Ecpi University,US,36.842552185058594,-76.17887115478516
I4210095996,IBM (Germany),DE,48.68212127685547,9.011710166931152
I44468530,Qingdao University of Technology,CN,36.06488037109375,120.38041687011719
I4210161853,Budapest Institute,HU,47.50014114379883,19.07272720336914
I249157770,SRH University Berlin,DE,52.513946533203125,13.322052001953125
I191240316,University of Hull,GB,53.7446,-0.33525
I4210151178,System Simulation (United Kingdom),GB,51.52301025390625,-0.1047779992222786
I4210111553,AISECT University,IN,23.134273529052734,77.5643081665039
I75390827,Beijing University of Chemical Technology,CN,39.907501220703125,116.39723205566406
I4210099987,Birmingham Women's Hospital,GB,52.45323944091797,-1.942742943763733
I2801766832,McGill University Health Centre,CA,45.50884,-73.58781
I4210143030,Bear Valley,US,34.2464714050293,-116.88836669921875
I41047195,Military University Nueva Granada,CO,4.609710216522217,-74.08174896240234
I4210094877,Atkins (United Kingdom),GB,51.52526092529297,-0.13930000364780426
I4210092118,Qatar Mobility Innovations Center,QA,25.28545,51.53096
I4210105992,Qatar Science and Technology Park,QA,25.28545,51.53096
I1322124587,Booz Allen Hamilton (United States),US,38.91872024536133,-77.23108673095703
I193352282,Daegu Gyeongbuk Institute of Science and Technology,KR,35.87028121948242,128.5911102294922
I2800246968,Muscular Dystrophy Canada,CA,43.70643,-79.39864
I219388962,University of Wrocław,PL,51.1,17.03333
I4210133156,Education Trust,US,38.89955520629883,-77.02910614013672
I4210092495,Suzhou Institute of Nano-tech and Nano-bionics,CN,31.30408,120.59538
I20307877,Antonine University,LB,33.83388900756836,35.54417037963867
I178169726,Southern Methodist University,US,32.783058166503906,-96.80667114257812
I183874623,The George Institute for Global Health,GB,51.50853,-0.12574
I2802171185,Oxford Health NHS Foundation Trust,GB,51.752220153808594,-1.2559599876403809
I4210146357,Oxford BioMedica (United Kingdom),GB,51.72745132446289,-1.192566990852356
I47301684,Illinois State University,US,40.5142,-88.99063
I59105498,Swisscom (Switzerland),CH,46.977535247802734,7.465098857879639
I41775361,Islamic Azad University Central Tehran Branch,IR,35.762123107910156,51.33911895751953
I28513355,Saudi Arabian Monetary Authority,SA,24.664426803588867,46.68719482421875
I4210167317,Qiannan Normal College For Nationalities,CN,26.26667022705078,107.51667022705078
I130442723,Universidade Federal do Rio Grande do Sul,BR,-30.03283,-51.23019
I22465464,University of Münster,DE,51.96236,7.62571
I35568498,Kochi University of Technology,JP,33.62130355834961,133.7198486328125
I4210117583,UK Biobank,GB,53.41529083251953,-2.1848061084747314
I4210087579,National Space Research and Development Agency,NG,9.05785,7.49508
I4210117172,Craig Newmark Graduate School of Journalism at the City University of New York,US,40.75522994995117,-73.98883056640625
I4210153924,National Institute of Technology Andhra Pradesh,IN,16.81467056274414,81.52716827392578
I119635470,Universidad de Las Palmas de Gran Canaria,ES,28.099729537963867,-15.413430213928223
I1283582996,Novartis (Switzerland),CH,47.55839157104492,7.573269844055176
I4401726805,Megvii (China),,39.907501220703125,116.39723205566406
I1339417872,Wadsworth Center,US,42.65258026123047,-73.75623321533203
I1293612202,Toyota Motor Corporation (Switzerland),CH,47.323001861572266,7.981740951538086
I4210112150,Institute of Automation,CN,39.907501220703125,116.39723205566406
I174731842,Islamia University of Bahawalpur,PK,29.998350143432617,73.25272369384766
I1338678786,"Center for Disease Dynamics, Economics & Policy",US,38.90936279296875,-77.03721618652344
I9507,Sangji University,KR,37.370460510253906,127.92853546142578
I131787340,Seagate (United States),US,37.323001861572266,-122.03218078613281
I4210144143,Inspur (China),CN,36.66084289550781,117.12727355957031
I4210127509,Vector Institute,CA,43.70643,-79.39864
I12012874,Ştefan cel Mare University of Suceava,RO,47.63333,26.25
I4210115995,UPMC Presbyterian,US,40.44282150268555,-79.9609603881836
I140494188,Université de Technologie de Troyes,FR,48.30073165893555,4.085239887237549
I126427551,Damietta University,EG,31.416479110717773,31.81332015991211
I4210100308,Military Technical College,EG,30.080455780029297,31.29623031616211
I4210159782,Metron (United States),US,38.95838928222656,-77.35893249511719
I13236232,TOBB University of Economics and Technology,TR,39.91986846923828,32.854270935058594
I55124831,"J.C. Bose University of Science & Technology, YMCA",IN,28.36846160888672,77.31558227539062
I4210160793,Institute of Geographic Sciences and Natural Resources Research,CN,39.907501220703125,116.39723205566406
I85384741,Heidelberg University,US,41.116668701171875,-83.16666412353516
I35427347,Islamic University of Indonesia,ID,-7.801390171051025,110.3647232055664
I19668297,Buckinghamshire New University,GB,51.627254486083984,-0.7518090009689331
I114796046,Gurukul Kangri Vishwavidyalaya,IN,29.94791030883789,78.16024780273438
I4210086594,University Foundation,BE,50.85044860839844,4.348780155181885
I4210158208,Faculdade Meridional,BR,-28.26278,-52.40667
I45643870,Pontifícia Universidade Católica do Rio Grande do Sul,BR,-30.03283,-51.23019
I197869895,Anhui Medical University,CN,31.86389,117.28083
I4210094789,Ningbo City College of Vocational Technology,CN,29.87229347229004,121.55546569824219
I4210148402,European Institute for Energy Research,DE,49.0203857421875,8.439369201660156
I137975476,Shinshu University,JP,36.23332977294922,137.9666748046875
I198415970,Université d'Avignon et des Pays de Vaucluse,FR,43.94834,4.80892
I18960004,University of Kang Ning,TW,23.060449600219727,120.15595245361328
I65446980,National Chin-Yi University of Technology,TW,24.144750595092773,120.7302474975586
I182980787,University of Dallas,US,32.84510803222656,-96.9258041381836
I169071405,Hebei North University,CN,40.783409118652344,114.87139129638672
I3130687028,United States Department of the Navy,US,38.88101,-77.10428
I4399598358,United States Navy,US,38.89511,-77.03637
I4210093476,Sumitomo Metal Mining (Japan),JP,35.68949890136719,139.69171142578125
I4210110374,CounterPath (United States),US,41.88381576538086,-87.64228057861328
I1320354487,Target (United States),US,44.974979400634766,-93.27445220947266
I4210114143,GlaxoSmithKline (United States),US,39.896568298339844,-75.1755142211914
I4210101242,Institute of Economics Zagreb,HR,45.81444,15.97798
I2800535057,IP Australia,AU,-35.2834587097168,149.12806701660156
I4647051,Université de Picardie Jules Verne,FR,49.9,2.3
I112982808,Universiti Sains Islam Malaysia,MY,2.803299903869629,101.79720306396484
I141461282,Dana (United States),US,41.56772994995117,-83.69335174560547
I4210131870,"Institute of Psychology, Chinese Academy of Sciences",CN,39.907501220703125,116.39723205566406
I4210141572,Instituto Tecnológico Metropolitano,CO,6.251840114593506,-75.56359100341797
I4210102005,Rajiv Gandhi University,IN,27.08694,93.60987
I4210126879,Laboratoires Spiral (France),FR,47.32502365112305,5.143115043640137
I4210122824,Dr. Reddy's Laboratories (United Kingdom),GB,53.846195220947266,-0.40209901332855225
I9256017,Islamic Azad University of Najafabad,IR,32.67304611206055,51.39228439331055
I4210123196,Zhejiang Environmental Monitoring Center,CN,30.279094696044922,120.12830352783203
I4210157177,Biomedical Development Corporation,US,29.4469051361084,-98.48664093017578
I1336263701,Centre for Human Genetics,GB,51.752220153808594,-1.2559599876403809
I4210086947,Institute of Physics,PL,52.17726135253906,21.0089054107666
I2801272649,Ronald Reagan UCLA Medical Center,US,34.06638717651367,-118.44611358642578
I4210158120,Swiss Epilepsy Center,CH,47.36667,8.55
I130761900,Cryptomathic (United Kingdom),GB,52.234588623046875,0.13972100615501404
I192392021,University of Central Punjab,PK,31.558000564575195,74.3507080078125
I4210089305,"Dr. D. Y. Patil Medical College, Hospital and Research Centre",IN,18.624174118041992,73.82125091552734
I49502546,Alfred University,US,42.25423812866211,-77.7905502319336
I2800759272,Center for Advanced Studies Research and Development in Sardinia,IT,39.00727081298828,9.002229690551758
I86613570,Universidad Panamericana,MX,19.428470611572266,-99.1276626586914
I4210148107,Space Engineering University,CN,40.35554885864258,116.65843963623047
I3089745140,Yale-NUS College,SG,1.2896699905395508,103.85006713867188
I186995768,Università degli studi di Cassino e del Lazio Meridionale,IT,41.485809326171875,13.828350067138672
I177436651,Mahatma Gandhi University,IN,9.58692,76.52132
I137799390,University of the West Indies System,JM,17.997020721435547,-76.7935791015625
I35046152,Universidade Federal do Rio Grande do Norte,BR,-5.795000076293945,-35.20943832397461
I26538001,San Diego State University,US,32.7157096862793,-117.16471862792969
I4210137794,Hayward Area Memorial Hospital,US,46.034732818603516,-91.48593139648438
I4210090244,Gülhane Askerî Tıp Akademisi,TR,39.91987,32.85427
I56592726,"University of Technology, Mauritius",MU,-20.16193962097168,57.4988899230957
I4210141715,Keio University Shonan Fujisawa,JP,35.38851547241211,139.42742919921875
I43522216,"California State University, Sacramento",US,38.58156967163086,-121.49440002441406
I4210153682,Intelligent Health (United Kingdom),GB,51.441036224365234,-0.9349730014801025
I3132702812,Uttaranchal University,IN,30.324430465698242,78.03392028808594
I1330342723,Mayo Clinic,US,44.021629333496094,-92.46990203857422
I133190216,Shahjalal University of Science and Technology,BD,24.921293258666992,91.83307647705078
I10640828,Central Institute of Plastics Engineering and Technology,IN,13.014196395874023,80.205078125
I206573129,Islamia College University,PK,34.00028610229492,71.47667694091797
I4391767778,State Key Laboratory of Turbulence and Complex Systems,,39.907501220703125,116.39723205566406
I3132279224,Institut Supérieur de l'Électronique et du Numérique,FR,50.63296890258789,3.058579921722412
I92528248,Qatar Foundation,QA,25.285449981689453,51.53096008300781
I125852741,Kanazawa Institute of Technology,JP,36.533329010009766,136.61666870117188
I4210125310,Pegaso University,IT,40.8521614074707,14.268110275268555
I103320735,Università Cattolica del Sacro Cuore,IT,45.464271545410156,9.189510345458984
I42766147,University of Toyama,JP,36.70000076293945,137.2166748046875
I1315541505,Austrian Institute of Economic Research,AT,48.20848846435547,16.372079849243164
I161878677,Austrian Research Institute for Artificial Intelligence,AT,48.21223449707031,16.36421775817871
I144693123,University of Buea,CM,4.1534199714660645,9.2423095703125
I4210112073,Yaroslavl State Technical University,RU,57.62987,39.87368
I4210101920,Faculty of 1000 (United Kingdom),GB,51.52015686035156,-0.1378690004348755
I4210101420,401 General Military Hospital of Athens,GR,37.99201583862305,23.776952743530273
I4210095226,Universitas Widya Dharma Klaten,ID,-7.691236972808838,110.6242904663086
I41461413,Universiti Malaysia Sarawak,MY,1.5499999523162842,110.33332824707031
I44563897,Université d'Artois,FR,50.29301071166992,2.781860113143921
I175399479,Haldia Institute of Technology,IN,22.06046,88.10975
I165507594,Kangwon National University,KR,37.87472152709961,127.73416900634766
I150870154,Indian Institute of Management Ahmedabad,IN,23.025789260864258,72.58727264404297
I4819740,Sri Sathya Sai Institute of Higher Learning,IN,14.16171646118164,77.81256103515625
I4210158303,Nucleix (Israel),IL,31.91158676147461,34.80473709106445
I4210148559,École nationale supérieure de techniques avancées Bretagne,FR,48.39029,-4.48628
I4210157811,Centro di Ricerca in Matematica Pura ed Applicata,IT,40.768775939941406,14.791975021362305
I4210127646,Max Planck Institute for Gravitational Physics,DE,52.41638946533203,12.96916675567627
I78137547,Ibb University,YE,13.962997436523438,44.17323303222656
I911458345,Amsterdam UMC Location VUmc,NL,52.37403,4.88969
I182627622,Université Sorbonne Nouvelle,FR,48.85341,2.3488
I875251973,Universidad Católica del Uruguay,UY,-34.90327835083008,-56.18815994262695
I4210110116,Institute of Applied Technology,CN,31.79096031188965,117.45706939697266
I90843659,Université de franche-comté,FR,47.24878,6.01815
I1287521167,Lockheed Martin (United States),US,38.98067092895508,-77.10025787353516
I4210157233,Chongqing Science and Technology Commission,CN,29.56026,106.55771
I4210098382,"Littoral, Environnement et Sociétés",FR,46.16308,-1.15222
I153687341,Zarqa University,JO,32.072750091552734,36.08795928955078
I28257850,London South Bank University,GB,51.498138427734375,-0.10153999924659729
I4210125878,Suzhou Research Institute,CN,31.30408,120.59538
I4210129739,ARC Centre of Excellence for Engineered Quantum Systems,AU,-27.46794,153.02809
I4210087390,Complete Genomics (United States),US,37.42417907714844,-122.07318115234375
I3130698519,Glocal University,IN,30.293903350830078,77.64005279541016
I1341432633,Atlantic International University,US,21.30916404724121,-157.86268615722656
I1302485747,Verizon (United States),US,40.73699951171875,-73.98982238769531
I1322731696,Centraal Bureau voor de Statistiek,NL,52.0766716003418,4.298610210418701
I5561750,University of Bari Aldo Moro,IT,41.12066,16.86982
I99861883,University of Zanjan,IR,36.67641830444336,48.496280670166016
I4210159152,Tongling University,CN,30.950000762939453,117.78333282470703
I2800402874,Edwards (United Kingdom),GB,51.10927200317383,-0.18818899989128113
I4210131512,Centre de Recherche Inria Bordeaux - Sud-Ouest,FR,44.80849,-0.58915
I4210142409,UPMC McKeesport,US,40.35137939453125,-79.84944152832031
I82514191,Honeywell (United States),US,35.227088928222656,-80.84313201904297
I4210107211,Applied Photonics (United Kingdom),GB,53.95695495605469,-2.026453971862793
I4210152913,Fraunhofer Center for Silicon Photovoltaics,DE,51.4815788269043,11.979470252990723
I161370692,Sanjay Gandhi Post Graduate Institute of Medical Sciences,IN,26.839279174804688,80.92312622070312
I181653535,San Diego Supercomputer Center,US,32.71571,-117.16472
I4210142920,Global Policy Institute,US,38.900611877441406,-77.03459930419922
I32481161,Batman University,TR,37.88737869262695,41.13220977783203
I153648349,University of Leicester,GB,52.63859939575195,-1.1316900253295898
I4210099079,Institute of Intelligent Machines,CN,31.901731491088867,117.17012786865234
I1317502542,Washington Department of Social and Health Services,US,47.04491,-122.90169
I193278943,Kristianstad University,SE,56.031288146972656,14.152420043945312
I4210145761,Shenzhen Institutes of Advanced Technology,CN,22.54553985595703,114.06829833984375
I1331070479,Université de Yaoundé I,CM,3.8666698932647705,11.516670227050781
I4210119635,Kaili University,CN,26.52960777282715,107.89157104492188
I2801027606,RKDF University,IN,23.307384490966797,77.35187530517578
I4210133783,Institute of Social Sciences,IN,13.000866889953613,77.56542205810547
I4210160827,British Institute at Ankara,TR,39.91986846923828,32.854270935058594
I4210144880,Turkish Thoracic Society,TR,39.879600524902344,32.82388687133789
I198068145,Scientific and Technological Research Council of Turkey,TR,39.91987,32.85427
I2799807261,Tel Aviv Sourasky Medical Center,IL,32.08087921142578,34.78057098388672
I29563240,Gujarat Technological University,IN,23.105571746826172,72.59397888183594
I4210153930,Guangdong Provincial People's Hospital,CN,23.116670608520508,113.25
I874055015,Teesside University,GB,54.576229095458984,-1.2348300218582153
I4210126794,IBM Research (China),CN,39.907501220703125,116.39723205566406
I200745827,Université TÉLUQ,CA,46.812278747558594,-71.21453857421875
I4210097625,St. John's University,TW,25.226999282836914,121.45059967041016
I4210104494,École Supérieure d'Art et Design de Saint-Étienne,FR,45.45030212402344,4.384963035583496
I4210113175,École Nationale Supérieure d'Architecture de Saint-Étienne,FR,45.43389,4.39
I4210153099,Energie NB Power (Canada),CA,45.94541,-66.66558
I34250744,University of Łódź,PL,51.77058,19.47395
I8165072,Universidade Federal de Itajubá,BR,-22.425559997558594,-45.452781677246094
I198105771,Kasetsart University,TH,13.75398,100.50144
I108785884,Intermountain Healthcare,US,40.760780334472656,-111.89105224609375
I107326029,Oranim Academic College of Education,IL,32.77088165283203,35.13666915893555
I147853995,University of Alaska Anchorage,US,61.21805953979492,-149.90028381347656
I4210135439,RMIT Europe,ES,41.4025764465332,2.194333076477051
I4210094645,Nokia (Spain),ES,40.51300048828125,-3.6739649772644043
I4210091706,Henan Academy of Sciences,CN,34.75777816772461,113.64861297607422
I174183983,Maria Curie-Skłodowska University,PL,51.25,22.56667
I4210134014,Hospital das Clínicas da Universidade Federal de Minas Gerais,BR,-19.923046112060547,-43.92941665649414
I169556180,GSI Helmholtz Centre for Heavy Ion Research,DE,49.87166976928711,8.650270462036133
I4210119419,"Czech Academy of Sciences, Institute of Information Theory and Automation",CZ,50.08803939819336,14.420760154724121
I4210156221,Allen Institute for Artificial Intelligence,US,47.60620880126953,-122.33206939697266
I4391768063,VMware (United States),,37.44187927246094,-122.14302062988281
I4210094041,Ericsson (Canada),CA,43.58768844604492,-79.65717315673828
I4210114246,"UMIT - Private Universität für Gesundheitswissenschaften, Medizinische Informatik und Technik",AT,47.283695220947266,11.517337799072266
I343503978,Central University of South Bihar,IN,24.79686,85.00385
I2802123492,Oxford Research Group,GB,51.52457809448242,-0.08461599797010422
I170726198,University of Novi Sad,RS,45.25167,19.83694
I70703428,Palacký University Olomouc,CZ,49.59552,17.25175
I4210105654,World Health Organization,CH,46.20222,6.14569
I2800747041,Korea Aerospace Research Institute,KR,36.34913,127.38493
I1281400175,Oslo University Hospital,NO,59.94860076904297,10.715299606323242
I4387153074,"Cancer et génome: Bioinformatique, biostatistiques et épidémiologie des systèmes complexes",,48.85340881347656,2.34879994392395
I4210113863,Génomique Bioinformatique et Applications,FR,48.85340881347656,2.34879994392395
I4387155791,Centre Européen de Recherche en Economie Financière et Gestion des Entreprises,,48.684391021728516,6.184959888458252
I4400600934,ICN Business School,,48.68439,6.18496
I2800809652,Directorate-General for Economic and Financial Affairs,BE,50.849822998046875,4.368352890014648
I56858762,Universidad Nacional del Sur,AR,-38.7176,-62.26545
I197141962,Zurich University of Applied Sciences in Business Administration,CH,47.36667,8.55
I51969498,Indira Gandhi National Open University,IN,28.621370315551758,77.21479797363281
I4210128472,DNAtrix (United States),US,29.73234748840332,-95.43244934082031
I4210159398,Ericsson (Croatia),HR,45.80345153808594,15.946932792663574
I2800016483,British Library,GB,51.50852966308594,-0.12574000656604767
I2799844046,Humane Slaughter Association,GB,51.809967041015625,-0.29835599660873413
I11000651,Jatiya Kabi Kazi Nazrul Islam University,BD,24.58293342590332,90.37466430664062
I4210123126,Silicon Austria Labs (Austria),AT,47.06666946411133,15.449999809265137
I147878501,Orlando Health,US,28.525463104248047,-81.37731170654297
I4210119095,Hôpital Lariboisière,FR,48.85341,2.3488
I86310350,Aswan University,EG,24.0908203125,32.89942169189453
I13897259,Universidad Andrés Bello,CL,-33.456939697265625,-70.64826965332031
I165690674,Oregon Health & Science University,US,45.5234489440918,-122.67620849609375
I4401726822,Ping An (China),,22.54553985595703,114.06829833984375
I112936343,École Centrale de Lyon,FR,45.77437,4.77758
I1343052199,Kaiser Permanente,US,37.80437,-122.2708
I66217453,Cadence Design Systems (United States),US,37.39613342285156,-121.91950225830078
I87424562,Ithaca College,US,42.44063186645508,-76.49661254882812
I154100212,Schlumberger (British Virgin Islands),VG,18.42867660522461,-64.61809539794922
I104914703,Université du Québec à Chicoutimi,CA,48.416751861572266,-71.06572723388672
I2801109035,ARM (United Kingdom),GB,52.20000076293945,0.11666999757289886
I4210153546,Flatiron Health (United States),US,40.714271545410156,-74.00596618652344
I92449659,Isra University,JO,31.722074508666992,35.986724853515625
I56019348,Chia Nan University of Pharmacy and Science,TW,22.920860290527344,120.22528076171875
I21173400,Mutah University,JO,31.16368,35.76204
I4391012607,Division of Cancer Epidemiology and Genetics,,38.98067092895508,-77.10025787353516
I4399598377,Institute of Science and Technology,,27.701690673828125,85.32060241699219
I86427540,Keldysh Institute of Applied Mathematics,RU,55.752220153808594,37.61555862426758
I4164984,International Islamic University Malaysia,MY,3.2517619132995605,101.73655700683594
I4210097411,Telekom Malaysia Berhad (Malaysia),MY,3.1412,101.68653
I125989756,Skolkovo Institute of Science and Technology,RU,55.68451690673828,37.3403434753418
I992397,University of Borås,SE,57.72100830078125,12.940099716186523
I134738993,Shandong University of Traditional Chinese Medicine,CN,36.668331146240234,116.99722290039062
I4210140326,Centre for Economic Policy Research,GB,51.50853,-0.12574
I203021718,Kanto Gakuin University,JP,35.323326110839844,139.62289428710938
I4210157426,"Istituto Nazionale di Fisica Nucleare, Sezione di Roma I",IT,41.89193,12.51133
I4210136176,Vanu (United States),US,42.469024658203125,-71.26312255859375
I4210157617,Huazhong University of Science and Technology Hospital,CN,30.518844604492188,114.4134521484375
I4210137659,American Military Academy,PR,18.357450485229492,-66.11100006103516
I4210150858,Beijing Academy of Quantum Information Sciences,CN,39.907501220703125,116.39723205566406
I4210098291,Homerton University Hospital,GB,51.550411224365234,-0.04831000044941902
I2250653659,Tencent (China),CN,22.54554,114.0683
I94062374,Florida College,US,28.03455924987793,-82.38349151611328
I4210147398,Institut Supérieur d'Agriculture Rhône-Alpes,FR,45.74845886230469,4.846710205078125
I4391768151,Toyota Research Institute,,37.44187927246094,-122.14302062988281
I202028630,Changchun Normal University,CN,43.91278076171875,125.39828491210938
I103922791,QB3,US,37.77492904663086,-122.41941833496094
I1344073410,Howard Hughes Medical Institute,US,39.00287,-77.07115
I4210134095,Science Groove (Japan),JP,33.58916091918945,130.3931121826172
I2802823369,ASA College,US,40.6501,-73.94958
I4537092,Addis Ababa University,ET,9.02497,38.74689
I4210097418,Laboratoire des signaux et systèmes,FR,48.68333,2.13333
I4210160856,UC Davis Health System,US,38.58157,-121.4944
I56090587,North Bengal University,IN,26.710039138793945,88.42851257324219
I130929987,University of Mons,BE,50.45412826538086,3.9522900581359863
I4210134591,Telefonica Research and Development,ES,40.416500091552734,-3.7025599479675293
I4210166603,Jinling Institute of Technology,CN,31.866119384765625,118.60310363769531
I4210126364,University of Education Weingarten,DE,47.810089111328125,9.638629913330078
I4210105051,Institute of Parasitology of the Slovak Academy of Sciences,SK,48.713951110839844,21.258079528808594
I4210145889,"Czech Academy of Sciences, Institute of Organic Chemistry and Biochemistry",CZ,50.08804,14.42076
I872248612,Claremont Colleges,US,34.10200119018555,-117.71199798583984
I4210136482,Federal Center for Technological Education of Minas Gerais,BR,-19.92083,-43.93778
I152236710,Foundation University Islamabad,PK,33.552696228027344,73.09383392333984
I186771145,Covenant University,NG,6.6886701583862305,3.2320199012756348
I161171246,West Chester University,US,39.96097183227539,-75.60803985595703
I4210154633,Inspiration Innovation Synergy University,IN,26.837738037109375,75.77032470703125
I4210092658,Harvard–MIT Division of Health Sciences and Technology,US,42.361778259277344,-71.0869140625
I121407953,Sonatrach (Algeria),DZ,36.755218505859375,3.035443067550659
I4210090482,SR Research (Canada),CA,45.31159591674805,-75.8907470703125
I299920578,Baba Ghulam Shah Badshah University,IN,33.393798828125,74.34329986572266
I2724335451,HTC (Taiwan),TW,24.979583740234375,121.54523468017578
I1295585255,European Union Agency for Network and Information Security,GR,35.31571578979492,25.035245895385742
I2801014300,Florida Gulf Coast University,US,26.621679306030273,-81.84059143066406
I4210127281,Cypress Semiconductor Corporation (United States),US,37.41022872924805,-121.95042419433594
I45746246,Cyprus College,CY,34.67926025390625,33.0252571105957
I76610242,Cypress Semiconductor Corporation (Japan),JP,35.57648468017578,139.660888671875
I4210144108,Gangnam Severance Hospital,KR,37.566,126.9784
I4210104856,Phoenix (United States),US,43.06222152709961,-89.3340072631836
I4210131230,Philips (United States),US,42.65842819213867,-71.13700103759766
I4210157667,IPS Research (United States),US,35.479373931884766,-97.52487182617188
I4210098935,Li Creative Technologies (United States),US,40.78640365600586,-74.36903381347656
I2801039369,Marconi University,IT,41.89193,12.51133
I171892758,Forschungszentrum Jülich,DE,50.92149,6.36267
I2800838116,Al Maarif University College,IQ,33.42056,43.30778
I171494771,Shiga University,JP,35.25,136.25
I2800345347,Berlin Mathematical School,DE,52.52436828613281,13.410530090332031
I145423581,Sewanee: The University of the South,US,35.20344161987305,-85.91967010498047
I4210089400,Hospital Universiti Sains Malaysia,MY,6.099198818206787,102.28079986572266
I5237613,Frankfurt University of Applied Sciences,DE,50.11552047729492,8.68416976928711
I2800991225,Royal Ottawa Mental Health Centre,CA,45.41117,-75.69812
I157288922,Itron (United States),US,47.6751708984375,-117.09138488769531
I102782458,Chittagong University of Engineering & Technology,BD,22.33839988708496,91.83168029785156
I2802782613,Harefield Hospital,GB,51.607398986816406,-0.48280298709869385
I1299457549,Civil Aviation Administration of China,CN,39.9252815246582,116.41271209716797
I4210131407,C3I (United States),US,40.80034255981445,-74.46098327636719
I4210162160,Esteve (Spain),ES,41.388790130615234,2.158989906311035
I99312532,Turkish Air Force Academy,TR,41.01383972167969,28.94965934753418
I210716285,University of Applied Sciences Leiden,NL,52.158329010009766,4.493060111999512
I196454796,Institut National des Sciences Appliquées de Toulouse,FR,43.60426,1.44367
I2801349156,University of Haripur,PK,33.72148132324219,73.04328918457031
I105454292,Guru Gobind Singh Indraprastha University,IN,28.65195,77.23149
I114580094,The University of Texas of the Permian Basin,US,31.88944435119629,-102.32952880859375
I4210094138,University of West Attica,GR,37.98376,23.72784
I1292974536,Ford Motor Company (United States),US,42.292301177978516,-83.23442077636719
I4210100536,Changzhou Institute of Mechatronic Technology,CN,31.67599105834961,119.93846893310547
I4210124190,Advanced Card Systems (China),CN,22.319921493530273,114.21024322509766
I4210165320,De La Rue (United Kingdom),GB,51.245948791503906,-1.0941749811172485
I4210158530,Hannoversche Informationstechnologien (Germany),DE,52.36335754394531,9.748641967773438
I4210111488,Life Science Institute,JP,35.66968536376953,139.76068115234375
I4210154041,Blue Marble Space Institute of Science,US,47.606136322021484,-122.33381652832031
I4210103894,Hefei National Center for Physical Sciences at Nanoscale,CN,31.82270050048828,117.28034973144531
I4210095128,Center for Massive Data Algorithmics,DK,56.168174743652344,10.202775955200195
I140786321,Tibet University,CN,29.647321701049805,91.1466064453125
I182997119,Manonmaniam Sundaranar University,IN,8.72742,77.6838
I75256744,Tennessee State University,US,36.165889739990234,-86.78443908691406
I4210087233,Blood Cancer UK,GB,51.50852966308594,-0.12574000656604767
I4210138199,University of Washington Applied Physics Laboratory,US,47.655311584472656,-122.31663513183594
I25041050,Augusta University,US,33.470970153808594,-81.97483825683594
I4210115518,Togus VA Medical Center,US,44.274444580078125,-69.70305633544922
I4210136497,Jilin Medical University,CN,43.80674362182617,126.56061553955078
I4210136912,Wyższa Szkoła Technologii Informatycznych w Warszawie,PL,52.24390411376953,20.981761932373047
I129643931,Berliner Hochschule für Technik,DE,52.52437,13.41053
I16656306,Meiji University,JP,35.68949890136719,139.69171142578125
I4210089019,Max Planck Institute for Physics,DE,48.137428283691406,11.57548999786377
I4210109553,Institution of Engineering and Technology,GB,51.90224,-0.20256
I4210100761,Laboratoire de Tribologie et Dynamique des Systèmes,FR,45.77437,4.77758
I3018771216,LMU Klinikum,DE,48.13743,11.57549
I55285296,UCSI University,MY,3.079246997833252,101.73255920410156
I4210134018,Western Digital (China),CN,31.201993942260742,121.34199523925781
I4210165258,Laboratoire d'informatique de Nantes Atlantique,FR,47.21725082397461,-1.5533599853515625
I77079311,Wonkwang University,KR,35.94389,126.95444
I8696757,Singapore University of Social Sciences,SG,1.28967,103.85007
I52590639,Nottingham Trent University,GB,52.9536018371582,-1.1504700183868408
I205612303,Chinese Culture University,TW,25.136152267456055,121.5392837524414
I4210113879,Moscow Automobile and Road Construction State Technical University,RU,55.752220153808594,37.61555862426758
I4210103281,Agro Business Park,DK,56.48627853393555,9.578317642211914
I4210143508,International Information Technologies University,KZ,43.23542785644531,76.90975189208984
I4210163994,Ericsson (Finland),FI,60.131595611572266,24.51409149169922
I157273133,University of Botswana,BW,-24.65451,25.90859
I2801539370,Harris Health System,US,29.686967849731445,-95.3873519897461
I4210145913,Laboratoire Ampère,FR,45.77437,4.77758
I87048295,Wellcome Trust,GB,51.50853,-0.12574
I36001604,University of Peshawar,PK,34.007999420166016,71.5784912109375
I4210089119,Cole Engineering Services (United States),US,28.574621200561523,-81.20530700683594
I2802050225,Bellvitge University Hospital,ES,41.388790130615234,2.158989906311035
I21203515,Kazan Federal University,RU,55.78873825073242,49.12213897705078
I138900291,Nipissing University,CA,46.31679916381836,-79.4663314819336
I2799773085,Nanjing General Hospital of Nanjing Military Command,CN,32.061668395996094,118.77777862548828
I170632171,Washington State University Spokane,US,47.660377502441406,-117.4049301147461
I4210162911,Hollister (United States),US,42.28308,-87.95313
I19923696,Østfold University College,NO,59.124778747558594,11.387539863586426
I4210143408,Chung Hsiao Municipal Hospital,TW,25.040557861328125,121.55706024169922
I4387155935,HUTECH University,,10.823019981384277,106.62964630126953
I112859197,Università di Camerino,IT,43.1386604309082,13.067850112915039
I4210100400,Northwestern University,PH,18.1978,120.5957
I230091363,German Jordanian University,JO,31.777019500732422,35.80234146118164
I4210128947,Kirchhoff (Germany),DE,51.377899169921875,7.6952009201049805
I71030271,Heidelberg Institute for Theoretical Studies,DE,49.40768051147461,8.690790176391602
I4210126580,RIKEN Center for Advanced Intelligence Project,JP,35.683475494384766,139.77450561523438
I4210089864,VA Salt Lake City Healthcare System,US,40.7588005065918,-111.84093475341797
I191420491,Universidad de Jaén,ES,37.76921844482422,-3.7902801036834717
I2802929321,Aga Khan University Hospital,PK,24.893299102783203,67.07440185546875
I1281415640,Global Development Network,IN,28.62137,77.2148
I99069390,Metropolitan State University,US,44.95736312866211,-93.07415008544922
I4210152550,Abt Global (United States),US,39.08399963378906,-77.15276336669922
I265627732,National Institute of Technology Manipur,IN,24.832609176635742,93.9127197265625
I4401726862,St. Xavier's College (Autonomous),,8.716050148010254,77.76042938232422
I113992204,Hebei University of Economics and Business,CN,38.04138946533203,114.47860717773438
I288749910,"Indian Institute of Science Education and Research, Bhopal",IN,23.254690170288086,77.40289306640625
I162096671,Universidad de Los Andes,CO,4.60971,-74.08175
I9008868,Pilot University of Colombia,CO,4.609710216522217,-74.08174896240234
I62370553,IMU University,MY,3.1412,101.68653
I1285072804,European Organisation for Rare Diseases,FR,48.85341,2.3488
I194604659,Shiraz University of Medical Sciences,IR,29.61031,52.53113
I4210142014,Institut Montpelliérain Alexander Grothendieck,FR,43.61093,3.87635
I4210148385,Biomedicine Research Institute of Buenos Aires - CONICET - Partner Institute of the Max Planck Society,AR,-34.61315,-58.37723
I4210134914,Babylon Health,GB,51.49304962158203,-0.16721899807453156
I4210095677,Instituto Andaluz de Ciencias de la Tierra,ES,37.18817,-3.60667
I12469534,Quaid-i-Azam University,PK,33.747222900390625,73.13888549804688
I117023288,Analog Devices (United States),US,42.21049118041992,-71.18065643310547
I70699430,Utkal University,IN,20.27241,85.83385
I4210117901,Poznan Supercomputing and Networking Center,PL,52.40692138671875,16.929929733276367
I2802355861,Australian Institute of Business,AU,-34.92487335205078,138.59825134277344
I4387153206,Solamalai College of Engineering,,9.918999671936035,78.1195297241211
I3125743391,China University of Geosciences (Beijing),CN,39.907501220703125,116.39723205566406
I157703844,International University of Sarajevo,BA,43.84864,18.35644
I204743663,University of Mysore,IN,12.29791,76.63925
I898250095,Industrial and Commercial Bank of China,CN,39.907501220703125,116.39723205566406
I110813580,St. Andrews University,US,34.745399475097656,-79.47859954833984
I16835326,University of St Andrews,GB,56.33871,-2.79902
I12387023,Trakya University,TR,41.677188873291016,26.55596923828125
I1338135719,Centre for Addiction and Mental Health,CA,43.70642852783203,-79.39864349365234
I4210143862,Tokyo Metropolitan Komaba High School,JP,35.65504455566406,139.68527221679688
I74593823,Hebei Finance University,CN,38.920204162597656,115.5000228881836
I4210136791,Centre Provence-Alpes-Côte d'Azur,FR,43.94834,4.80892
I4210114445,Michigan Medicine,US,42.27756,-83.74088
I2802805919,Science North,CA,46.47166061401367,-80.996337890625
I2801857525,Kellogg's (Canada),CA,43.65407180786133,-79.63037109375
I68288478,Sukkur IBA University,PK,27.703229904174805,68.85888671875
I4210164350,"Protéomique, Réponse Inflammatoire et Spectrométrie de Masse",FR,50.61669158935547,3.166640043258667
I82284825,Cranfield University,GB,52.06869,-0.60884
I4210143490,Computing Center,RU,48.471954345703125,135.0609130859375
I162148367,Pontificia Universidad Católica de Chile,CL,-33.45694,-70.64827
I57930482,Hiroshima City University,JP,34.43907165527344,132.41659545898438
I27825529,California State University Los Angeles,US,34.05223083496094,-118.24368286132812
I69295118,Independent University of Moscow,RU,55.74639892578125,37.589900970458984
I928460267,Independence University,US,40.68428421020508,-111.86994934082031
I3019415892,Fraunhofer Institute for Industrial Mathematics,DE,49.443,7.77161
I4210105651,Laboratoire Traitement du Signal et de l'Image,FR,48.11198,-1.67429
I4210139059,ECAM Rennes Louis de Broglie,FR,48.04780578613281,-1.7424770593643188
I4210092957,Research Complex at Harwell,GB,51.575096130371094,-1.3138689994812012
I4210161128,Bristol Robotics Laboratory,GB,51.501564025878906,-2.55159592628479
I4210154278,Institute of Biomedical Technologies,IT,45.50234603881836,9.263050079345703
I4210160577,Unité de Mathématiques Pures et Appliquées,FR,45.74846,4.84671
I4210098188,Laboratori Guglielmo Marconi (Italy),IT,44.49380874633789,11.338749885559082
I4210125823,KLE University,IN,15.863920211791992,74.507568359375
I4210166048,Gesellschaft Fur Mathematik Und Datenverarbeitung,DE,50.787567138671875,7.180500030517578
I63568130,Sant Longowal Institute of Engineering and Technology,IN,30.245059967041016,75.84487915039062
I190397597,University of Urbino,IT,43.72621154785156,12.636329650878906
I4210166532,Heilbronn Institute for Mathematical Research,GB,51.45783996582031,-2.600864887237549
I126031752,Santa Barbara City College,US,34.40701675415039,-119.6973648071289
I129858807,Universidad de Guanajuato,MX,21.01858,-101.2591
I146429904,Incheon National University,KR,37.37529373168945,126.63301086425781
I4210129319,University of the West Indies,JM,18.004793167114258,-76.74681091308594
I171571821,Kazakh-British Technical University,KZ,43.255226135253906,76.94314575195312
I4210135422,Microsoft (Norway),NO,59.90688705444336,10.760977745056152
I116397343,Hochschule Mittweida,DE,50.98622131347656,12.975370407104492
I4210165697,Laboratoire de Génie Électrique de Grenoble,FR,45.17869,5.71479
I4388482656,Ottawa Hospital Research Institute,,45.411170959472656,-75.6981201171875
I2800722420,Ottawa Hospital,CA,45.41117,-75.69812
I79995938,China People's Police University,CN,39.520790100097656,116.71470642089844
I4396570617,Chinese People's Armed Police Force,,39.907501220703125,116.39723205566406
I21803372,University of Évora,PT,38.56587,-7.90405
I88761825,Korea University of Science and Technology,KR,36.38636779785156,127.36930084228516
I4210138378,Dominion (United States),US,41.4995002746582,-81.6954116821289
I1290683524,Kraft Heinz (United States),US,41.8846321105957,-87.62149810791016
I4210155305,Kudelski (United States),US,37.7943000793457,-122.39852142333984
I4210092650,Buraydah Colleges,SA,26.325990676879883,43.974971771240234
I69048370,Renaissance Computing Institute,US,35.9132,-79.05584
I2890193189,Philips (United Kingdom),GB,51.273529052734375,-0.7654381990432739
I2801619622,Public and Science,SE,59.33586883544922,18.07623863220215
I79571142,Virtual University of Pakistan,PK,31.558000564575195,74.3507080078125
I19008122,Mangalore University,IN,12.91723,74.85603
I185065464,Veer Surendra Sai University of Technology,IN,21.465269088745117,83.9757308959961
I4210155983,Glasgow Centre for Population Health,GB,55.865150451660156,-4.257629871368408
I4210127506,Département de mathématiques et applications,FR,48.85341,2.3488
I4210102658,Sami Labs (India),IN,13.032898902893066,77.50999450683594
I109736498,Canadian Institute for Advanced Research,CA,43.70643,-79.39864
I3132975163,KLE Technological University,IN,15.347760200500488,75.13378143310547
I4210124903,New Europe College,RO,44.4322509765625,26.106260299682617
I2800548410,United States National Library of Medicine,US,39.15106201171875,-77.26525115966797
I27429435,Kyoto Institute of Technology,JP,35.02106857299805,135.75384521484375
I4210155322,Henan Provincial Eye Hospital,CN,34.7745246887207,113.69303131103516
I192878625,Plovdiv University,BG,42.150001525878906,24.75
I4210141030,SickKids Foundation,CA,43.70642852783203,-79.39864349365234
I4210110997,Ministry of Education,ME,42.446346282958984,19.263551712036133
I231025917,Hellenic Open University,GR,38.24443817138672,21.734439849853516
I4210088553,Centre National de Recherches Météorologiques,FR,43.60426,1.44367
I39481719,Institut National de la Recherche Scientifique,CA,46.81228,-71.21454
I2802576217,Green University of Bangladesh,BD,23.710399627685547,90.40744018554688
I4210150019,Consorzio per la Ricerca Sanitaria,IT,45.4079704284668,11.885860443115234
I52913039,University of Houston - Clear Lake,US,29.584001541137695,-95.09764862060547
I103167339,Airbus (Italy),IT,44.647830963134766,10.925390243530273
I4210139061,Zero Emissions Resource Organisation,NO,59.91478729248047,10.750083923339844
I3129486149,Universitas Jember,ID,-8.172109603881836,113.69953155517578
I108160477,Hebei Agricultural University,CN,38.87287902832031,115.46246337890625
I15766117,University of Graz,AT,47.06666946411133,15.449999809265137
I134052481,Harbin Normal University,CN,45.75,126.6500015258789
I2801709094,Oregon Museum of Science and Industry,US,45.50841522216797,-122.6658935546875
I4210101771,Ministry of the Interior and Kingdom Relations,NL,52.0766716003418,4.298610210418701
I4210112458,Max Planck Institute for Developmental Biology,DE,48.537044525146484,9.059053421020508
I27765905,North-West University,ZA,-26.71667,27.1
I4210157987,George Institute for Global Health,CN,39.9075,116.39723
I4210098011,Bukhara State Medical Institute named after Abu Ali ibn Sino,UZ,39.77472,64.42861
I2801520950,At Bristol,GB,51.45125198364258,-2.599884033203125
I150517870,Royal Military Academy,BE,50.85045,4.34878
I13419840,Istanbul Şehir University,TR,41.01383972167969,28.94965934753418
I179161674,Technological Educational Institute of Central Greece,GR,38.875038146972656,22.4378604888916
I4210093062,Thales (United Kingdom),GB,55.8664665222168,-4.335881233215332
I66883779,Weifang University,CN,36.713565826416016,119.16545104980469
I45372603,Ganpat University,IN,23.02579,72.58727
I4210146550,École des Hautes Études Commerciales,DZ,36.5942,2.7153
I927504317,Nanchang Hangkong University,CN,28.651371002197266,115.82781219482422
I3145578848,Institute for Cognitive Science Studies,IR,35.700950622558594,51.35527420043945
I4400600920,Institute for Humanities and Cultural Studies,,35.69438934326172,51.4215087890625
I150609352,Australian Maritime College,AU,-41.38969039916992,147.1139678955078
I66890659,Saint Mary's University,CA,44.6426887512207,-63.576881408691406
I4210113795,Hubei University of Arts and Science,CN,32.042198181152344,112.14479064941406
I4400573222,Colorado Technical University,,39.00027084350586,-105.5008316040039
I4210134870,Indiana University South Bend,US,41.666507720947266,-86.22174835205078
I1332878012,BT Group (United Kingdom),GB,51.516239166259766,-0.09802799671888351
I3133055985,Westlake University,CN,30.293649673461914,120.16142272949219
I110017253,Université de Tours,FR,47.39484,0.70398
I11786554,Virginia State University,US,37.23823165893555,-77.41621398925781
I2800295664,RCA (United States),US,40.755882263183594,-73.98367309570312
I4210127055,Athinoula A. Martinos Center for Biomedical Imaging,US,42.358428955078125,-71.05976867675781
I2802928900,Academic Medical Center,NL,52.37403,4.88969
I207073550,Ono Academic College,IL,32.04917907714844,34.86245346069336
I4210166604,Bureau d'Economie Théorique et Appliquée,FR,48.58392,7.74553
I2799903593,Georgetown University Medical Center,US,38.89511,-77.03637
I8659980,Volkswagen Group (United States),US,38.953285217285156,-77.39463806152344
I3133053536,Wittenborg University,NL,52.21016311645508,5.971772193908691
I21741975,Suzhou University of Technology,CN,31.64615,120.74221
I168959743,University of America,US,33.55390930175781,-117.21392059326172
I2799740997,Royal Perth Hospital,AU,-31.95224,115.8614
I4210091267,İstanbul Gelişim Üniversitesi,TR,41.01384,28.94966
I4210162697,Joint Research Centre,NL,52.76667,4.66111
I4210121775,FORTH Institute of Computer Science,GR,35.33839797973633,25.1280574798584
I172780181,University of the Punjab,PK,31.558000564575195,74.3507080078125
I4210160740,Integrated Software (United States),US,28.03478240966797,-80.61215209960938
I4210139661,Two Sigma Investments (United States),US,40.7233772277832,-74.00440979003906
I4391767888,State Key Laboratory of Computer Architecture,,39.907501220703125,116.39723205566406
I4210141185,Ola Grimsby Institute,US,32.758514404296875,-117.17440795898438
I4210132948,Shanghai Chengtou (China),CN,31.220518112182617,121.43067169189453
I4210098947,National Institute of Science and Technology,IN,19.31151008605957,84.79290008544922
I69072986,University of Mauritius,MU,-20.219039916992188,57.51082992553711
I187481652,Instituto Tecnológico Autónomo de México,MX,19.428470611572266,-99.1276626586914
I196677622,New York Law School,US,40.71427,-74.00597
I4210153872,Jiangsu Maritime Institute,CN,31.91731071472168,118.9075698852539
I4210110242,Digital Science (United States),US,42.36968994140625,-71.07798767089844
I4210088341,University of Finance and Economics,MN,47.90771,106.88324
I4430876,UNAVCO,US,40.01499,-105.27055
I108403487,Warsaw University of Technology,PL,52.22977066040039,21.01177978515625
I4210126638,Horological Research Institute of Light Industry,CN,34.212100982666016,108.93852996826172
I109703491,Rochester Institute of Technology - Dubai,AE,25.12254524230957,55.378135681152344
I4210136328,Max Planck Institute for Behavioral Economics,DE,50.73438,7.09549
I4387154394,National Kaohsiung University of Science and Technology,,22.616260528564453,120.3133316040039
I23736277,Polytechnic of Rijeka,HR,45.32672882080078,14.442410469055176
I4210153047,Giesecke and Devrient (Germany),DE,48.138431549072266,11.62017822265625
I4210104899,Ecologie & Evolution,FR,48.84641647338867,2.355052947998047
I4210137468,XIM University,IN,20.272409439086914,85.83384704589844
I3130638677,Edinburgh College,GB,55.95206,-3.19648
I2799736854,Nanjing Institute of Technology,CN,32.061668395996094,118.77777862548828
I4210094970,Energy Research Institute,CN,36.669246673583984,117.07591247558594
I4210166236,Manor Hospital,GB,51.76068878173828,-1.2159240245819092
I4210114312,True (United States),US,42.349369049072266,-71.04984283447266
I4210107885,Syntek Technologies (United States),US,38.84622,-77.30637
I4210153474,Simula Metropolitan Center for Digital Engineering,NO,59.9127311706543,10.746089935302734
I2800215515,Agricultural Research Institute of Ontario,CA,43.54594039916992,-80.25598907470703
I152830075,Frostburg State University,US,39.650760650634766,-78.93309020996094
I4210151633,Koforidua Technical University,GH,6.065079212188721,-0.2627919912338257
I194716290,China Academy of Space Technology,CN,39.9075,116.39723
I4210110240,Max Planck Institute for the Science of Light,DE,49.57666778564453,11.005556106567383
I192868223,Zhengzhou University of Aeronautics,CN,34.75777816772461,113.64861297607422
I64952554,University of Sulaimani,IQ,35.56496,45.4329
I3019423309,Fraunhofer Institute for Computer Graphics Research,DE,49.87167,8.65027
I4210116088,Institute for Theoretical and Experimental Physics,RU,55.676780700683594,37.58562469482422
I1329528197,Minneapolis Institute of Arts,US,44.958274841308594,-93.27415466308594
I4210165434,National Telecommunications Institute,EG,30.053770065307617,31.309677124023438
I197681013,Université Paris-Est Créteil,FR,48.792659759521484,2.4656898975372314
I4210105601,Infineon Technologies (United Kingdom),GB,51.5167121887207,-2.5342330932617188
I4210141022,Spinal Research,GB,51.51705551147461,-0.08959899842739105
I133837150,University of Huddersfield,GB,53.64904022216797,-1.7841600179672241
I270449672,Doaba College,IN,31.343536376953125,75.58462524414062
I146367977,Applied Science Private University,JO,31.95522,35.94503
I228151691,Ho Chi Minh City International University,VN,10.823019981384277,106.62964630126953
I4210100977,IBM (Ireland),IE,53.33209228515625,-6.231492042541504
I147699246,Bingöl University,TR,38.88471984863281,40.49388885498047
I196652580,Swami Ramanand Teerth Marathwada University,IN,19.16023,77.31497
I4210131999,123 Certification (Canada),CA,45.484493255615234,-73.562255859375
I163902620,Mount Allison University,CA,45.898681640625,-64.36836242675781
I4210157214,Shaanxi Institute of Zoology,CN,34.26315689086914,108.9878921508789
I68522396,Flemish Institute for Technological Research,BE,51.19187927246094,5.116620063781738
I4210091794,Office of the Director,US,38.98067092895508,-77.10025787353516
I4210109170,Laboratoire de Physique Théorique,FR,43.60426,1.44367
I4210137364,DSI Informationstechnik (Germany),DE,53.055641174316406,8.781512260437012
I4210161785,First Technical University,NG,7.37756,3.90591
I45230691,Ladoke Akintola University of Technology,NG,8.133729934692383,4.240139961242676
I151934421,University of Northern British Columbia,CA,53.91659927368164,-122.75301361083984
I1335518801,Texas A&M University – San Antonio,US,29.42411994934082,-98.4936294555664
I30771326,Italian Institute of Technology,IT,44.404781341552734,8.944390296936035
I4210098746,Indigenous Wellbeing Centre,AU,-24.88801383972168,152.35861206054688
I4210165673,Cook County Health and Hospitals System,US,41.89550018310547,-87.74620056152344
I1285301757,Rush University Medical Center,US,41.85002899169922,-87.6500473022461
I4210160401,National Center for Infectious Diseases,US,33.749000549316406,-84.38797760009766
I2799932517,"John H. Stroger, Jr. Hospital of Cook County",US,41.85002899169922,-87.6500473022461
I4210154901,Kingston University,US,33.91695022583008,-118.0745620727539
I4210118593,Korean Association for Public Security Administration,KR,35.87664031982422,128.579833984375
I4210128053,Institute of Remote Sensing and Digital Earth,CN,39.907501220703125,116.39723205566406
I1319815248,Statistics Canada,CA,45.40617752075195,-75.73410034179688
I4210138078,Second Affiliated Hospital of Nanjing Medical University,CN,32.08003616333008,118.74436950683594
I4210158071,Wuxi People's Hospital,CN,31.540918350219727,120.32325744628906
I16264642,Koblenz University of Applied Sciences,DE,50.336185455322266,7.570589065551758
I152391192,Madhya Pradesh Bhoj Open University,IN,23.193389892578125,77.4128646850586
I4210092639,Boeing (Spain),ES,40.416500091552734,-3.7025599479675293
I2799748957,Spaulding Rehabilitation Hospital,US,42.358428955078125,-71.05976867675781
I2801204180,Marina Del Rey Hospital,US,33.982120513916016,-118.43937683105469
I4210120810,National Institute of Technology,JP,35.65583038330078,139.32388305664062
I99501251,"National Institute Of Technology, Ishikawa College",JP,36.661865234375,136.73756408691406
I302410947,M S Ramaiah University of Applied Sciences,IN,13.029542922973633,77.5698013305664
I4210134847,"Centro Tecnológico de Investigación, Desarrollo e Innovación en tecnologías de la Información y las Comunicaciones (TIC)",ES,39.47391128540039,-0.3796600103378296
I4210113950,Alexandra Hospital,GR,37.98040771484375,23.75558090209961
I196431481,Isra University,PK,25.39689,68.37718
I133769559,Government Medical College,IN,10.61446475982666,76.19644165039062
I2801013885,Saad Specialist Hospital,SA,26.30409049987793,50.19969940185547
I4210157710,Whitehead Institute for Biomedical Research,US,42.375099182128906,-71.1056137084961
I48076826,Chiang Mai University,TH,18.79038,98.98468
I4210101314,SRM Dental College,IN,13.032268524169922,80.18014526367188
I85283370,Senshu University,JP,35.696834564208984,139.7538299560547
I4210134356,Laboratoire Génie Industriel,FR,48.68333053588867,2.1333301067352295
I190816365,Bloomsburg University,US,41.00802230834961,-76.44790649414062
I112412981,National University of Kyiv-Mohyla Academy,UA,50.45466,30.5238
I174143326,Macedonian Academy of Sciences and Arts,MK,41.99638748168945,21.441667556762695
I4210155067,The Wilson Centre,CA,43.66166687011719,-79.3949966430664
I2802654988,Princess Margaret Cancer Centre,CA,43.658084869384766,-79.3901138305664
I1325899441,University Health Network,CA,43.700111389160156,-79.41629791259766
I1333535994,University of North Carolina Health Care,US,35.90378189086914,-79.04779815673828
I4210165301,Foerster (United States),US,40.457759857177734,-80.19766998291016
I167027274,Nanjing Forestry University,CN,32.061668395996094,118.77777862548828
I3130411899,Bhagat Phool Singh Mahila Vishwavidyalaya,IN,29.151628494262695,76.80455017089844
I4210149554,Elisabeth-TweeSteden Ziekenhuis,NL,51.539756774902344,5.102811813354492
I2801952686,Erasmus MC,NL,51.92250061035156,4.479169845581055
I4210157032,Institute of Mathematical Sciences,ES,40.416500091552734,-3.7025599479675293
I26840924,Mediterranean University,ME,42.44124,19.26309
I28710699,Hellenic Mediterranean University,GR,35.32787,25.14341
I4210114245,Anhui Business College,CN,31.352590560913086,118.4294662475586
I2750212522,Cold Spring Harbor Laboratory,US,40.871490478515625,-73.456787109375
I56624758,Kansai University,JP,34.7703742980957,135.50814819335938
I183898223,International Hellenic University,GR,40.64360809326172,22.93086051940918
I40434647,Université Paris Nanterre,FR,48.89198,2.20675
I96036126,Kumamoto University,JP,32.80589,130.69181
I2802797558,Stobhill Hospital,GB,55.893104553222656,-4.217656135559082
I96749437,Texas A&M University – Corpus Christi,US,27.800579071044922,-97.39637756347656
I4210139236,Ericsson (United States),US,33.075504302978516,-96.8325424194336
I89466785,Minia University,EG,28.091930389404297,30.758129119873047
I122640774,American University in Dubai,AE,25.07724952697754,55.309268951416016
I4210142455,National Library of Serbia,RS,44.80401,20.46513
I160856358,University of San Diego,US,32.7157096862793,-117.16471862792969
I4210101555,Hubei University of Science and Technology,CN,29.843469619750977,114.32200622558594
I4210134980,Institute for Parallel Processing,BG,42.6982307434082,23.324859619140625
I2799452066,Maharaja Engineering College,IN,11.205638885498047,77.31446838378906
I4210091773,Taichung Veterans General Hospital,TW,24.146900177001953,120.68389892578125
I4210116528,Swiss Distance University of Applied Sciences,CH,46.95969772338867,7.434372901916504
I4210094169,STMicroelectronics (India),IN,28.480440139770508,77.48430633544922
I4210165666,National AIDS Control Organisation,IN,28.635759353637695,77.22444915771484
I1336856363,Natural History Museum,GB,51.50852966308594,-0.12574000656604767
I4210158481,Knowledge Centre Wind turbine Materials and Constructions,NL,52.854942321777344,5.1097187995910645
I4387152582,A'Sharqiyah University,,22.690570831298828,58.53337097167969
I42731748,National Institute of Applied Science and Technology,TN,36.84371566772461,10.19671630859375
I4210093462,Data Sciences International (United States),US,45.07159423828125,-93.18736267089844
I4210149706,New College,GB,51.55797,-1.78116
I204116968,Hsiuping University of Science and Technology,TW,24.095684051513672,120.71382904052734
I3020100970,Chang Gung Memorial Hospital,TW,25.05306,121.52639
I189442560,Gyeongsang National University,KR,35.20445,128.12408
I103703290,Sakarya University,TR,40.78055953979492,30.403329849243164
I4210143041,Agnik (United States),US,39.18922805786133,-76.81462097167969
I4210127558,Australian Centre for Robotic Vision,AU,-27.467939376831055,153.02809143066406
I162524378,Science and Technology Facilities Council,GB,51.55796813964844,-1.7811599969863892
I47689461,Northeast Forestry University,CN,45.75,126.6500015258789
I132357854,Indian Institute of Management Kozhikode,IN,11.24802017211914,75.78040313720703
I200399037,University of Puerto Rico System,PR,18.46633,-66.10572
I4210119974,Queen's Hospital,GB,52.81792068481445,-1.6566489934921265
I110002522,University of Essex,GB,51.88920974731445,0.9042099714279175
I60770847,Notre Dame University – Louaize,LB,33.95667,35.62
I4210088616,University of Science and Technology Omdurman,SD,15.671842575073242,32.48642349243164
I4210152224,Heinz Nixdorf Stiftung,DE,51.45656967163086,7.012279987335205
I1340206300,Defence Research and Development Organisation,IN,28.635759353637695,77.22444915771484
I4210147267,Ronin Institute,US,40.82593,-74.20903
I4210099783,Center for Strategic Research,RU,55.75204,37.61781
I2800546203,Kazan State Technical University named after A. N. Tupolev,RU,55.78873825073242,49.12213897705078
I142651801,University of Kelaniya,LK,6.9552998542785645,79.9219970703125
I1322437667,Oregon Research Institute,US,44.04811096191406,-123.06818389892578
I4210139719,Tsukuba Medical Center Hospital,JP,36.09209060668945,140.10679626464844
I177639307,University of Dundee,GB,56.46913,-2.97489
I1335486098,Electric Power Research Institute,US,37.39702606201172,-122.14373779296875
I4387153997,Laboratoire d'Informatique Fondamentale d'Orléans,,47.902889251708984,1.9038900136947632
I4210164499,Center for Nanotechnology Innovation,IT,43.714019775390625,10.410042762756348
I2801677018,Chamber of Deputies,IT,41.901390075683594,12.47861099243164
I71437568,Universidade de Pernambuco,BR,-8.043869018554688,-34.88603210449219
I42474999,Vanung University,TW,24.99163818359375,121.23130798339844
I140275651,University of Pannonia,HU,47.09327,17.91149
I4210130084,Universitas Dharmas Indonesia,ID,-1.0583220720291138,101.64370727539062
I24456540,Korea Aerospace University,KR,37.65639114379883,126.83499908447266
I106959904,Florida Institute of Technology,US,28.083629608154297,-80.60810852050781
I1321826891,eBay (Ireland),IE,53.39196014404297,-6.383561134338379
I4210123645,European Society for Therapeutic Radiology and Oncology,BE,50.85057830810547,4.454142093658447
I128590013,National Technological University,AR,-34.604644775390625,-58.39487838745117
I3132041862,Fo Guang Shan,TW,22.757179260253906,120.44540405273438
I79189158,University of Castilla-La Mancha,ES,38.98625946044922,-3.929069995880127
I33875959,Vestlandsforsking,NO,61.22908,7.09674
I341451707,Shri Jagdishprasad Jhabarmal Tibrewala University,IN,28.12559,75.39797
I40479246,Technological Educational Institute of Athens,GR,37.98376,23.72784
I71353707,Enel (Italy),IT,41.82720184326172,12.453531265258789
I4210110558,Xi'an Technological University,CN,34.258331298828125,108.9286117553711
I4210151814,EEC Institute,US,40.74707794189453,-73.97977447509766
I78559203,FedEx (United States),US,35.10564041137695,-89.85816192626953
I40413290,University of Gdańsk,PL,54.35227,18.64912
I18045400,Federal University of Agriculture,NG,7.155710220336914,3.345089912414551
I207206903,Universiti Tun Abdul Razak,MY,3.10726,101.60671
I1288198617,American Cancer Society,US,33.749,-84.38798
I85507684,Yarmouk University,JO,32.55556106567383,35.849998474121094
I9769675,École Nationale Supérieure des Mines de Nancy,FR,48.67302322387695,6.170405864715576
I170905427,Sirjan University of Technology,IR,29.41441535949707,55.69855880737305
I4210093096,"Centre d'Études et de Recherche en Thermique, Environnement et Systèmes",FR,48.792659759521484,2.4656898975372314
I2802646204,Morristown Medical Center,US,40.78893280029297,-74.46515655517578
I102520234,TH Köln - University of Applied Sciences,DE,50.93470001220703,6.9877800941467285
I72872986,Universidade Federal do Pampa,BR,-31.331390380859375,-54.10694122314453
I4210131712,Oklahoma State University Oklahoma City,US,35.47516632080078,-97.58203887939453
I2801732343,Royal Hallamshire Hospital,GB,53.378231048583984,-1.4936109781265259
I201377164,BAE Systems (Sweden),SE,63.306297302246094,18.714147567749023
I168870486,St. John's College of Nursing,US,39.80781173706055,-89.6453857421875
I1288097491,Pushkin Leningrad State University,RU,59.73982238769531,30.388690948486328
I4210161752,Beijing Haidian Hospital,CN,39.98216247558594,116.35961151123047
I17533244,An-Najah National University,PS,32.22037124633789,35.244468688964844
I3132928613,Sadjad University of Technology,IR,36.29807,59.60567
I4210135521,Max Planck Institute for Intelligent Systems,DE,48.782318115234375,9.177020072937012
I1317822957,Palo Alto Medical Foundation,US,37.44187927246094,-122.14302062988281
I4210163437,Hewlett-Packard (Israel),IL,32.19881057739258,34.88015365600586
I4210093666,The Edgbaston Hospital,GB,52.45801544189453,-1.9330300092697144
I4210116048,Beijing National Laboratory for Molecular Sciences,CN,39.907501220703125,116.39723205566406
I4210152478,State Key Laboratory of Polymer Physics and Chemistry,CN,39.907501220703125,116.39723205566406
I4210155088,Institute of Chemistry,CN,39.907501220703125,116.39723205566406
I4210102288,Algebra Bernays University,HR,45.81444,15.97798
I35298706,ESIEA University,FR,48.85340881347656,2.34879994392395
I4210110470,Richard Wolf (Germany),DE,49.02487,8.75606
I4210126663,Wallingford Public Library,US,41.45756149291992,-72.81690979003906
I4210163431,Mauritius Sugarcane Industry Research Institute,MU,-20.21904,57.51083
I183941352,Transnational University Limburg,NL,50.848331451416016,5.688889980316162
I87482320,University of Management and Technology,PK,31.452579498291016,74.29358673095703
I4210118281,National Earthquake Response Support Service,CN,39.90854263305664,116.40404510498047
I4387152112,China Industrial Control Systems Cyber Emergency Response Team,,39.907501220703125,116.39723205566406
I155673605,Union University,US,35.67709732055664,-88.86006164550781
I169540460,The Aerospace Corporation,US,33.916385650634766,-118.38584899902344
I3132522411,Institute for Defence Studies and Analyses,IN,28.572559356689453,77.14876556396484
I123443094,Universidade Estadual de Maringá,BR,-23.42527961730957,-51.9386100769043
I180634299,University of Sistan and Baluchestan,IR,29.496299743652344,60.86289978027344
I4210143632,Tyndall Centre,GB,52.621822357177734,1.2385220527648926
I4210131007,John Wiley & Sons (United States),US,40.74399185180664,-74.03235626220703
I2802433978,Pliva (Croatia),HR,45.81193923950195,15.936903953552246
I4210139423,Klinikum Sindelfingen-Böblingen,DE,48.71535110473633,9.024858474731445
I4210165920,European Network for Cyber Security,NL,52.06924057006836,4.349306106567383
I4210088487,Centre Technique Des Industries De La Fonderie,FR,48.82282257080078,2.225724935531616
I4210141692,Virtual Centre of Excellence In Mobile and Personal Communications,GB,51.28145217895508,-1.0583159923553467
I132257509,Izmir University,TR,38.33935546875,27.024309158325195
I15059493,İzmir University of Economics,TR,38.4127311706543,27.13838005065918
I928334797,Semnan University,IR,35.600555419921875,53.436668395996094
I198985290,Saint Xavier University,US,41.70811080932617,-87.71549224853516
I52354020,University of Almería,ES,36.838138580322266,-2.459739923477173
I4210148503,Fraunhofer Institute for Production Systems and Design Technology,DE,52.52437,13.41053
I86908984,University of French Polynesia,PF,-17.63333,-149.6
I118020396,Swarthmore College,US,39.902061462402344,-75.34990692138672
I319193654,Jayoti Vidyapeeth Women's University,IN,26.919620513916016,75.78781127929688
I4210134190,Recherches Scientifiques Luxembourg,LU,49.6238899230957,6.149439811706543
I4210119987,Qingdao Municipal Hospital,CN,36.07380676269531,120.32568359375
I142879360,Universidad del Norte,CO,11.01805591583252,-74.85111236572266
I78277041,University of Diyala,IQ,33.7540283203125,44.60517883300781
I37446213,Indra (Spain),ES,40.4165,-3.70256
I161346416,Jimei University,CN,24.47978973388672,118.08187103271484
I4210149885,Taishan Medical University,CN,36.201812744140625,117.1028823852539
I2802112877,Ruppin Academic Center,IL,32.44192123413086,34.903900146484375
I82994568,Agency for Healthcare Research and Quality,US,39.050621032714844,-77.12735748291016
I4210135888,Hulunbuir University,CN,49.20130157470703,119.7762222290039
I4210095211,Health Education England,GB,53.7989616394043,-1.5596150159835815
I4210104306,Tongmyong University,KR,35.1223258972168,129.10169982910156
I1292020679,Institute on Governance,CA,45.41117,-75.69812
I4210130929,Abbès Laghrour University of Khenchela,DZ,35.435829162597656,7.143330097198486
I4210148071,Air Force Institute of Aviation Medicine Affiliated Hospital,CN,39.94001388549805,116.30619812011719
I101155339,Korea Telecom (South Korea),KR,37.4386100769043,127.13777923583984
I35765314,Pittsburgh Supercomputing Center,US,40.44556427001953,-79.94932556152344
I4210111970,Fujian Electric Power Survey & Design Institute,CN,26.11280632019043,119.30506896972656
I49663120,Université du Québec,CA,46.812278747558594,-71.21453857421875
I4210153668,Wenzhou-Kean University,CN,27.91663360595703,120.65364837646484
I2801090207,Hellenic Statistical Authority,GR,37.94929885864258,23.658037185668945
I100191712,Pepperdine University,US,34.0257682800293,-118.78040313720703
I54157616,Swiss Finance Institute,CH,47.366668701171875,8.550000190734863
I121691239,Beihua University,CN,43.850830078125,126.5602798461914
I132359460,University of Burdwan,IN,23.25572,87.85691
I6406202,University of Benin,NG,6.3381500244140625,5.6257500648498535
I4210141612,Advanced Genomic Technology (United States),US,38.25651550292969,-85.750732421875
I170828890,Centro de Estudios e Investigaciones Técnicas de Gipuzkoa,ES,43.30441665649414,-2.009608030319214
I88155538,Universidad de Navarra,ES,42.81687,-1.64323
I61412661,Seneca Polytechnic,CA,43.70643,-79.39864
I4387153626,Laboratoire Universitaire de Recherche en Production Automatisée,,48.68333053588867,2.1333301067352295
I4210087646,Hunter Medical Research Institute,AU,-32.92039108276367,151.69261169433594
I4210111472,King Abdul Aziz University Hospital,SA,21.495792388916016,39.23462677001953
I17937529,German Cancer Research Center,DE,49.40768,8.69079
I2802164966,University Hospital Heidelberg,DE,49.40768,8.69079
I4391767962,Deutschen Konsortium für Translationale Krebsforschung,DE,49.40768,8.69079
I169572211,Northeast Agricultural University,CN,45.75,126.6500015258789
I2799714274,Shanghai Astronomical Observatory,CN,31.190277099609375,121.429443359375
I4210097640,Fincons Group (Italy),IT,45.601898193359375,9.361260414123535
I4387153466,Weill Cornell Medicine,US,40.71427,-74.00597
I4385474403,Changchun University of Technology,,43.880001068115234,125.3227767944336
I178613991,National Taitung University,TW,22.759910583496094,121.14456939697266
I4210121333,Istinye University,TR,41.01383972167969,28.94965934753418
I250383648,Izmir Kâtip Çelebi University,TR,38.41273,27.13838
I177881444,Pomona College,US,34.0966796875,-117.71977996826172
I181727666,University of Economics Ho Chi Minh City,VN,10.823019981384277,106.62964630126953
I173869447,Qinetiq (United Kingdom),GB,51.29423904418945,-0.755649983882904
I4210117138,Institute of Technical Sciences of SASA,RS,44.80400848388672,20.465129852294922
I62853816,Beijing University of Civil Engineering and Architecture,CN,39.907501220703125,116.39723205566406
I4210131883,Brazilian Society of Computational and Applied Mathematics,BR,-22.014020919799805,-47.8764762878418
I4210093841,Institute of Applied Mathematics,RU,43.19746017456055,131.9263458251953
I43545212,Ehime University,JP,33.849998474121094,132.7711181640625
I882248123,Delta University for Science and Technology,EG,31.03636932373047,31.38068962097168
I69094615,Universidad San Francisco de Quito,EC,-0.22984999418258667,-78.52494812011719
I4210145192,Siemens (Belgium),BE,50.75820541381836,4.270613193511963
I201487725,University of Atacama,CL,-27.366790771484375,-70.3313980102539
I138216421,Eastern Michigan University,US,42.24114990234375,-83.61299133300781
I4210156098,Balochistan University of Engineering and Technology,PK,27.817365646362305,66.63092803955078
I3130829635,Al-Kafaàt University,LB,33.86685562133789,35.5808219909668
I4210147091,St. Luke's Cystic Fibrosis Center of Idaho,US,43.61223220825195,-116.19381713867188
I4210135908,Nanyang Medical College,CN,32.97490692138672,112.49545288085938
I4210165686,Lockheed Martin Orincon (United States),US,32.882896423339844,-117.20528411865234
I4210148201,Ho Chi Minh City University of Technology and Engineering,VN,10.82302,106.62965
I4391768123,State Key Laboratory of Supramolecular Structure and Materials,,43.880001068115234,125.3227767944336
I27599042,Xi'an Polytechnic University,CN,34.258331298828125,108.9286117553711
I171481255,Shibaura Institute of Technology,JP,35.66188049316406,139.79519653320312
I4210106479,"Laboratoire d'Informatique, Signaux et Systèmes de Sophia Antipolis",FR,43.63292,6.99911
I4210152167,MTA-SZTE Research Group on Artificial Intelligence,HU,46.24663543701172,20.144866943359375
I4210156194,Addenbrooke's Hospital,GB,52.17599868774414,0.14000000059604645
I2833836602,Universal Engineering College,IN,10.295559883117676,76.19786071777344
I1279858714,Center for Economic and Policy Research,US,38.91168212890625,-77.04424285888672
I4210128284,"Institute of Optics and Electronics, Chinese Academy of Sciences",CN,30.666669845581055,104.0666732788086
I4210158863,New York eHealth Collaborative,US,40.717079162597656,-74.00700378417969
I1330347796,United States Department of Defense,US,38.89511,-77.03637
I4210142478,HKU-Pasteur Research Pole,HK,22.2783203125,114.17469024658203
I4210117337,Neijiang Normal University,CN,29.583539962768555,105.0621566772461
I53241121,Fundación Ciencias Exactas y Naturales,AR,-34.542083740234375,-58.44443130493164
I52989892,Bank for International Settlements,CH,47.55839157104492,7.573269844055176
I67328108,"California State University, Fresno",US,36.813331604003906,-119.75
I4210134060,Information-Technology Promotion Agency,JP,35.72977066040039,139.7473602294922
I4210098983,New York State School of Industrial and Labor Relations,US,42.44063186645508,-76.49661254882812
I200966471,Prudential Financial (United States),US,40.739097595214844,-74.17058563232422
I4210159354,Institut für Solartechnologien (Germany),DE,52.321529388427734,14.494269371032715
I114432228,Siam University,TH,13.753979682922363,100.5014419555664
I4210142393,Abbott Fund,US,41.85002899169922,-87.6500473022461
I4210102241,University of Information Science,CU,22.987485885620117,-82.46601104736328
I4210144778,China Postdoctoral Science Foundation,CN,39.9075,116.39723
I14748160,Jinggangshan University,CN,27.11716079711914,114.9792709350586
I207169309,Cyber University,JP,33.66303634643555,130.42225646972656
I2802505932,China Aerodynamics Research and Development Center,CN,31.46784019470215,104.68167877197266
I69716792,Mirpur University of Science and Technology,PK,33.14782,73.75187
I2608206482,Universitas Ahmad Dahlan,ID,-7.80139,110.36472
I4210129817,Institut Teknologi Medan,ID,3.568734884262085,98.69560241699219
I4387154144,National Research and Innovation Agency,ID,-6.21462,106.84513
I119916105,Augsburg University,US,44.9799690246582,-93.26383972167969
I3132830348,Kutafin Moscow State Law University,RU,55.76231002807617,37.58588409423828
I4210144710,Universidad La Concordia,MX,21.883451461791992,-102.26762390136719
I4210148906,Veris Technologies (United States),US,38.77156448364258,-97.6388168334961
I53560885,Orano (United States),US,38.8980598449707,-77.02745819091797
I63346067,Maulana Abul Kalam Azad Institute of Asian Studies,IN,22.56263,88.36304
I189060766,"St. Mary's University, Texas",US,29.42411994934082,-98.4936294555664
I1311206647,American Association For The Advancement of Science,US,38.90025329589844,-77.02789306640625
I4210136366,Tohoku Medical Megabank Organization,JP,38.253971099853516,140.87400817871094
I33086117,New York Psychoanalytic Society and Institute,US,40.77570724487305,-73.95386505126953
I4210125429,National Quantum Information Centre in Gdansk,PL,54.44015121459961,18.55345916748047
I10902133,Universitat Jaume I,ES,39.98566818237305,-0.04935000091791153
I54009628,University of Bayreuth,DE,49.947818756103516,11.578929901123047
I4210097063,Sunset Laboratory (United States),US,45.44704818725586,-122.78781127929688
I4210166112,State Key Laboratory of Remote Sensing Science,CN,39.907501220703125,116.39723205566406
I128559575,University of Ruhuna,LK,6.04610013961792,80.21029663085938
I237525767,Zurich Insurance Group (Switzerland),CH,47.362342834472656,8.534996032714844
I187792471,Ionian University,GR,39.62440872192383,19.9201602935791
I148119957,Hogan Lovells (United States),US,38.89698028564453,-77.0289306640625
I881427289,University of Gothenburg,SE,57.70716,11.96679
I2801112325,Sahlgrenska University Hospital,SE,57.70716,11.96679
I4210091924,Frequency Management International (United States),US,33.74128341674805,-118.04109191894531
I92715842,University of West Bohemia in Pilsen,CZ,49.74747,13.37759
I4210118356,Don State Agrarian University,RU,47.237548828125,39.712005615234375
I4210136293,Eden Medical Center,US,37.69409942626953,-122.08634948730469
I4210117001,Versiti Blood Center of Wisconsin,US,43.0323600769043,-88.0238265991211
I2800024422,Universitas Wijaya Putra,ID,-7.249169826507568,112.7508316040039
I4210122797,Electronics Testing Center,TW,24.99368,121.29696
I4210165309,Sampoerna University,ID,-6.214620113372803,106.84513092041016
I188703185,GTx (United States),US,35.149417877197266,-90.0505142211914
I1336834208,Management and Science University,MY,3.0850698947906494,101.53280639648438
I2751430930,Royal Society of Chemistry,GB,51.50852966308594,-0.12574000656604767
I319074055,Cégep de l'Outaouais,CA,45.459537506103516,-75.76944732666016
I4210109533,"Istituto Nazionale di Fisica Nucleare, Sezione di Pavia",IT,45.19205,9.15917
I4210092647,Research and Studies Telecommunications Centre,TN,36.89358901977539,10.188878059387207
I4210089508,Feminist Archive North,GB,53.80809783935547,-1.5535160303115845
I4210129449,Max Planck Institute for Innovation and Competition,DE,48.14101028442383,11.581195831298828
I70387731,Amasya Üniversitesi,TR,40.6533317565918,35.83306121826172
I4210130076,Lero,IE,52.66472,-8.62306
I4210142815,Linus (Norway),NO,59.89645004272461,10.627426147460938
I162521676,WuFeng University,TW,23.536361694335938,120.4338150024414
I168036236,National University Zaporizhzhia Polytechnic,UA,47.85166931152344,35.11714172363281
I4210133640,MCNC Research and Development Institute,US,35.92038345336914,-78.87159729003906
I4210144791,Institut Néel,FR,45.17869,5.71479
I198265615,Niğde Ömer Halisdemir Üniversitesi,TR,37.9658317565918,34.679351806640625
I4210137227,Queen's Medical Centre,GB,52.943599700927734,-1.1857000589370728
I4210142599,University of Swabi,PK,34.05910110473633,72.40904235839844
I91656880,China Medical University,CN,41.79222106933594,123.43277740478516
I183519381,Capital Medical University,CN,39.9075,116.39723
I1281109512,Nevşehir Hacı Bektaş Veli University,TR,38.625,34.71221923828125
I4210092262,Ministry of Education,RO,44.4322509765625,26.106260299682617
I48205209,Texas Southern University,US,29.76328,-95.36327
I52510681,Daejin University,KR,37.566001892089844,126.97840118408203
I4400573182,Universitas Amikom Yogyakarta,,-7.801390171051025,110.3647232055664
I4210125267,Infrastructure University Kuala Lumpur,MY,3.35,101.25
I90678064,University of Colombo,LK,6.93548,79.84868
I4210119417,Université d'Abomey-Calavi,BJ,6.36536,2.41833
I4210150999,Research Institute of Posts and Telecommunications,SK,48.736026763916016,19.147794723510742
I1319063186,Langley Research Center,US,37.029869079589844,-76.34522247314453
I123173325,Mazandaran University of Science and Technology,IR,36.55102,52.6786
I44265643,Rowan University,US,39.70288848876953,-75.1118392944336
I141641110,Shivaji University,IN,16.69563,74.23167
I2801758192,Chettinad Health City,IN,13.08784,80.27847
I183263030,Graduate University of Advanced Technology,IR,30.28321075439453,57.07878875732422
I1334627681,Jet Propulsion Laboratory,US,34.14778,-118.14452
I4210160071,Endress+Hauser (Switzerland),CH,47.489219665527344,7.5975518226623535
I1290866511,Family Health International 360,US,35.9940299987793,-78.89862060546875
I4210117989,Direction de la Recherche Technologique,FR,45.17869,5.71479
I4210161409,Berlin Heart (Germany),DE,52.52437,13.41053
I166433441,Hochschule Bremen,DE,53.07582092285156,8.807169914245605
I4210122282,Praktisk-Teologiske Seminar,NO,59.93606948852539,10.725250244140625
I2799831209,Polish Naval Academy,PL,54.518890380859375,18.531879425048828
I1293796582,Seat (Spain),ES,41.50187683105469,1.9018900394439697
I4210149365,Austin Travis County Integral Care,US,30.252668380737305,-97.76609802246094
I16471300,Manipur University,IN,24.80805015563965,93.94419860839844
I4210088824,Informatica (South Korea),KR,37.50585174560547,127.02421569824219
I127362389,Murray State University,US,36.610328674316406,-88.31475830078125
I4210162141,Microsoft (India),IN,17.43062400817871,78.34254455566406
I2801816960,Detroit Receiving Hospital,US,42.3535041809082,-83.05459594726562
I47646028,Maxim Integrated (United Kingdom),GB,51.4504280090332,-2.582468032836914
I1341575764,Federal Reserve Bank of Minneapolis,US,44.98486328125,-93.26716613769531
I4210151128,IGES Institut,DE,52.52437,13.41053
I94294566,Galatasaray University,TR,41.01383972167969,28.94965934753418
I4210126338,Software Competence Center Hagenberg (Austria),AT,48.30638885498047,14.286109924316406
I2800591879,SEW Eurodrive (Germany),DE,49.12153625488281,8.578550338745117
I4210108895,Cherkasy State Technological University,UA,49.42185974121094,32.09646987915039
I8901234,Foundation for Research and Technology Hellas,GR,35.3278694152832,25.143409729003906
I4210124726,Technology Centre Prague,CZ,50.08804,14.42076
I4210143979,Systems Technology (United States),US,33.90683364868164,-118.3522720336914
I142263535,University of Nottingham,GB,52.9536,-1.15047
I4210112067,IBM (France),FR,48.84397506713867,2.39628005027771
I83073037,Yogi Vemana University,IN,14.475077629089355,78.71131134033203
I4210105737,Atmiya University,IN,22.282390594482422,70.76785278320312
I173915773,Yamaguchi University,JP,34.18333053588867,131.4666748046875
I4210140999,Dandenong Hospital,AU,-37.97630310058594,145.21783447265625
I134940468,Institute for Scientific Interchange,IT,45.070491790771484,7.686820030212402
I904013037,Universidad Europea de Madrid,ES,40.4165,-3.70256
I4403386521,Banking Academy of Vietnam,,21.024499893188477,105.84117126464844
I2802730090,Yale Cancer Center,US,41.30815124511719,-72.92816162109375
I57085157,Sardar Patel University,IN,22.5333309173584,72.9000015258789
I4210108754,Enrico Fermi Center for Study and Research,IT,41.89193,12.51133
I4210166981,SK Communications (South Korea),KR,37.562747955322266,126.96851348876953
I1285782058,Rajamangala University of Technology Isan,TH,14.97066,102.10196
I4210106845,Rajamangala University of Technology Suvarnabhumi,TH,14.351670265197754,100.577392578125
I2800437794,Federal University Lafia,NG,8.4939,8.51532
I4387156178,Federal University Dutse,,11.756179809570312,9.338959693908691
I2800939219,RIKEN Center for Brain Science,JP,35.7894401550293,139.6233367919922
I83714178,Shenyang Jianzhu University,CN,41.79222106933594,123.43277740478516
I4210147585,National Public Health Organization,GR,38.03312301635742,23.790117263793945
I202968851,Huafan University,TW,24.98200035095215,121.69000244140625
I4210166027,Dura Biotech (United States),US,41.8128776550293,-72.25050354003906
I4210107358,Lakeside Labs,AT,46.61425018310547,14.26650333404541
I4210099135,Wuhan Institute of Physics and Mathematics,CN,30.58333,114.26667
I4210135910,National Maternity Hospital,IE,53.34031295776367,-6.246078968048096
I3040621137,Alsalam University College,IQ,33.22856521606445,44.36959457397461
I4401726890,Al-Kunooze University,IQ,30.50852,47.7804
I2801834177,Taipei City Government,TW,25.047760009765625,121.53185272216797
I4210127322,Procomcure Biotech (Austria),AT,47.732364654541016,13.074089050292969
I4210110345,Tabaran Institute of Higher Education,IR,36.29807,59.60567
I38631343,EM Strasbourg Business School,FR,48.58392,7.74553
I4210113962,IR Dynamics (United States),US,35.15894317626953,-106.59126281738281
I44852757,Liverpool Hope University,GB,53.410579681396484,-2.977940082550049
I33976269,Xerox (France),FR,48.91973114013672,2.3508129119873047
I4210132870,Xerox (United States),US,41.14459991455078,-73.43010711669922
I4210114908,UMI MajuLab,SG,1.2896699905395508,103.85006713867188
I4210129465,Wuhan Ship Development & Design Institute,CN,30.532835006713867,114.30894470214844
I4210119508,HES-SO Arc,CH,46.991790771484375,6.931000232696533
I189075073,National University of Mar del Plata,AR,-38.00042,-57.5562
I888641300,Royal Agricultural University,GB,51.719268798828125,-1.9714499711990356
I49645291,National Taipei University of Education,TW,25.023639678955078,121.54525756835938
I167234411,Işık University,TR,41.01383972167969,28.94965934753418
I208333798,University of Missouri–St. Louis,US,38.62726974487305,-90.19789123535156
I28792581,University of Rochester Medical Center,US,43.15478,-77.61556
I2799548008,D. E. Shaw Research,US,40.71427,-74.00597
I1282462722,United States Department of Transportation,US,38.895111083984375,-77.03636932373047
I2801373766,Volpe National Transportation Systems Center,US,42.36404800415039,-71.08573913574219
I4210091825,Patel Hospital,IN,31.323762893676758,75.57820129394531
I4210142365,Teleplan Consulting (Norway),NO,59.90742111206055,10.628321647644043
I4210106256,University Hospital of Geneva,CH,46.193817138671875,6.148997783660889
I2802921122,Center for Brooklyn History,US,40.65010070800781,-73.94957733154297
I3122011922,University of Žilina,SK,49.223148345947266,18.739410400390625
I4210120853,Univerzitet Union Nikola Tesla,RS,44.80401,20.46513
I4210096137,Maikop State Technological University,RU,44.60778,40.10583
I2801045807,Shenzhen Stock Exchange,CN,22.54553985595703,114.06829833984375
I2800768525,University of Bojnord,IR,37.43570327758789,57.296546936035156
I4210096014,Operation PAR,US,27.832406997680664,-82.7281265258789
I913958620,Erasmus University Rotterdam,NL,51.92250061035156,4.479169845581055
I1283197605,Surrey Satellite Technology (United Kingdom),GB,51.23536,-0.57427
I4210144875,Foresight Science & Technology (United States),US,42.22871017456055,-71.5225601196289
I4210122744,Institute of Theoretical and Applied Informatics,PL,50.29139709472656,18.637487411499023
I2801862477,Canada Research Chairs,CA,45.411170959472656,-75.6981201171875
I4210136371,ISSAC (United States),US,38.93012619018555,-104.81465911865234
I4210123465,Saitama Cancer Center,JP,35.98430633544922,139.6184844970703
I4210126480,US Night Vision (United States),US,38.76145935058594,-121.24917602539062
I63548447,Lappeenranta-Lahti University of Technology,FI,61.05871,28.18871
I4210125137,First Hospital of Jilin University,CN,43.880001068115234,125.3227767944336
I185852735,University of Central Lancashire,GB,53.76282,-2.70452
I95781656,Western Oregon University,US,44.84844970703125,-123.23399353027344
I165951966,The University of Texas at San Antonio Health Science Center,US,29.42412,-98.49363
I2802567020,Copenhagen University Hospital,DK,55.67594,12.56553
I34352273,Maastricht University,NL,50.84833,5.68889
I4210113489,St George's Hospital,GB,52.810420989990234,-2.1096279621124268
I4780363,Pittsburg State University,US,37.41088104248047,-94.70496368408203
I129573748,Eurocontrol,FR,48.591346740722656,2.3280320167541504
I4210162738,Eurocontrol,BE,50.87969970703125,4.434488773345947
I4396570654,Krea University,,13.529919624328613,79.99519348144531
I96062909,Babson College,US,42.29648971557617,-71.29255676269531
I4210107541,Security Technology Competence Centre,SI,46.04930114746094,14.46015453338623
I2801134892,Novo Nordisk Foundation,DK,55.67594,12.56553
I4210107297,Clinical Practice Research Datalink,GB,51.50853,-0.12574
I32393484,Petrobras (Brazil),BR,-22.909135818481445,-43.17923355102539
I177055848,University of Brawijaya,ID,-7.979700088500977,112.63040161132812
I2801348669,Medieval Academy of America,US,42.372894287109375,-71.11917114257812
I2802742124,John Radcliffe Hospital,GB,51.7638053894043,-1.21875
I123758333,İstanbul Sabahattin Zaim Üniversitesi,TR,41.01383972167969,28.94965934753418
I27559774,SUNY Geneseo,US,42.7959,-77.81695
I184813773,"California State University, East Bay",US,37.668819427490234,-122.08080291748047
I8679417,Hong Kong Metropolitan University,HK,22.27832,114.17469
I4210091363,ASL Roma,IT,41.919857025146484,12.504419326782227
I4210101698,Advanced Systems Laboratory,IN,17.333341598510742,78.49276733398438
I94722563,University of Jyväskylä,FI,62.24147033691406,25.72088050842285
I2800861664,University Hospital of Wales,GB,51.47999954223633,-3.180000066757202
I4210161554,CSIRO Land and Water,AU,-35.28346,149.12807
I109935558,Ningbo University,CN,29.87819,121.54945
I181401687,American University,US,38.895111083984375,-77.03636932373047
I190242452,Guangdong Pharmaceutical University,CN,23.116670608520508,113.25
I869633025,Charles River Associates,US,42.34968185424805,-71.0753173828125
I137381566,Charles River Laboratories (Netherlands),NL,52.16594696044922,4.47303581237793
I186129607,Canadian University of Dubai,AE,25.209896087646484,55.27012252807617
I52064589,Clark Atlanta University,US,33.75077819824219,-84.40684509277344
I4391767763,State Key Laboratory of Information Photonics and Optical Communications,,39.907501220703125,116.39723205566406
I4210151552,Communications Research Centre Canada,CA,45.34629821777344,-75.88410186767578
I4210153303,École Normale Supérieure d'Abidjan,CI,5.3423051834106445,-3.9852049350738525
I91600406,American University in the Emirates,AE,25.123855590820312,55.41061782836914
I152158401,Grambling State University,US,32.52256393432617,-92.71766662597656
I99165933,University of Gujrat,PK,32.57419967651367,74.0754165649414
I4210164771,Sunyani Technical University,GH,7.321011066436768,-2.316701889038086
I4210111899,Burke Foundation,US,43.034297943115234,-87.90638732910156
I246743127,"The University of Agriculture, Peshawar",PK,34.008,71.57849
I4210146077,China National Institute of Standardization,CN,39.98461151123047,116.43045043945312
I1286353243,Autodesk (United States),US,37.77493,-122.41942
I4210107558,Consorzio Pisa Ricerche,IT,43.712467193603516,10.399650573730469
I3121987637,National University of the Littoral,AR,-31.64881,-60.70868
I151201029,Consejo Nacional de Investigaciones Científicas y Técnicas,AR,-34.61315,-58.37723
I4210087179,Centro de Investigación de Métodos Computacionales,AR,-31.64881,-60.70868
I4210102755,Instituto de Desarrollo Tecnológico para la Industria Química,AR,-31.64881,-60.70868
I4210117332,Sungkyul University,KR,37.381160736083984,126.92866516113281
I205158640,University of Skövde,SE,58.391178131103516,13.845060348510742
I1341030882,Educational Testing Service,US,40.34456253051758,-74.712890625
I86725329,Hitachi Global Storage Technologies (United States),US,37.245750427246094,-121.79351043701172
I4210158763,Air Products (Spain),ES,41.354217529296875,2.0811729431152344
I67868205,VNU University of Science,VN,21.024499893188477,105.84117126464844
I1319760190,National Health Service Scotland,GB,55.95396041870117,-3.1853599548339844
I183452621,Viasat (United States),US,33.12686538696289,-117.26715850830078
I4210158558,National Health Council,US,38.905338287353516,-77.03980255126953
I2802194831,Samsung Medical Center,KR,37.566,126.9784
I189460059,Universidad El Bosque,CO,4.609710216522217,-74.08174896240234
I88459447,Novay,NL,52.23740768432617,6.842569828033447
I2802709434,Rigshospitalet,DK,55.675941467285156,12.565529823303223
I143002897,Université de Toulon,FR,43.12467956542969,6.0103302001953125
I1302978242,Academy of Medical Sciences,GB,51.524009704589844,-0.13296499848365784
I110152177,University of Akron,US,41.08144,-81.51901
I4210122911,Fraunhofer Institute for Large Structures in Production Engineering IGP,DE,54.0887,12.14049
I18718515,Jinnah University for Women,PK,24.92540168762207,67.0298843383789
I53074787,Technological Educational Institute of Eastern Macedonia and Thrace,GR,40.93959045410156,24.406869888305664
I73443619,University of Southern Maine,US,43.662498474121094,-70.27610778808594
I4210140439,Digital Video (Italy),IT,41.90960693359375,12.546478271484375
I4210114681,National Institute for Research & Development in Informatics,RO,44.43225,26.10626
I2801319255,Sport Lisboa e Benfica,PT,38.72509,-9.1498
I4210129961,IBM (India),IN,12.956233978271484,77.64105987548828
I4210092267,Guangdong Industry Technical College,CN,23.116670608520508,113.25
I4210128628,Peking University Shenzhen Hospital,CN,22.55612564086914,114.04913330078125
I2802042752,University High School,US,32.228389739990234,-110.8886947631836
I4210124968,Yankee Environmental System (United States),US,42.600341796875,-72.5250015258789
I4210108113,Yango University,CN,26.00472068786621,119.44978332519531
I4210127597,Transnational University Limburg,BE,50.910743713378906,5.410819053649902
I4210107865,Wuzhou University,CN,23.480539321899414,111.28848266601562
I4210141018,Ramakrishna Mission Vidyalaya,IN,11.142399787902832,76.94450378417969
I114724429,Central University of Punjab,IN,30.207469940185547,74.93892669677734
I4210089015,Sharp Laboratories of Europe (United Kingdom),GB,51.71614074707031,-1.2203840017318726
I4210120842,Shenyang Institute of Computing Technology (China),CN,41.71888732910156,123.35528564453125
I1322298273,"Innovation, Science and Economic Development Canada",CA,45.411170959472656,-75.6981201171875
I4210159265,CS Communication & Systèmes (France),FR,48.77397918701172,2.2440249919891357
I4210096602,Global College,CY,35.13093948364258,33.32572937011719
I16820183,Illinois College,US,39.73082733154297,-90.24625396728516
I4210137640,Centre Hospitalier Le Vinatier,FR,45.7409782409668,4.899353981018066
I4210112925,Max Planck Institute for Biological Cybernetics,DE,48.53666687011719,9.058889389038086
I39565521,Office of Science,US,38.895111083984375,-77.03636932373047
I4210161966,Environmental Technologies (United States),US,47.27065658569336,-122.2584228515625
I25485817,St. Pölten University of Applied Sciences,AT,48.20762,15.63725
I4210163673,Laboratoire Amiénois de Mathématique Fondamentale et Appliquée,FR,49.9,2.3
I4210154783,Grammar School,SK,48.99032974243164,22.151607513427734
I182712176,Montanuniversität Leoben,AT,47.37649917602539,15.091440200805664
I4210159992,Aptiv (France),FR,48.773338317871094,2.073930025100708
I2801299839,Collins College,US,33.40378189086914,-111.9862060546875
I182078086,University of Dar es Salaam,TZ,-6.823490142822266,39.269508361816406
I4210091388,Mercedes-Benz Research and Development North America (United States),US,47.60620880126953,-122.33206939697266
I4210106125,Istituto per le Applicazioni del Calcolo Mauro Picone,IT,41.89988327026367,12.510489463806152
I2799440398,Rochester Institute of Technology Croatia,HR,42.64213562011719,18.102895736694336
I110120368,"National Agency for New Technologies, Energy and Sustainable Economic Development",IT,41.89193,12.51133
I3133134087,Lanzhou Jiaotong University,CN,36.057010650634766,103.8398666381836
I97009856,Bohai University,CN,41.087646484375,121.11859893798828
I4210140527,California Institute for Biomedical Research,US,32.90790557861328,-117.24331665039062
I4210087697,National Yang Ming University Hospital,TW,24.757953643798828,121.75421905517578
I4210152463,TE Laboratories (Ireland),IE,52.80028,-6.73694
I3017902709,Bülent Ecevit University,TR,41.45139,31.79305
I4210151480,Institute of Mathematics and Mathematical Modeling,KZ,43.25249,76.9115
I4210121771,First Affiliated Hospital of Xi'an Jiaotong University,CN,34.219993591308594,108.93870544433594
I13805885,Vaughn College of Aeronautics and Technology,US,40.769039154052734,-73.88204956054688
I46020346,American Institute of Aeronautics and Astronautics,US,38.9440803527832,-77.32130432128906
I112090838,Academy of Sciences of Moldova,MD,47.00556,28.8575
I4210133796,Providence Center,US,41.83646774291992,-71.41024780273438
I53118340,Rhode Island College,US,41.82398986816406,-71.41282653808594
I3020445194,Universidad Nebrija,ES,40.4165,-3.70256
I38756568,Xinyang College of Agriculture and Forestry,CN,32.157447814941406,114.12459564208984
I98910050,ESPCI Paris,FR,48.85340881347656,2.34879994392395
I23968078,University of Puerto Rico at Humacao,PR,18.14967918395996,-65.82737731933594
I164213776,King's College - North Carolina,US,35.21329879760742,-80.82219696044922
I4394709117,"Laboratoire d'Algorithmique, Complexité et Logique",,48.792659759521484,2.4656898975372314
I195875291,Ashland University,US,40.86166763305664,-82.32305908203125
I907500627,Ashland (United States),US,39.09016799926758,-84.51077270507812
I4210139030,Samsung (India),IN,12.979350090026855,77.6961669921875
I167694869,Bu-Ali Sina University,IR,34.79922103881836,48.51456069946289
I4210149760,Charles River Analytics (United States),US,42.37621307373047,-71.14681243896484
I1298590031,Shizuoka University,JP,34.964168548583984,138.43194580078125
I96268669,Okan University,TR,41.01383972167969,28.94965934753418
I4210136779,"Istituto Nazionale di Fisica Nucleare, Sezione di Milano",IT,45.46427,9.18951
I2801577699,Beijing Institute of Genomics,CN,39.907501220703125,116.39723205566406
I4210098931,Quantitative BioSciences,US,32.9898681640625,-117.25956726074219
I77216272,NOAA Air Resources Laboratory,US,38.98067092895508,-76.93692016601562
I1308126019,National Oceanic and Atmospheric Administration,US,38.89511,-77.03637
I4210104705,Centro Nacional de Epidemiología,ES,40.47624969482422,-3.6933863162994385
I4210089594,Spanish National Cancer Research Centre,ES,40.416500091552734,-3.7025599479675293
I1335321130,Children's Hospital of Philadelphia,US,39.9523811340332,-75.16361999511719
I64956957,Aurel Vlaicu University of Arad,RO,46.18333053588867,21.316669464111328
I26092322,Stellenbosch University,ZA,-33.93462,18.86676
I1307585291,Khulna University of Engineering and Technology,BD,22.809789657592773,89.56439208984375
I4210087207,World Wide Web Consortium,US,42.3751,-71.10561
I2799282979,"Islamic Azad University, Isfahan",IR,32.65245819091797,51.67462158203125
I4210146312,Sambalpur University Institute of Information Technology,IN,21.46527,83.97573
I144112489,McGovern Institute for Brain Research,US,42.375099182128906,-71.1056137084961
I1304378839,TRIUMF,CA,49.24966049194336,-123.11933898925781
I4210163010,Heidelberg (Poland),PL,52.20045471191406,20.940814971923828
I4210102011,Hanalei Watershed Hui,US,22.204509735107422,-159.49191284179688
I203238179,Rhodes University,ZA,-33.30421829223633,26.532760620117188
I343975184,Dawood University of Engineering and Technology,PK,24.87898063659668,67.04756927490234
I4210154940,Applied Research Associates,NZ,-43.53446960449219,172.63706970214844
I4210129728,Mary Kay (United States),US,32.961788177490234,-96.82917022705078
I4210154391,Hasan Kalyoncu University,TR,37.05944061279297,37.38249969482422
I173288447,Grinnell College,US,41.74304962158203,-92.722412109375
I2799283415,Fisher College,US,42.35533142089844,-71.07420349121094
I142947616,Institute of Cancer Research,GB,51.50852966308594,-0.12574000656604767
I4210091470,Osipyan Institute of Solid State Physics RAS,RU,56.00121,38.36492
I169724904,Zimmer Biomet (Netherlands),NL,51.76976776123047,4.633551120758057
I4210106018,Nokia (Netherlands),NL,52.29426956176758,4.711584091186523
I4210097214,Shandong Management University,CN,36.668331146240234,116.99722290039062
I4210107641,Centre de Mathématiques Appliquées de l'École polytechnique,FR,48.71828,2.2498
I4387154296,Precious Cornerstone University,,7.377560138702393,3.905910015106201
I199691007,Brazilian Agricultural Research Corporation,BR,-15.77972,-47.92972
I4210159918,Ana G. Mendez University System,PR,18.46632957458496,-66.10572052001953
I4391012606,AAA College of Engineering and Technology,,9.449990272521973,77.7979736328125
I4210102244,Institut de Neurosciences Cognitives et Intégratives d’Aquitaine,FR,44.84124,-0.58046
I125485651,University Frères Mentouri Constantine 1,DZ,36.365,6.61472
I4210112109,"Gestion de l'Eau, Acteurs, Usages",FR,43.61093,3.87635
I4210152395,Centre for Development Economics,IN,28.684667587280273,77.20820617675781
I44677085,Bühler (United Kingdom),GB,51.50824737548828,0.07495299726724625
I4210164565,Mahindra University,IN,17.384050369262695,78.45635986328125
I332011152,District University of Bogotá,CO,4.60971,-74.08175
I1338449461,Baystate Medical Center,US,42.121498107910156,-72.60279846191406
I2801562743,Cisco College,US,32.400882720947266,-98.98527526855469
I4210098364,Institute for Language and Speech Processing,GR,38.03670120239258,23.802499771118164
I204866599,VA Palo Alto Health Care System,US,37.404422760009766,-122.14091491699219
I4210093499,Middelbaar Beroeps Onderwijs,NL,52.08700180053711,4.882704734802246
I67001856,Shanghai Institute of Technology,CN,31.222219467163086,121.45806121826172
I4210102809,Whipps Cross University Hospital,GB,51.578853607177734,0.002193999942392111
I108904480,Shenyang Institute of Engineering,CN,41.835472106933594,123.41073608398438
I4210107964,Williams & Associates,US,47.610103607177734,-122.3426742553711
I83399316,Rockefeller University,US,40.714271545410156,-74.00596618652344
I4210150146,Moscow State University,TJ,38.579437255859375,68.78997802734375
I111262870,Universitat de Miguel Hernández d'Elx,ES,38.26218,-0.70107
I28324025,University of Central Missouri,US,38.76279067993164,-93.73605346679688
I52010207,Keimyung University,KR,35.85767364501953,128.48556518554688
I4210110879,Information Technology Industry Development Agency,EG,30.00943946838379,31.20861053466797
I47327664,Universidade Federal do Maranhão,BR,-2.5297200679779053,-44.30278015136719
I4210147455,Institute of Information Science,SI,46.55583,15.64593
I144852770,The King's College,US,40.74843215942383,-73.98565673828125
I4210092162,General Electric (Israel),IL,32.0700798034668,34.79414367675781
I4210152837,Dhahran Health Center,SA,26.3101806640625,50.136924743652344
I4210091800,Pathways Behavioral Services,US,42.49810791015625,-92.33547973632812
I4210139450,Time Domain (United States),US,34.73236846923828,-86.65637969970703
I4210113876,Sri Sathya Sai Institute of Higher Medical Sciences,IN,14.153345108032227,77.77680969238281
I279976351,University of Donja Gorica,ME,42.417667388916016,19.202760696411133
I4210089985,Amazon (Germany),DE,52.52437,13.41053
I4210164973,Government Communications Headquarters,GB,51.90005874633789,-2.0797200202941895
I32923980,Xilinx (United States),US,37.33938980102539,-121.89495849609375
I4210119397,Universitas Ngurah Rai,ID,-8.620037078857422,115.23516845703125
I119896790,Sebelas Maret University,ID,-7.561408042907715,110.85578155517578
I42144348,Aomori University,JP,40.78333282470703,140.77944946289062
I105126617,Zhejiang International Studies University,CN,30.27831268310547,120.14214324951172
I85591668,University of Turabo,PR,18.2544002532959,-65.97293853759766
I3130805194,Universidad Nacional del Centro de la Provincia de Buenos Aires,AR,-37.3287,-59.1369
I1282776028,German Institute for Economic Research,DE,52.52436828613281,13.410530090332031
I4210097491,23andMe (United States),US,37.382972717285156,-122.03366088867188
I111149068,National Defense University,US,38.86595916748047,-77.01459503173828
I320671016,Patient-Centered Outcomes Research Institute,US,38.90381622314453,-77.04302978515625
I3124704065,University of Kurdistan,IR,35.31494903564453,46.99882888793945
I20119556,Omsk State Technical University,RU,54.99243927001953,73.36859130859375
I2898894,Liaoning University of Technology,CN,41.145774841308594,121.12657165527344
I4264650,Islamic University of Science and Technology,IN,33.925960540771484,75.01836395263672
I4210132813,Second Affiliated Hospital of Harbin Medical University,CN,45.70039749145508,126.62056732177734
I156144747,Harbin Medical University,CN,45.75,126.6500015258789
I146563203,University of International Business and Economics,CN,39.97919845581055,116.42140197753906
I4210096355,Prisma Electronics (Greece),GR,40.847835540771484,25.88177490234375
I14116566,Wuhan Polytechnic University,CN,30.583330154418945,114.26667022705078
I4210115075,Embassy of Italy in Tel Aviv,IL,32.06306076049805,34.762725830078125
I4210149433,Institute for Complex Systems,IT,41.89193,12.51133
I150722199,Ohio Northern University,US,40.76689910888672,-83.82489776611328
I4210160797,German Graduate School of Management and Law,DE,49.14673614501953,9.21750259399414
I4210156319,Cairnmillar Institute,AU,-37.844600677490234,145.04478454589844
I4210156213,American Rock Mechanics Association,US,38.82505798339844,-77.072509765625
I4210151352,Biocom,US,32.87836837768555,-117.20684051513672
I4210088955,Institut Català d'Investigació Química,ES,41.116668701171875,1.25
I4864440,SUNY Brockport,US,43.21366882324219,-77.93917846679688
I157210198,Scuola Normale Superiore,IT,43.70853042602539,10.403599739074707
I3133343326,Ziguinchor University,SN,12.548450469970703,-16.286914825439453
I71422933,Sheffield Hallam University,GB,53.38297,-1.4659
I143719379,"Balochistan University of Information Technology, Engineering and Management Sciences",PK,30.268199920654297,66.94005584716797
I4210129904,Organ and Tissue Authority,AU,-35.28346,149.12807
I2800220363,The Open Group,GB,51.45625,-0.97113
I4210127369,Transportation Research Board,US,38.89689254760742,-77.0193099975586
I4210100893,Indian Institute of Information Technology Vadodara,IN,22.299409866333008,73.20812225341797
I114794399,Suez Canal University,EG,30.622777938842773,32.275001525878906
I4210086647,Philips (China),CN,31.16704750061035,121.38947296142578
I196486160,National Institute of Technology Agartala,IN,23.83605,91.27939
I111971639,Qiqihar University,CN,47.33921813964844,123.96154022216797
I157358134,RMIT Vietnam,VN,10.729443550109863,106.69527435302734
I4210142467,Chapel Hill Carrboro City Schools,US,35.90348815917969,-79.06763458251953
I207527440,Al-Aqsa University,PS,31.51161766052246,34.4404411315918
I4210105365,Qujing Normal University,CN,25.52156639099121,103.75110626220703
I71715416,Universidade Federal do ABC,BR,-23.663890838623047,-46.538330078125
I105818395,University of Kashan,IR,34.002281188964844,51.43878936767578
I188497080,Carleton College,US,44.45830154418945,-93.1615982055664
I4210098380,Fraunhofer Institute for Experimental Software Engineering,DE,49.443,7.77161
I4210147769,Institute for Bioengineering of Catalonia,ES,41.388790130615234,2.158989906311035
I115441956,Buffalo State University,US,42.886451721191406,-78.87837219238281
I2801864671,Barcelona Biomedical Research Park,ES,41.38879,2.15899
I149768937,University of Namur,BE,50.46689987182617,4.867459774017334
I12393601,Huaihua University,CN,27.563369750976562,110.00404357910156
I4210092922,Methodist Hospital,US,39.76837921142578,-86.15804290771484
I1283055418,Indiana University Health,US,39.76837921142578,-86.15804290771484
I4210134769,University of Pittsburgh Medical Center,US,40.44062042236328,-79.99588775634766
I4210098793,National Agricultural Library,US,39.02305603027344,-76.9215316772461
I199172307,Columbus State University,US,32.46097946166992,-84.98770904541016
I2801688508,Nepean Hospital,AU,-33.75,150.7
I4210088621,Know Center Research GmbH (Austria),AT,47.06666946411133,15.449999809265137
I4210106889,Science Communication Institute,US,47.72909927368164,-122.3305435180664
I4210133664,OpenLink Software (United Kingdom),GB,51.356590270996094,-0.11764399707317352
I160682246,PRIST University,IN,10.71988,79.05981
I94625822,Northern University of Malaysia,MY,6.458836078643799,100.5025634765625
I4210087136,"Savoirs, Textes, Langage",FR,50.61669,3.16664
I862669128,Xiaomi (China),CN,40.03092575073242,116.3388900756836
I4210101881,Wellcome Centre for Integrative Neuroimaging,GB,51.76520919799805,-1.2205430269241333
I127339705,Washburn University,US,39.0483283996582,-95.67803955078125
I190409851,Kun Shan University,TW,22.996944427490234,120.25305938720703
I4210112930,Laboratoire Jean-Alexandre Dieudonné,FR,43.70313,7.26608
I111428342,Hitotsubashi University,JP,35.69374084472656,139.44508361816406
I8488066,Chiba Institute of Technology,JP,35.68912124633789,140.02134704589844
I196883781,Clarkson College,US,41.2591667175293,-95.9749984741211
I4210100000,Universitas Wiralodra,ID,-6.3427348136901855,108.34050750732422
I2801347850,Central Building Research Institute,IN,29.865278244018555,77.90333557128906
I4210113297,Google (United Kingdom),GB,51.53331756591797,-0.12604700028896332
I4210160970,Access to Wholistic and Productive Living Institute,US,38.93685531616211,-76.94463348388672
I4210121639,ACCESS Health International,US,40.779232025146484,-73.96141815185547
I186335123,East Carolina University,US,35.61266,-77.36635
I20893674,Kassala University,SD,15.438135147094727,36.37419891357422
I288011450,Comilla University,BD,23.46186065673828,91.18502807617188
I4210120592,Sentient Science (United States),US,42.90274429321289,-78.873779296875
I177855293,Emory and Henry College,US,36.77288818359375,-81.83622741699219
I4210097327,Defence Electronics Research Laboratory,IN,17.329227447509766,78.48237609863281
I96840727,Cheikh Anta Diop University,SN,14.686944007873535,-17.463333129882812
I4210155201,Redmond Fire Department,US,47.67807388305664,-122.12480926513672
I4210141904,EduInnovation,US,47.32323455810547,-122.314453125
I4210110652,RIKEN,JP,35.78944,139.62333
I1291458624,Swedish Defence Research Agency,SE,59.32938003540039,18.068710327148438
I4210127460,Ningxia Medical University,CN,38.441062927246094,106.27784729003906
I1295346377,Monsanto (United States),US,38.670379638671875,-90.39947509765625
I4210097841,Ravensburg University of Cooperative Education,DE,47.780094146728516,9.613504409790039
I132389103,Economic and Social Research Institute,IE,53.33306,-6.24889
I4210113480,Mohamed bin Zayed University of Artificial Intelligence,AE,24.432750701904297,54.61820983886719
I63843962,National Infrastructures for Research and Technology -  GRNET S.A,GR,37.983760833740234,23.727840423583984
I4210154337,Institute for Legal Studies,HU,47.50354766845703,19.029884338378906
I4210138501,Chinese Academy of Agricultural Sciences,CN,39.907501220703125,116.39723205566406
I4210160522,China National Rice Research Institute,CN,30.293649673461914,120.16142272949219
I1291836623,Mount Sinai Hospital,CA,43.65763473510742,-79.3907699584961
I168537998,Eli Lilly (United States),US,39.76838,-86.15804
I2801983979,Denver Health Medical Center,US,39.727352142333984,-104.99161529541016
I51783024,Brandenburg University of Technology Cottbus-Senftenberg,DE,51.52517,14.00164
I119744171,Higher Colleges of Technology,AE,24.5,54.5
I4210130113,Imam Reza Hospital,IR,38.055625915527344,46.324180603027344
I70374766,University of Aden,YE,12.812024116516113,45.03915786743164
I4210128581,Information and Communication Technologies Centre,AU,-33.86785125732422,151.2073211669922
I4210089667,TARH (Portugal),PT,38.79202,-9.10801
I454632,Hella (Germany),DE,51.835296630859375,8.630389213562012
I32820368,Guangdong Polytechnic of Science and Technology,CN,23.116670608520508,113.25
I4210107233,Language Science (South Korea),KR,37.40243911743164,127.10128021240234
I922474255,Tokushima University,JP,34.06999969482422,134.55999755859375
I75909800,Southern Oregon University,US,42.194580078125,-122.70948028564453
I4210152452,Consorzio Interuniversitario Nazionale per l'Informatica,IT,41.91413497924805,12.497710227966309
I4210145739,Time Université,TN,36.81708526611328,10.184005737304688
I79741316,University of Pecs,HU,46.0725,18.23083
I4210141417,Check Point (Israel),IL,32.10462951660156,34.82966232299805
I134033392,EADA Business School,ES,41.38879,2.15899
I147527907,Technical University of Varna,BG,43.22297286987305,27.934003829956055
I2799899409,Hadassah Medical Center,IL,31.797222137451172,35.241943359375
I4210141138,APC Microbiome Institute,IE,51.89796829223633,-8.470609664916992
I286135121,Rajiv Gandhi University of Health Sciences,IN,12.97194,77.59369
I119454577,Nanjing Agricultural University,CN,32.061668395996094,118.77777862548828
I4322889,Mahanakorn University of Technology,TH,13.753979682922363,100.5014419555664
I4210127603,Cancer Genomics Centre,NL,52.0908317565918,5.122220039367676
I4210111138,Oncode Institute,NL,52.0908317565918,5.122220039367676
I4210146442,Agendia (Netherlands),NL,52.37403,4.88969
I4210133905,VA Pittsburgh Healthcare System,US,40.44062042236328,-79.99588775634766
I4210093646,Cancer Center of Hawaii,US,21.328771591186523,-157.85211181640625
I4390039246,University of Hawaii Cancer Center,,21.30694007873535,-157.85833740234375
I86100027,Intracom Telecom (Greece),GR,37.94218063354492,23.873620986938477
I4210090236,National Human Genome Research Institute,US,38.99696731567383,-77.09693145751953
I4210132254,Intelligent Software Components (Spain),ES,41.47596740722656,2.0895729064941406
I4210136512,Instituto de Investigación Sanitaria Aragón,ES,41.65605926513672,-0.8773400187492371
I4210132217,Laboratoire de Mathématiques et Physique Théorique,FR,47.394840240478516,0.703980028629303
I4387152972,Laboratoire de Mathématiques de Besançon,FR,47.24878,6.01815
I4210145457,Robert Bosch (Taiwan),TW,25.04987907409668,121.53636169433594
I4210086811,Islamic Azad University Sari Branch,IR,36.56332,53.06009
I4210107562,Semyung University,KR,37.1361083984375,128.21194458007812
I4210133447,PricewaterhouseCoopers (Netherlands),NL,52.340293884277344,4.82305908203125
I4210136890,Alten (France),FR,48.835025787353516,2.2483880519866943
I4210094894,China Automotive Technology and Research Center,CN,39.1301155090332,117.27830505371094
I31766871,Sookmyung Women's University,KR,37.54600524902344,126.96452331542969
I4210150557,Science Research Laboratory,US,42.375484466552734,-71.08927154541016
I4210125245,Centro Brasileiro de Pesquisas Físicas,BR,-22.90641975402832,-43.18223190307617
I4210134032,Intelligent Energy (United Kingdom),GB,52.75979995727539,-1.2469669580459595
I106994412,Sinopec (China),CN,39.907501220703125,116.39723205566406
I4210115172,Oxford Centre for Computational Neuroscience,GB,51.76493835449219,-1.2206230163574219
I4210136471,FC Barcelona,ES,41.384429931640625,2.1683249473571777
I76513827,New York City College of Technology,US,40.695648193359375,-73.98750305175781
I4210085920,Shanghai Institute for Science of Science,CN,31.19594,121.44709
I4210134084,Institute of Engineering Science,RU,56.84833908081055,60.656288146972656
I4210135152,Roland Ernst Stiftung,DE,51.0508918762207,13.738320350646973
I75717288,Rogers (United States),US,41.69982147216797,-72.15702056884766
I4210141449,Institute of Professional Innovations,RU,55.72161865234375,37.77116394042969
I522815984,Robert Gordon University,GB,57.1436882019043,-2.098140001296997
I3131826223,The Sanskrit College and University,IN,22.56262969970703,88.363037109375
I197173980,Southeastern Louisiana University,US,30.517000198364258,-90.46800231933594
I139290212,Hofstra University,US,40.70621109008789,-73.61873626708984
I1288237921,Australian Council for Educational Research,AU,-37.84204864501953,145.06939697265625
I2801154806,Royal Institute and Observatory of the Spanish Navy,ES,36.47589874267578,-6.198170185089111
I4210118181,Alexander von Humboldt Institute for Internet and Society,DE,52.52437,13.41053
I4210116240,CHU Dijon Bourgogne,FR,47.31667,5.01667
I2800093571,TD Bank,US,39.92755126953125,-75.02849578857422
I308392441,International University of the Caribbean,JM,18.0030517578125,-76.78202056884766
I4210133503,Central University of Haryana,IN,28.269350051879883,76.15252685546875
I4210125758,Central Statistics Office,IE,51.88996505737305,-8.409248352050781
I196934937,Liaocheng University,CN,36.45064163208008,116.00247192382812
I198412221,HUN-REN Institute for Nuclear Research,HU,47.53166961669922,21.624439239501953
I3132634077,Harapan Bangsa Institute of Technology,ID,-6.8875532150268555,107.61579895019531
I14992734,Hunan University of Traditional Chinese Medicine,CN,28.198740005493164,112.97087097167969
I1297460800,Defence Research and Development Canada,CA,45.411170959472656,-75.6981201171875
I141431873,Periyar University,IN,11.71905517578125,78.07740020751953
I4210093117,"Institut für Medizinische Biometrie, Informatik und Epidemiologie",DE,50.70274353027344,7.101079940795898
I114756412,Universidad Autónoma de Ciudad Juárez,MX,31.72024,-106.46084
I4210118279,Mathematics Research Center,MX,,
I4210128773,Fondazione Eni Enrico Mattei,IT,45.48706817626953,9.144637107849121
I4210096694,Research Square (United States),US,35.997642517089844,-78.90628814697266
I2800007677,Clarendon College,US,34.944549560546875,-100.90242004394531
I4210126127,Institut d'Anàlisi Econòmica,ES,41.388790130615234,2.158989906311035
I4210163694,Instituto Valenciano de Investigaciones Económicas,ES,39.47391128540039,-0.3796600103378296
I905225518,Shanghai University of International Business and Economics,CN,31.222219467163086,121.45806121826172
I4405260628,"University of British Columbia, Okanagan Campus",CA,49.88307,-119.48568
I2800379142,Université Paris-Seine,FR,49.03645,2.07613
I86175216,École Nationale Supérieure de l'Électronique et de ses Applications,FR,49.03644943237305,2.076129913330078
I50180762,Chongqing Three Gorges University,CN,29.560260772705078,106.55770874023438
I4210089162,Northwestern Memorial Hospital,US,41.894744873046875,-87.62133026123047
I4210121626,Signal Processing (United States),US,39.080509185791016,-77.23397827148438
I70571728,Oberlin College,US,41.293941497802734,-82.21737670898438
I4210110517,Deutsche Nationalbibliothek,DE,50.11936569213867,8.649599075317383
I2801552033,Digimarc (United States),US,45.451744079589844,-122.7933120727539
I111664937,Rzeszów University of Technology,PL,50.04132080078125,21.99901008605957
I4210108023,Raipur Municipal Corporation,IN,21.236270904541016,81.63985443115234
I4210113330,Integrity Systems (United States),US,39.1083984375,-77.55271911621094
I4210138366,Johnson Foundation,US,42.78456497192383,-87.77168273925781
I64175962,China Europe International Business School,CN,31.237276077270508,121.59690856933594
I4210091733,Gesellschaft für wissenschaftliche Datenverarbeitung mbH Göttingen,DE,51.54225540161133,9.908997535705566
I4210087015,Leavitt Partners (United States),US,40.76344299316406,-111.8906021118164
I4210150515,SpringActive (United States),US,33.41637420654297,-111.97492980957031
I83860666,HEC Paris,FR,48.75909,2.16966
I4210161077,Korea Center for Disease Control and Prevention,KR,36.63959884643555,127.32926177978516
I154481106,AMS (Austria),AT,46.977073669433594,15.39401626586914
I2800465688,Hennepin County,US,44.97966766357422,-93.30362701416016
I4210145869,Center for High Pressure Science & Technology Advanced Research,CN,43.825889587402344,125.28497314453125
I4210088792,United States Army,US,38.88101,-77.10428
I4210108802,Gestione Sistemi per l’Informatica (Italy),IT,41.90578079223633,12.444294929504395
I106778892,Princess Nourah bint Abdulrahman University,SA,24.68773078918457,46.72185134887695
I75619284,Universidade Positivo,BR,-25.446666717529297,-49.358612060546875
I4210119257,University of Information Technology and Communications,IQ,33.340579986572266,44.40087890625
I72264486,University of Tabuk,SA,28.399799346923828,36.571510314941406
I2801954088,Islamic Azad University of Kermanshah,IR,34.28901290893555,47.02372741699219
I1288051870,Organisation de Coopération et de Développement Economiques,FR,48.85340881347656,2.34879994392395
I25621075,National Institute of Fashion Technology,IN,28.621370315551758,77.21479797363281
I4210150951,Shell (United States),US,29.763280868530273,-95.36327362060547
I2799600842,Durham Technical Community College,US,35.974761962890625,-78.88027954101562
I4210153136,Centre Nantais de Sociologie,FR,47.21725,-1.55336
I221180497,University of Valley Forge,US,40.13038,-75.51491
I154986956,European Centre for Medium-Range Weather Forecasts,GB,51.45624923706055,-0.9711300134658813
I4210122813,Universitas Palembang,ID,-2.992280960083008,104.7257308959961
I4392021167,Universitas Multi Data Palembang,,-2.9167299270629883,104.74579620361328
I4210093196,Sirius University of Science and Technology,RU,43.59699,39.72477
I4210151696,Quantum Science Center,US,36.32001876831055,-87.76544952392578
I4210147968,Innovative Solution In Space (Netherlands),NL,51.99005126953125,4.362829208374023
I162210093,International Rice Research Institute,PH,14.170000076293945,121.25700378417969
I4210113358,Gujarat Matikam Kalakari & Rural Technology Institute,IN,23.225200653076172,72.64122772216797
I3018882396,Victor (Japan),JP,35.48381042480469,139.65280151367188
I4210151615,Wuyi University,CN,22.599273681640625,113.08660125732422
I4403386505,Guangzhou Huali College,,23.116670608520508,113.25
I4210123850,Institute for New Media,DE,50.111358642578125,8.721413612365723
I4387154007,Digital Research Alliance of Canada,,45.411170959472656,-75.6981201171875
I126158947,Universidade Federal da Bahia,BR,-12.975629806518555,-38.49095916748047
I118826373,Tirunelveli Medical College,IN,8.711753845214844,77.75081634521484
I4210139270,UtopiaCompression (United States),US,34.039546966552734,-118.4384765625
I4210146155,Hull Lifesaving Museum,US,42.30630874633789,-70.89995574951172
I105991555,Jingdezhen Ceramic Institute,CN,29.294700622558594,117.20789337158203
I47807954,"Queensborough Community College, CUNY",US,40.75580596923828,-73.75640106201172
I4210151920,HeidelbergCement (United States),US,40.438323974609375,-79.99907684326172
I12615008,Beijing Normal University - Hong Kong Baptist University United International College,CN,22.27694,113.56778
I181679659,Shanghai University of Finance and Economics,CN,31.222219467163086,121.45806121826172
I2132711,Kutztown University,US,40.51731872558594,-75.77742004394531
I113018520,Andong National University,KR,36.56636,128.72275
I4210112335,École Supérieure Privée d'Ingénierie et de Technologies,TN,36.8601188659668,10.19336986541748
I20126385,Inonu University,TR,38.35018,38.31667
I4210140729,Institut Supérieur de Gestion de Tunis,TN,36.8189697265625,10.165789604187012
I4210165793,Laila Impex (India),IN,16.501327514648438,80.64749145507812
I2800301432,IMS Unison University,IN,30.32443,78.03392
I4210149150,Japan Center for Economic Research,JP,35.6888542175293,139.76226806640625
I125671874,National Health Service,GB,51.50853,-0.12574
I4210153752,National Cancer Registration Service,GB,52.16417694091797,0.16061100363731384
I79889768,Universidade Federal de Alagoas,BR,-9.6658296585083,-35.73527908325195
I4387152555,STIKOM Tunas Bangsa,,2.9595000743865967,99.0687026977539
I4210157013,Universitas Tunas Pembangunan,ID,-7.55611,110.83167
I4210154420,SIDN Fonds,NL,51.977142333984375,5.969122886657715
I190778170,Ofcom,GB,51.50776290893555,-0.09504599869251251
I48890080,Brandon University,CA,49.846920013427734,-99.95305633544922
I4210154060,Soraa (United States),US,37.550315856933594,-122.0631332397461
I4210157767,Jinan Military General Hospital,CN,36.6964111328125,116.98121643066406
I2799810450,Sheba Medical Center,IL,32.0487060546875,34.84511947631836
I149919469,California Polytechnic State University,US,35.28275,-120.65962
I32883739,Stamford University Bangladesh,BD,23.710399627685547,90.40744018554688
I135117807,Université de Sherbrooke,CA,45.40008,-71.89908
I4210137651,Institute of Computational Technologies,RU,55.03442,82.94339
I4210127387,Siberian Branch of the Russian Academy of Sciences,RU,55.041500091552734,82.93460083007812
I66947310,National Laboratory for Civil Engineering,PT,38.71667,-9.13333
I122205739,"National Institute of Engineering, Technology and Innovation",PT,38.770057678222656,-9.176729202270508
I4210135403,Institución Universitaria Antonio José Camacho,CO,3.471153974533081,-76.52750396728516
I13567498,Odisha University of Agriculture and Technology,IN,20.264511108398438,85.81201934814453
I2800718396,Foundation for the National Institutes of Health,US,39.01396942138672,-77.10076904296875
I1330063522,Johnson & Johnson (United States),US,40.48622131347656,-74.45182037353516
I1320320070,United States Food and Drug Administration,US,38.99067,-77.02609
I1333606569,Center for Drug Evaluation and Research,US,39.0198974609375,-76.97547149658203
I4210136064,Reliance Industries (India),IN,19.08349609375,72.87430572509766
I7589121,University of Professional Studies,GH,5.66072416305542,-0.1667499989271164
I4210150406,Institut für Soziale Arbeit,DE,51.9750862121582,7.617358207702637
I32003884,British Heart Foundation,GB,51.58256912231445,-0.025978999212384224
I4210142469,Health Data Research UK,GB,51.50853,-0.12574
I4210102214,Positron Systems (United States),US,42.862857818603516,-112.42975616455078
I75778554,Federico Santa María Technical University,CL,-33.0359992980957,-71.62963104248047
I184834183,Al-Azhar University,EG,30.06262969970703,31.249670028686523
I1304127598,Group Health Cooperative,US,47.60620880126953,-122.33206939697266
I4210089359,Instituto de Investigaciones Físicas de Mar del Plata,AR,-38.00544738769531,-57.57128143310547
I4210090141,Centre for Research and Development in Telecommunications (Brazil),BR,-22.816192626953125,-47.045143127441406
I4210146398,Minerals Technologies (United States),US,40.7504768371582,-73.975830078125
I4210115700,Kaman (United States),US,41.8591423034668,-72.70046997070312
I881441977,Los Angeles Mission College,US,34.308441162109375,-118.412841796875
I4210158069,The Wojciech Kętrzyński Northern Institute,PL,53.78128433227539,20.481388092041016
I4210150237,Dhofar University,OM,17.015050888061523,54.092369079589844
I21376657,Tanta University,EG,30.788469314575195,31.001920700073242
I165106657,Chien Hsin University of Science and Technology,TW,24.947513580322266,121.22898864746094
I4210118682,École Nationale Supérieure d'Architecture de Versailles,FR,48.80359,2.13424
I4210158569,Veritas University,NG,9.057849884033203,7.49507999420166
I4210091585,Quantum (Australia),AU,-37.74561309814453,144.9260711669922
I4210108297,All India Artisans and Craftworkers Welfare Association,IN,28.54302406311035,77.24472045898438
I4210106255,Yashwantrao Chavan Maharashtra Open University,IN,20.020740509033203,73.6910400390625
I4210167072,IBM (Brazil),BR,-23.57965087890625,-46.64910888671875
I4210086114,Center for the Neural Basis of Cognition,US,40.44613265991211,-79.95320892333984
I4210089692,Einstein Center Digital Future,DE,52.52436828613281,13.410530090332031
I1302368832,Arizona Department of Health Services,US,33.44999313354492,-112.09923553466797
I4210091433,Poughkeepsie Public Library District,US,41.70054244995117,-73.9301986694336
I3202621857,Agence française de développement,FR,48.85340881347656,2.34879994392395
I4210095171,Laboratory of Excellence for Financial Regulation,FR,48.864505767822266,2.3806750774383545
I41317344,Jiangxi Science and Technology Normal University,CN,28.6839599609375,115.85305786132812
I4210127534,Trellis Bioscience (United States),US,37.47707748413086,-122.14270782470703
I4210137453,Teddington Memorial Hospital,GB,51.426414489746094,-0.34079301357269287
I2800251467,"Istituto Nazionale di Fisica Nucleare, Galileo Galilei Institute for Theoretical Physics",IT,43.77925109863281,11.246259689331055
I2800277132,Korea Fair Trade Commission,KR,36.504150390625,127.2612075805664
I4210141363,Samsung (Russia),RU,55.676780700683594,37.58562469482422
I4210087748,St Mary's Hospital,GB,53.459442138671875,-2.225277900695801
I169351748,Bengbu Medical College,CN,32.94083023071289,117.36083221435547
I117942362,Western Illinois University,US,40.45920944213867,-90.67179870605469
I4210152629,Eastern University,BD,23.742799758911133,90.38059997558594
I4210100278,Beijing Satellite Navigation Center,CN,40.06391143798828,116.2472915649414
I4210148033,SpaceWorks Enterprises (United States),US,33.93184280395508,-84.34540557861328
I60921084,Avaya (Bermuda),BM,32.29575729370117,-64.78347778320312
I4210137298,Avaya (United States),US,37.398136138916016,-121.97740936279297
I1285420085,Hung Yen University of Technology and Education,VN,20.839380264282227,105.97407531738281
I4210128965,University Yahia Fares of Medea,DZ,36.26508331298828,2.7974610328674316
I83332908,University of Blida,DZ,36.47003936767578,2.827699899673462
I32619867,Egypt-Japan University of Science and Technology,EG,31.201759338378906,29.91581916809082
I1280600231,General Services Administration,US,38.895111083984375,-77.03636932373047
I139347817,United States Postal Service,US,38.883758544921875,-77.02647399902344
I4530042,Webb Institute,US,40.88459396362305,-73.64407348632812
I5429594,Fitchburg State University,US,42.58341979980469,-71.80229949951172
I4210090588,Ministry of Economic Affairs and Climate Policy,NL,52.0766716003418,4.298610210418701
I926137907,Marist College,US,41.6698112487793,-73.90702819824219
I203082224,Hochschule Bielefeld,DE,52.033329010009766,8.533329963684082
I17056963,The University of Kitakyushu,JP,33.851810455322266,130.850341796875
I99418890,Northwestern Polytechnic University,US,37.47809982299805,-121.92604064941406
I88910343,CSIR National Physical Laboratory of India,IN,28.635759353637695,77.22444915771484
I4210141657,Jiangsu Center for Collaborative Innovation in Geographical Information Resource Development and Application,CN,32.0549430847168,118.76494598388672
I4210145669,Shanghai Police College,CN,31.222219467163086,121.45806121826172
I4399657980,Beijing Police College,,39.907501220703125,116.39723205566406
I4210114178,Suzhou Vocational Institute of Industrial Technology,CN,31.227001190185547,120.59236145019531
I187380120,Agricultural Bank of China,CN,39.9075,116.39723
I129798099,The NorthCap University,IN,28.460100173950195,77.02635192871094
I4210141538,State Marine Technical University of St. Petersburg,RU,59.93863,30.31413
I55141112,National Defence University of Malaysia,MY,3.141200065612793,101.68653106689453
I135364568,New York Institute of Technology,CA,49.28437423706055,-123.1164779663086
I179193067,Khon Kaen University,TH,16.44671058654785,102.83300018310547
I4210108721,Ernst & Young (United Kingdom),GB,51.5047721862793,-0.0818289965391159
I164928964,Merck (Germany),DE,49.87167,8.65027
I4210112966,Instituto de Física Teórica,ES,40.416500091552734,-3.7025599479675293
I2801958098,Ansaldo (Italy),IT,44.40478,8.94439
I75028090,Fair Isaac Corporation (United States),US,37.36853790283203,-121.91858673095703
I22046295,Inner Mongolia Normal University,CN,40.8105583190918,111.6522216796875
I115498069,Jikei University School of Medicine,JP,35.66273880004883,139.7505645751953
I4210104233,China Electronics Corporation (China),CN,39.906822204589844,116.29489135742188
I4210131592,Fraunhofer USA Center for Sustainable Energy Systems,US,42.345157623291016,-71.05149841308594
I10421873,LaGuardia Community College,US,40.74361038208008,-73.93444061279297
I45292742,International Association for Dental Research,US,38.80471420288086,-77.05909729003906
I58782413,Maharaja Sriram Chandra Bhanja Deo University,IN,21.93036460876465,86.76566314697266
I4210153776,Apple (United States),US,37.323,-122.03218
I4210164146,Association pour l'Utilisation du Rein Artificiel,FR,45.824581146240234,3.143497943878174
I3130537802,Iqra National University,PK,34.007999420166016,71.5784912109375
I4210166194,Zhejiang Academy of Forestry,CN,30.217620849609375,120.02873992919922
I4210105982,Guangzhou Women and Children Medical Center,CN,23.116670608520508,113.25
I92039509,Guangzhou Medical University,CN,23.13623809814453,113.25353240966797
I4210120609,Pharmo Institute,NL,52.068477630615234,5.076747894287109
I4210123257,Konya Eğitim ve Araştırma Hastanesi,TR,37.86105728149414,32.44615936279297
I4210094062,University Medical Center of the Johannes Gutenberg University Mainz,DE,49.98419189453125,8.27910041809082
I4210127731,Canberra (United Kingdom),GB,51.57999038696289,-1.3165160417556763
I185052938,Hemwati Nandan Bahuguna Garhwal University,IN,30.221782684326172,78.78351593017578
I8616870,Southwestern University,US,30.6326904296875,-97.67723083496094
I4210134902,Epiphany Biosciences (United States),US,37.79364013671875,-122.39679718017578
I4210142027,GlobalFoundries (Germany),DE,51.12576675415039,13.713671684265137
I35496013,IIE MSA,ZA,-26.2022705078125,28.043630599975586
I4210139547,Xi'an Peihua University,CN,34.22634506225586,108.90986633300781
I92688161,Acadia University,CA,45.08345,-64.36546
I2801671727,VA Boston Healthcare System,US,42.27445983886719,-71.17176818847656
I43638361,Federal Reserve Bank of New York,US,40.70836639404297,-74.00865173339844
I4210095453,East Tallinn Central Hospital,EE,59.42817687988281,24.75745391845703
I63855395,Missouri Western State University,US,39.75993347167969,-94.79000091552734
I2800736688,Burroughs Wellcome Fund,US,35.99403,-78.89862
I4210165303,Safran (France),FR,48.85341,2.3488
I1335987611,Organisation internationale de police criminelle,FR,45.74845886230469,4.846710205078125
I4210113021,IPS Academy,IN,22.717920303344727,75.83329772949219
I198445264,Arcada University of Applied Sciences,FI,60.16952133178711,24.935449600219727
I114686714,Clarion University,US,41.21479034423828,-79.38532257080078
I160674187,China Three Gorges Corporation (China),CN,39.907501220703125,116.39723205566406
I4210142724,Centrale Marseille,FR,43.29695129394531,5.381070137023926
I198876898,Kashan University of Medical Sciences,IR,34.01850128173828,51.4059944152832
I4210145557,CD-adapco (United States),US,40.791202545166016,-73.41617584228516
I4210093643,Cancer Targeted Technology (United States),US,47.75505828857422,-122.14887237548828
I4210128307,Centro Científico Tecnológico - Tucumán,AR,-26.824140548706055,-65.22260284423828
I232641801,Universidad Torcuato Di Tella,AR,-34.61315155029297,-58.37723159790039
I4210088164,"Changchun Institute of Optics, Fine Mechanics and Physics",CN,43.88,125.32278
I72054575,Cochrane,GB,51.752220153808594,-1.2559599876403809
I4210121777,Centre National des Sciences et Technologies Nucléaires,TN,36.919288635253906,10.079495429992676
I49835588,Macao Polytechnic University,MO,22.200559616088867,113.54611206054688
I4210090671,Rostec (Russia),RU,55.710697174072266,37.57771682739258
I3970730,University of Calabar,NG,4.952487945556641,8.340627670288086
I4401726879,Agari Data (United States),,37.55855178833008,-122.27108001708984
I4210135670,Amsterdam University of the Arts,NL,52.37403106689453,4.889689922332764
I44854399,University of Southern Mississippi,US,31.327119827270508,-89.29033660888672
I4210148149,Francotyp Postalia (Germany),DE,52.489864349365234,13.339885711669922
I510634243,Sri Siddhartha Medical College,IN,13.34136,77.1022
I4210109636,NIHR Imperial Biomedical Research Centre,GB,51.50853,-0.12574
I4210154413,Institute of Group Analysis,GB,51.547367095947266,-0.17446200549602509
I4210143795,AstraZeneca (Sweden),SE,59.56682205200195,17.553089141845703
I2800139495,Science for Life Laboratory,SE,59.32938003540039,18.068710327148438
I2802335433,Aarhus University Hospital,DK,56.17031478881836,10.206476211547852
I170751988,Shanxi University of Finance and Economics,CN,37.86943817138672,112.5602798461914
I51077184,Saint Joseph's University,US,39.995277404785156,-75.2388916015625
I4210156228,Kestrel Institute,US,37.40874099731445,-122.14617919921875
I4210119947,Agder Research,NO,58.16234588623047,8.00598430633545
I4210144869,Under Armour (United States),US,39.27557373046875,-76.59101104736328
I3132208328,Rama Devi Women's University,IN,20.293262481689453,85.84182739257812
I4210119786,Cineca,IT,44.486427307128906,11.259774208068848
I4210125119,Solana Networks (Canada),CA,45.326656341552734,-75.8346939086914
I4210137398,Institut de Médecine de la Reproduction,FR,43.29695129394531,5.381070137023926
I21606457,Universidade Estadual de Feira de Santana,BR,-12.266670227050781,-38.966670989990234
I11893660,Mokpo National University,KR,34.910404205322266,126.43608093261719
I15823474,Linyi University,CN,35.06306076049805,118.34278106689453
I4210095190,Photometrics (United States),US,32.135292053222656,-110.91888427734375
I4210149962,Sanming University,CN,26.253231048583984,117.63945770263672
I2800599128,Istituto Superiore Mario Boella,IT,45.070491790771484,7.686820030212402
I4401041618,Imam Ja’afar Al-Sadiq University,,33.340579986572266,44.40087890625
I1297288678,National Renewable Energy Laboratory,US,39.75554,-105.2211
I55124834,"ICFAI University, Dehradun",IN,30.32443,78.03392
I4210149275,Public Works Department Buildings and Roads,IN,30.910686492919922,75.83673858642578
I4210152081,Naval Hospital Yokosuka Japan,JP,35.28656005859375,139.6713104248047
I192396691,University of New Orleans,US,29.95465087890625,-90.0750732421875
I199143407,Sunchon National University,KR,34.9701042175293,127.48014068603516
I83809506,University of South Alabama,US,30.694360733032227,-88.04305267333984
I56475706,Mid Sweden University,SE,62.39128875732422,17.306299209594727
I895027328,October University of Modern Sciences and Arts,EG,29.95723533630371,30.957904815673828
I4210128612,Mission College,US,37.392887115478516,-121.98214721679688
I4210143937,Hanwha Solutions (South Korea),KR,37.566001892089844,126.97840118408203
I4210134973,MRC Biostatistics Unit,GB,52.17333984375,0.14390000700950623
I4210119042,Gannan Normal University,CN,25.7906436920166,114.88821411132812
I4210139445,Khorramshahr University of Marine Science and Technology,IR,30.4407901763916,48.18428039550781
I119888943,Gonzaga University,US,47.65966033935547,-117.4290771484375
I4210162301,University of Minnesota Morris,US,45.5897216796875,-95.90277862548828
I4401726998,Fox Corporation (United States),,40.714271545410156,-74.00596618652344
I57053284,Rockwell Automation (United States),US,43.0389,-87.90647
I146183641,Spectrum Health,US,42.96335983276367,-85.6680908203125
I4210096007,Corewell Health Blodgett Hospital,US,42.96335983276367,-85.6680908203125
I4210145393,Hainan Agricultural School,CN,19.98832130432129,110.33253479003906
I44187974,Molecular Sciences Institute,US,37.87091827392578,-122.26858520507812
I4210090078,The Future University,SD,15.548489570617676,32.55475616455078
I4210165059,Hochschule für Technik und Wirtschaft Dresden – University of Applied Sciences,DE,51.0508918762207,13.738320350646973
I4210107404,Clinical Research Solutions,US,35.91988754272461,-86.81721496582031
I184531372,OsloMet – Oslo Metropolitan University,NO,59.91273,10.74609
I41125697,AgResearch,NZ,-43.65,172.48333
I4210095380,CVS Mobile (Slovenia),SI,46.07234573364258,14.544614791870117
I4210121514,GAIKER Technology Centre,ES,43.2859992980957,-2.869999885559082
I4210103903,Clinical Research Services,DE,52.52437,13.41053
I4210159561,Kryptus (Brazil),BR,-22.82994842529297,-47.07508087158203
I4210138704,Centre de Recherche en Acquisition et Traitement de l'Image pour la Santé,FR,45.76601,4.8795
I192156838,Research Institute of the Finnish Economy,FI,60.16728210449219,24.941022872924805
I4210093665,Toyota Motor Corporation (United States),US,33.83585,-118.34063
I4210151968,Hindu College of Pharmacy,IN,29.139883041381836,76.83248138427734
I31439502,University of Benghazi,LY,32.05506134033203,20.0540714263916
I4210132886,Barcelona IVI Clinic,ES,41.393585205078125,2.131726026535034
I151104398,Pokhara University,NP,28.26689,83.96851
I4210159156,System Equipment (China),CN,31.411117553710938,119.51044464111328
I105036370,AstraZeneca (United Kingdom),GB,52.2,0.11667
I4210096491,International Culture University,BD,23.766605377197266,90.42512512207031
I4210156906,Daimler (United States),US,33.749000549316406,-84.38797760009766
I150016208,BioMed Central (United Kingdom),GB,51.524620056152344,-0.11528600007295609
I4387155351,Gray's Inn,,51.50852966308594,-0.12574000656604767
I4210100550,Zhejiang DongFang Vocational and Technical College,CN,27.964948654174805,120.7503890991211
I83015752,Busan University of Foreign Studies,KR,35.26737976074219,129.07870483398438
I3129903175,Sri Sri University,IN,20.464969635009766,85.8792724609375
I4210161616,Maastro Clinic,NL,50.83629608154297,5.715083122253418
I2800191616,Maastricht University Medical Centre,NL,50.848331451416016,5.688889980316162
I4210140678,Information Systems Laboratories (United States),US,32.900299072265625,-117.19976806640625
I4210108212,Fatebenefratelli Hospital,IT,41.89083480834961,12.476943969726562
I4210098582,ZTE (China),CN,22.54553985595703,114.06829833984375
I155028946,Tribhuvan University,NP,27.70169,85.3206
I4210098826,Service de la Santé Publique,CH,46.820274353027344,7.154994010925293
I4210117836,Space Micro (United States),US,32.90427017211914,-117.1743392944336
I2801697266,FOM University of Applied Sciences for Economics and Management,DE,51.45656967163086,7.012279987335205
I91036609,Citadel,US,32.79722213745117,-79.96111297607422
I4210133132,Mannatech (United States),US,32.95969009399414,-97.02545928955078
I4210139814,Agenzia Regionale Parchi,IT,41.868839263916016,12.376436233520508
I4210145612,Office of Extramural Research,US,39.10912322998047,-77.1756820678711
I4210127657,Heidelberg Engineering (Germany),DE,49.40768051147461,8.690790176391602
I60065076,Pacific Lutheran University,US,47.25288009643555,-122.44429016113281
I53122655,Rissho University,JP,35.62109375,139.72293090820312
I4210094459,Craft Group (China),CN,22.2874813079834,114.19092559814453
I91699865,Indian Institute of Management Lucknow,IN,26.839279174804688,80.92312622070312
I185474147,Islamic University in Uganda,UG,1.08209,34.17503
I150117356,Kaiser Permanente Washington Health Research Institute,US,47.60620880126953,-122.33206939697266
I167751958,Institute of Chemical Technology,IN,19.023916244506836,72.85752868652344
I11892038,University of Nigeria,NG,6.85783,7.39577
I4210122501,Hunan Xiangdian Test Research Institute (China),CN,28.249662399291992,113.06986236572266
I4387155567,State Grid Hunan Electric Power Company Limited,,28.198740005493164,112.97087097167969
I4210104665,University of Applied Sciences Emden Leer,DE,53.36745071411133,7.207779884338379
I4210124779,National Aeronautics and Space Administration,US,38.89511,-77.03637
I89178830,National Kaohsiung University of Applied Sciences,TW,22.616260528564453,120.3133316040039
I48697060,SRC,US,43.14128112792969,-76.11681365966797
I1304082316,United States Department of the Army,US,38.88101,-77.10428
I4210106167,Marine Corps University,US,38.52262878417969,-77.3183364868164
I4210116723,Robotics Research (United States),US,39.25435256958008,-84.38371276855469
I1302368450,Environmental Protection Agency,US,38.89511,-77.03637
I94511900,Sir Padampat Singhania University,IN,24.585840225219727,73.71346282958984
I94734805,Bryan College,US,35.49396,-85.01245
I179060312,Northeast Electric Power University,CN,43.850830078125,126.5602798461914
I4210141542,Yangzhou Vocational University,CN,32.4138298034668,119.44623565673828
I4210129906,Xi’an International University,CN,34.258331298828125,108.9286117553711
I1327553481,Institut national de l’information géographique et forestière,FR,48.83864,2.41579
I4210158934,Research Organization of Information and Systems,JP,35.6895,139.69171
I3025081897,Göteborgs Stads,SE,57.725852966308594,11.901888847351074
I184759092,Lafayette College,US,40.68843078613281,-75.22073364257812
I159344633,Kansas City University,US,39.0997314453125,-94.57856750488281
I4210159515,Hồng Đức University,VN,19.77974510192871,105.77606964111328
I1323236076,Sage Bionetworks,US,47.60621,-122.33207
I1306266525,Goddard Space Flight Center,US,39.00455093383789,-76.87552642822266
I3129293551,Tarim University,CN,40.54640197753906,81.28889465332031
I154632036,Misr University for Science and Technology,EG,29.996313095092773,30.965702056884766
I79731167,Hainan Medical University,CN,19.981660842895508,110.33306121826172
I4210091848,ApprenNet (United States),US,40.08549118041992,-75.19061279296875
I4210146061,Centro de Biología Molecular Severo Ochoa,ES,40.416500091552734,-3.7025599479675293
I4210116001,Guiyang University,CN,26.583330154418945,106.71666717529297
I4401726973,Rai University,,23.025789260864258,72.58727264404297
I4210101789,University of Bydgoszcz,PL,53.13277053833008,17.991437911987305
I4210125919,Fusion (United States),US,29.76236343383789,-95.37947082519531
I4210149442,Fusion Academy,US,42.96449279785156,-85.66962432861328
I4210086678,Shanghai Urban Construction Design and Research Institute (Group),CN,31.222219467163086,121.45806121826172
I4210133484,Institute for Informatics and Automation Problems,AM,40.18111038208008,44.51361083984375
I99064381,National Academy of Sciences of Armenia,AM,40.17765,44.5126
I79946792,Muğla University,TR,37.21807,28.3665
I121800195,Manitoba Health,CA,49.89360809326172,-97.14680480957031
I2800567748,St. Boniface Hospital,CA,49.8844,-97.14704
I4210133078,Hôtel-Dieu de Paris,FR,48.85341,2.3488
I16019930,Saha Institute of Nuclear Physics,IN,22.56263,88.36304
I4210094549,VA Puget Sound Health Care System,US,47.564781188964844,-122.311767578125
I4210131957,Laboratoire des Composites Thermo Structuraux,FR,44.80565,-0.6324
I4210087815,Istituto Nanoscienze,IT,43.71410369873047,10.40910530090332
I169046204,Universidad Autónoma de Nuevo León,MX,25.741670608520508,-100.3022232055664
I4210140143,Dynamic Systems (United States),US,30.23734474182129,-97.79002380371094
I4210102012,Sci-Tech Daresbury,GB,53.34546661376953,-2.639657974243164
I1333153716,University City Science Center,US,39.9523811340332,-75.16361999511719
I4210100621,University of Fairfax,US,37.29250717163086,-79.99116516113281
I1314730391,Pennsylvania Department of Health,US,40.267452239990234,-76.88246154785156
I4210117845,University Of Information Technology,MM,16.80528,96.15611
I4210133526,Centre Azuréen de Cancérologie,FR,43.6084098815918,7.011359214782715
I4210115485,Laboratoire d'Informatique pour la Mécanique et les Sciences de l'Ingénieur,FR,48.69572067260742,2.187269926071167
I2802619606,TUM Klinikum,DE,48.13743,11.57549
I11912373,Micron (United States),US,43.6135,-116.20345
I143910747,TH Bingen University of Applied Sciences,DE,49.96675109863281,7.899199962615967
I61057504,Fujian Agriculture and Forestry University,CN,26.061389923095703,119.30610656738281
I196471810,Korea Electrotechnology Research Institute,KR,35.22806,128.68111
I4210123235,Centro de Estudos e Sistemas Avançados do Recife,BR,-8.05829906463623,-34.87178039550781
I4210147196,Auerbach Associates (United States),US,42.38389205932617,-71.16682434082031
I36738375,Hanshin University,KR,37.326942443847656,127.04138946533203
I4210142716,Shared Spectrum Company (United States),US,38.92767333984375,-77.24503326416016
I74680897,Procter & Gamble (United States),US,39.21451950073242,-84.51081848144531
I4210131107,Vivekananda Institute of Medical Sciences,IN,22.525949478149414,88.35263061523438
I2799530024,ORT Israel,IL,32.08895492553711,34.78183364868164
I126425946,Université Européenne de Bretagne,FR,48.11198043823242,-1.6742899417877197
I4210120856,University College of Nabi Akram,IR,38.08000183105469,46.291900634765625
I63970466,Tabriz Islamic Arts University,IR,38.072025299072266,46.29478454589844
I79463011,Analysis Group (United States),US,42.34674835205078,-71.08192443847656
I4210136304,Chelsea and Westminster Hospital,GB,51.485286712646484,-0.18240100145339966
I143601524,Public Authority for Applied Education and Training,KW,29.369720458984375,47.978328704833984
I2699952,Pontifícia Universidade Católica do Rio de Janeiro,BR,-22.90642,-43.18223
I4210145119,PharmacoGenetics (China),CN,22.398569107055664,114.19168853759766
I4210146983,Children's Healthcare of Atlanta,US,33.749000549316406,-84.38797760009766
I1289895318,Norwegian Institute of International Affairs,NO,59.916053771972656,10.741043090820312
I2799533726,Dr. Balasaheb Sawant Konkan Krishi Vidyapeeth,IN,17.75008773803711,73.18057250976562
I10627620,Kogi State University,NG,7.68967,7.0438
I4403928349,"Kogi State College of Education, Ankpa",,7.448480129241943,7.631740093231201
I4210117840,Institut de Biologie Valrose,FR,43.70313,7.26608
I193555791,Delta State University,NG,5.7916998863220215,6.098700046539307
I4210116828,Mudanjiang Normal University,CN,44.548038482666016,129.62594604492188
I2800921988,Institut Pasteur de Lille,FR,50.63391,3.05512
I4210137482,Applied Logic Laboratory (Hungary),HU,47.515499114990234,19.012462615966797
I2799681489,Ministère des Armées,FR,48.85340881347656,2.34879994392395
I3129390127,University of Bouira,DZ,36.3748893737793,3.9019999504089355
I4210105462,Lusíada University of Lisbon,PT,38.72509,-9.1498
I4210159538,Mouloud Mammeri University of Tizi-Ouzou,DZ,36.71181869506836,4.045909881591797
I4210114081,Korea Kacoh (South Korea),KR,37.48896026611328,126.89799499511719
I47844,Al Akhawayn University,MA,31.70216941833496,-6.349400043487549
I45164037,Shah Abdul Latif University,PK,27.494041442871094,68.75945281982422
I4210140445,MRC Institute of Hearing Research,GB,52.9536018371582,-1.1504700183868408
I3018710136,Dumlupinar University,TR,39.424171447753906,29.98332977294922
I1316910977,DuPont (United States),US,39.74595,-75.54659
I6033180,University of Duhok,IQ,36.867088317871094,42.98844909667969
I214977574,University Canada West,CA,49.24966,-123.11934
I4210147868,La Jolla Pharmaceutical (United States),US,32.874691009521484,-117.2064208984375
I4210112005,Prime University,BD,23.7104,90.40744
I210557978,Lunenfeld-Tanenbaum Research Institute,CA,43.65754318237305,-79.3907241821289
I4210147761,Bundesdruckerei (Germany),DE,52.50749969482422,13.401389122009277
I216286881,Botswana International University of Science and Technology,BW,-22.546049118041992,27.125070571899414
I123698207,Fountain University,NG,7.743961811065674,4.545907020568848
I1306486109,Dublin Institute For Advanced Studies,IE,53.33306121826172,-6.248889923095703
I2799950917,Montreal Children's Hospital,CA,45.4887809753418,-73.58209228515625
I4210108356,National Enterprise for NanoScience and NanoTechnology,IT,43.70853042602539,10.403599739074707
I4210147463,National Employment Savings Trust,GB,51.504737854003906,-0.021953999996185303
I172828483,University of Sri Jayewardenepura,LK,6.93548,79.84868
I4210139069,Computer Technology Associates (United States),US,39.082794189453125,-77.16972351074219
I161140089,Susquehanna University,US,40.79896926879883,-76.86219024658203
I204409756,Middle East College,OM,23.584129333496094,58.407779693603516
I4210162703,North Atlantic Treaty Organization,BE,50.85044860839844,4.348780155181885
I2802827176,Dignity Health,US,37.77653884887695,-122.39203643798828
I4210136114,Laboratoire Charles Fabry,FR,48.71828079223633,2.249799966812134
I4391767749,State Key Laboratory of Mobile Networks and Mobile Multimedia Technology,,32.061668395996094,118.77777862548828
I75746372,ZTE (United States),US,32.94818115234375,-96.72972106933594
I1316902750,Cleveland Clinic,US,41.4995,-81.69541
I2799849604,Cleveland Foundation,US,41.500858306884766,-81.6812515258789
I4391767997,Hausdorff Center for Mathematics,,50.73438,7.09549
I4210121101,München Klinik,DE,48.184906005859375,11.576168060302734
I4210158487,Technical College of Applied Sciences,RS,45.37812805175781,20.38213348388672
I118702644,St. Jerome's University,CA,43.46916580200195,-80.5455551147461
I4210161373,Stowarzyszenie Radość Życia,PL,50.8247184753418,16.26271629333496
I4210138380,Qatar Cardiovascular Research Center,QA,25.391647338867188,51.515567779541016
I193198326,Montana State University Billings,US,45.79691696166992,-108.52220153808594
I4210090535,Renewable Energy Systems (United Kingdom),GB,51.70905685424805,-0.4372279942035675
I4210087104,"École Supérieure des Multimédia, Informatique & Réseaux",MA,33.581790924072266,-7.6104350090026855
I2801484278,Odense Municipality,DK,55.40169906616211,10.391244888305664
I4210112433,St. Joseph Dental College,IN,16.7390079498291,81.06222534179688
I4210100943,Centre de Recherche en Sciences et Technologies de l'Information et de la Communication,FR,49.2652587890625,4.028530120849609
I96226040,Université de Reims Champagne-Ardenne,FR,49.26526,4.02853
I49278261,Assam University,IN,24.82733,92.79787
I2802705668,United States Army Combat Capabilities Development Command,US,39.466861724853516,-76.13066101074219
I146840658,University of Azad Jammu and Kashmir,PK,34.37422180175781,73.469970703125
I904467727,Himachal Pradesh University,IN,31.11113929748535,77.14120483398438
I141450709,Monmouth University,US,40.29039001464844,-74.01763916015625
I3020488725,Vali Asr University of Rafsanjan,IR,30.389530181884766,55.921932220458984
I4210107408,New York Proton Center,US,40.804779052734375,-73.93406677246094
I4210145991,Centre de recherche cerveau et cognition,FR,43.60426,1.44367
I83579964,Széchenyi István University,HU,47.68333053588867,17.635120391845703
I57589565,Reutlingen University,DE,48.49143981933594,9.204270362854004
I4210151294,Shandong Women’s University,CN,36.668331146240234,116.99722290039062
I135218257,Swiss Center for Electronics and Microtechnology (Switzerland),CH,46.991790771484375,6.931000232696533
I4210141379,ICZ (Czechia),CZ,50.05169677734375,14.430649757385254
I4210127765,IMA (Italy),IT,44.44427,11.47552
I2801479458,Engineering School of Information and Digital Technologies,FR,48.79389953613281,2.359920024871826
I4210105197,Ministry of Agriculture & Farmers Welfare,IN,28.635759353637695,77.22444915771484
I147554453,University of Bedfordshire,GB,51.879669189453125,-0.4174799919128418
I4210093005,"Workplace Health, Safety and Compensation Commission",CA,47.57693862915039,-52.6904411315918
I4210136305,Institute on Aging,US,37.77492904663086,-122.41941833496094
I4210124060,Schweizerische Ärztegesellschaft für Psycholytische Therapie,CH,47.20796203613281,7.5377678871154785
I4210116220,TechnoServe,US,38.895111083984375,-77.03636932373047
I47818738,Sultan Qaboos University,OM,23.584129333496094,58.407779693603516
I4210154214,Royal Preston Hospital,GB,53.79148483276367,-2.7089450359344482
I4210093075,PQ Corporation (Canada),CA,43.741668701171875,-79.37333679199219
I4210124140,CAS Key Laboratory of Urban Pollutant Conversion,CN,24.607934951782227,118.06266784667969
I11385950,National Council for Scientific and Technological Development,BR,-15.77972,-47.92972
I2802782265,"Fondazione ""Ugo Bordoni""",IT,41.89193,12.51133
I4210092518,Pentum Group (United States),US,37.47943878173828,-121.94486999511719
I1335927249,United States Department of the Interior,US,38.895111083984375,-77.03636932373047
I12789410,Ahmadu Bello University,NG,11.11128044128418,7.722700119018555
I4210118538,University of Petroleum,ID,-7.774059772491455,110.41729736328125
I915464482,Fafo Foundation,NO,59.9127311706543,10.746089935302734
I4210157222,William P. Wharton Trust,US,42.35649108886719,-71.05176544189453
I4394709267,Israel Institute,,38.895111083984375,-77.03636932373047
I74750888,Lithuanian Academy of Sciences,LT,54.68916,25.2798
I4210142784,Kingfisher (United Kingdom),GB,51.523773193359375,-0.13322000205516815
I4210087454,Augusta University Health,US,33.47114562988281,-81.98999786376953
I39854758,Auckland University of Technology,NZ,-36.853233337402344,174.76649475097656
I4210093981,Agricultural Information Institute,CN,39.95816421508789,116.3275375366211
I4210151987,Ministry of Agriculture and Rural Affairs,CN,39.9075,116.39723
I4210158486,ITT (United States),US,41.011634826660156,-73.72733306884766
I1320481043,European Union,BE,50.85045,4.34878
I4210164580,National Astronomical Observatories,CN,40.00466537475586,116.38436889648438
I4210097295,Vital Research,US,34.06371307373047,-118.36811065673828
I4210158618,Adelphi Laboratory Center,US,39.03001022338867,-76.9638442993164
I75354592,Federal Trade Commission,US,38.892887115478516,-77.02115631103516
I88273585,Universidade Federal de São Paulo,BR,-23.547500610351562,-46.6361083984375
I4210088001,Identity,US,39.14344,-77.20137
I4210097986,"National Museum Institute of the History of Art, Conservation and Museology",IN,28.604354858398438,77.2115707397461
I48071105,Anstalt für Verbrennungskraftmaschinen List,AT,47.06667,15.45
I880058466,Zebra Technologies (United States),US,42.187076568603516,-87.93189239501953
I4210159272,"Islamic Azad University, Yazd",IR,31.839229583740234,54.349971771240234
I4210145406,Islamic Azad University Maybod,IR,32.19071960449219,54.03692626953125
I4401726748,V.F. Corporation (United States),,39.73915100097656,-104.98470306396484
I4210090857,Schlumberger (United States),US,29.76328,-95.36327
I4210133602,Instituto de Biomedicina de Sevilla,ES,37.38283157348633,-5.973169803619385
I4210127441,Indian Institute of Technology Jammu,IN,32.73528,74.86167
I4210091132,Krishna Institute of Medical Sciences,IN,17.50427,78.54263
I4210160903,HES-SO Vaud,CH,,
I4210161647,Institute for Disease Modeling,US,47.582618713378906,-122.15332794189453
I4210135437,Johnson & Johnson (Israel),IL,32.082271575927734,34.81064987182617
I4210116497,"Istituto Nazionale di Fisica Nucleare, Sezione di Catania",IT,37.49223,15.07041
I1342728388,Strong Memorial Hospital,US,43.122650146484375,-77.62364196777344
I4210143999,Research Institute in Science of Cyber Security,GB,51.50852966308594,-0.12574000656604767
I187476118,Saint Louis University,ES,40.416500091552734,-3.7025599479675293
I4210162709,Denso (Germany),DE,51.12120056152344,6.211679935455322
I113026633,Grand Rapids Community College,US,42.967472076416016,-85.66668701171875
I34931013,National Institute for Health and Care Research,GB,51.50853,-0.12574
I4210151791,Genomics (United Kingdom),GB,51.75258255004883,-1.2669517993927002
I196051555,Shahid Chamran University of Ahvaz,IR,31.31900978088379,48.684200286865234
I165737746,Tomas Bata University in Zlín,CZ,49.2264518737793,17.670650482177734
I4387152933,Sri Lanka Technological Campus,,6.840799808502197,80.0896987915039
I4210139412,University of Southampton Malaysia,MY,1.4307600259780884,103.61164093017578
I870124129,Mount Royal University,CA,51.05011,-114.08529
I4210103904,Tourism College of Zhejiang,CN,30.243600845336914,120.3014907836914
I4210107718,Northern Research Station,US,43.07305145263672,-89.40122985839844
I4210100052,Northern California Research,US,38.635887145996094,-121.38065338134766
I4210116669,Château Gombert,FR,43.351497650146484,5.439976215362549
I245308123,State University of Padang,ID,-0.9492400288581848,100.3542709350586
I34574549,National Taichung University of Education,TW,24.143756866455078,120.67182922363281
I4210114239,Department of Health,TW,25.03782081604004,121.56377410888672
I908025542,Polytechnic José Antonio Echeverría,CU,23.05500030517578,-82.4161148071289
I200859690,Universiti Teknologi Brunei,BN,4.89035,114.94006
I102471911,Jiwaji University,IN,26.22983,78.17337
I4210118898,National IT industry Promotion Agency,KR,37.49397659301758,127.12078094482422
I4210114193,Cybernet Systems Corporation (United States),US,42.23220443725586,-83.74659729003906
I180857899,Pfizer (United States),US,40.71427,-74.00597
I4210137805,Victoria School of Management,CH,46.99680709838867,6.935996055603027
I2753814022,China University of Science and Technology,TW,25.03274917602539,121.609375
I4210096398,Fraunhofer Institute for Production Technology IPT,DE,50.77664,6.08342
I197610006,University of Lagos,NG,6.454070091247559,3.394670009613037
I35409948,Harish-Chandra Research Institute,IN,25.411094665527344,81.9090576171875
I166937679,Shenkar College of Engineering and Design,IL,32.08227,34.81065
I4210160469,Ciena (Canada),CA,45.35213851928711,-75.8542251586914
I4210107461,Capital Meeting Planning,US,38.80378723144531,-77.33707427978516
I179150554,Guntur Medical College,IN,16.29827308654785,80.43827056884766
I4210144088,Universidad Técnica de Ambato,EC,-1.249079942703247,-78.61675262451172
I27031042,University of Mines and Technology,GH,5.303830146789551,-1.9895600080490112
I4210116999,Alanya Hamdullah Emin Pasa University,TR,36.54375,31.99982
I15807432,Osaka Prefecture University,JP,34.58332824707031,135.4666748046875
I4210113529,Jožef Stefan International Postgraduate School,SI,46.05108,14.50513
I4210106966,Centre Hospitalier d'Orsay,FR,48.69572,2.18727
I4210140792,Universidad Católica Santo Domingo,DO,18.471860885620117,-69.89231872558594
I4210155929,National University of Medical Sciences,PK,33.597801208496094,73.04290008544922
I2799810409,Hospital of the University of Pennsylvania,US,39.94988250732422,-75.1931381225586
I184654094,Fayetteville State University,US,35.05266189575195,-78.87835693359375
I2802697700,Sheffield City Council,GB,53.35674285888672,-1.3700710535049438
I144094060,MorphoSys (Germany),DE,48.106719970703125,11.424830436706543
I87552059,Hood College,US,39.414268493652344,-77.41053771972656
I4210099069,Institute of Acoustics,CN,39.907501220703125,116.39723205566406
I4210121851,Seth Research Foundation,IN,28.466327667236328,77.10027313232422
I4210101388,Health Sciences and Nutrition,AU,-34.92742919921875,138.5998992919922
I258063972,Kiryu University,JP,36.44492,139.28448
I4210113189,Bangladesh Bank,BD,23.7104,90.40744
I4210086966,Open Targets,GB,52.198822021484375,0.049947600811719894
I2801317473,Miller College,US,42.33300018310547,-85.17900085449219
I198089087,Ball State University,US,40.19337844848633,-85.38636016845703
I71637028,University of Brighton,GB,50.8283805847168,-0.13946999609470367
I21234101,Thiagarajar College of Engineering,,9.918999671936035,78.1195297241211
I4210153527,Institut National des Postes et Télécommunications,MA,34.01325,-6.83255
I34809795,Medizinische Hochschule Hannover,DE,52.37052,9.73322
I1320473756,The Royal Melbourne Hospital,AU,-37.81399917602539,144.96331787109375
I126548940,Delaware State University,US,39.187110900878906,-75.54206848144531
I4210126659,Poornima University,IN,26.919620513916016,75.78781127929688
I117381506,Thiruvalluvar University,IN,12.9184,79.13255
I179525631,Cerner (United States),US,39.150489807128906,-94.54519653320312
I4210155545,Chang Hua Hospital,TW,23.950660705566406,120.527099609375
I36443711,Magna Graecia University,IT,38.882469177246094,16.600860595703125
I4210159388,"Centre for Science, Society and Citizenship",IT,41.89463806152344,12.471760749816895
I4210098235,Architecture Technology Corporation (United States),US,44.87068557739258,-93.40279388427734
I4210160215,Centre de Physique Théorique,FR,43.29695,5.38107
I101840525,Piri Reis University,TR,41.01383972167969,28.94965934753418
I46980622,Kyoto Seika University,JP,35.07368469238281,135.7701873779297
I2801357902,Instituto de Salud Carlos III,ES,40.416500091552734,-3.7025599479675293
I4210106006,Unidad de Investigación en cuidados y servicios de salud (Investén-isciii),ES,40.416500091552734,-3.7025599479675293
I4387155590,ICT University,,3.8666698932647705,11.516670227050781
I91090688,University of Science and Technology Chittagong,BD,22.33839988708496,91.83168029785156
I2800235745,Florida Department of Health in Orange County,US,28.538339614868164,-81.37924194335938
I37355250,Saint-Petersburg State University of Telecommunications,RU,59.93863,30.31413
I2960094004,Hospital General Universitario Gregorio Marañón,ES,40.4165,-3.70256
I187986737,Collège de France,FR,48.85341,2.3488
I4210110267,Société Géologique de France,FR,48.841426849365234,2.3433990478515625
I5593406,Universitat Ramon Llull,ES,41.38879,2.15899
I47652572,La Salle University,US,40.039432525634766,-75.15519714355469
I100538780,Wesleyan University,US,41.562320709228516,-72.65065002441406
I4210152683,Self-Defense Forces Central Hospital,JP,35.64509582519531,139.68460083007812
I4210136418,Institut National Polytechnique Félix Houphouët-Boigny,CI,6.831742763519287,-5.266718864440918
I4210162439,"MIT Art, Design and Technology University",IN,18.519569396972656,73.8553466796875
I4210138580,Zhejiang Institute of Science and Technology Information,CN,30.313526153564453,120.35755157470703
I4210115570,National Space Science Center,CN,39.907501220703125,116.39723205566406
I178450904,National University of Distance Education,ES,40.4165,-3.70256
I173755004,Universidad Michoacana de San Nicolás de Hidalgo,MX,19.70078,-101.18443
I4210111434,Korea Institute of Machinery & Materials,KR,36.34913,127.38493
I26489229,Louisiana State University in Shreveport,US,32.525150299072266,-93.75018310546875
I4210127461,Social Security Office (Thailand),TH,13.749707221984863,100.49654388427734
I4210116886,Chongqing Vocational Institute of Engineering,CN,29.560260772705078,106.55770874023438
I4210091790,Dulbecco Telethon Institute,IT,41.89193,12.51133
I4210119985,Kratos Defense & Security Solutions (United States),US,32.901153564453125,-117.25039672851562
I4210153921,Guangzhou Medical University Cancer Hospital,CN,23.146629333496094,113.29375457763672
I79884896,University of Illinois at Springfield,US,39.801719665527344,-89.64370727539062
I137543953,Telecom Italia (Italy),IT,41.891929626464844,12.511329650878906
I40279923,Islamic University,BD,23.721200942993164,89.15039825439453
I4210086765,Aerospace Research Institute,IR,35.763126373291016,51.37826919555664
I4210086920,"Ministry of Science, Research and Technology",IR,35.69439,51.42151
I4210158113,Changzhou Architectural Research Institute Group (China),CN,31.770626068115234,119.93527221679688
I4210160779,Institute of New Materials,CN,36.668331146240234,116.99722290039062
I51768193,Royal Military College of Canada,CA,44.229759216308594,-76.4809799194336
I4210120608,Seoil University,KR,37.5866813659668,127.09770965576172
I4210137396,Centre de Recherche en Économie et Statistique,FR,48.71828,2.2498
I4210147464,Laboratoire de Probabilités et Modèles Aléatoires,FR,48.85341,2.3488
I84009706,ENSAE Paris,FR,48.71828,2.2498
I139325414,University of Central Oklahoma,US,35.652828216552734,-97.47810363769531
I4210156471,Virginia Transportation Research Council,US,38.0293083190918,-78.47667694091797
I4387153399,University of Batna 2,,35.55596923828125,6.174139976501465
I4210119561,Digital Research Centre of Sfax,TN,34.8389892578125,10.756543159484863
I4210131997,Dalian Neusoft University of Information,CN,38.9122200012207,121.60221862792969
I149251103,Thomas Jefferson University,US,39.9523811340332,-75.16361999511719
I858669146,Jefferson College,US,38.23228,-90.5629
I104588304,University of Szczecin,PL,53.42893981933594,14.553019523620605
I56303344,Aselsan (Turkey),TR,39.96731948852539,32.76505661010742
I146071755,Kunming University,CN,24.977222442626953,102.79444122314453
I4210120659,Addiction Research Foundation,US,33.45480728149414,-86.73310852050781
I4210145268,Hospital das Clínicas da Faculdade de Medicina da Universidade de São Paulo,BR,-23.5475,-46.63611
I4210123477,Kyungdong University,KR,38.250858306884766,128.5554962158203
I4210109451,Tower Semiconductor (Israel),IL,32.68894577026367,35.24967956542969
I28490864,DSO National Laboratories,SG,1.2892600297927856,103.78855895996094
I11123151,Northwest Missouri State University,US,40.351600646972656,-94.875732421875
I2801024494,HCA Healthcare,US,36.16589,-86.78444
I4210142917,IS Instruments (United Kingdom),GB,51.190711975097656,0.2841790020465851
I4210131323,University of Asia Pacific,BD,23.710399627685547,90.40744018554688
I4210119759,Essen University Hospital,DE,51.45656967163086,7.012279987335205
I3133096382,Multimedia Nusantara University,ID,-6.178060054779053,106.62999725341797
I4210147828,Plant Integrity (United Kingdom),GB,52.11748123168945,0.22236399352550507
I4210151618,National Hospital for Neurology and Neurosurgery,GB,51.52226257324219,-0.12202999740839005
I2801987317,VA Office of Research and Development,US,38.90089797973633,-77.03517150878906
I4400600923,Odisha University of Technology and Research,,20.272409439086914,85.83384704589844
I83519826,Nanjing Medical University,CN,32.061668395996094,118.77777862548828
I4390039327,Faculty of Electrical Engineering and Computing in Zagreb,HR,45.81444,15.97798
I2801356230,Thales (Australia),AU,-33.86785,151.20732
I4210128969,Alphabet (United States),US,37.38605,-122.08385
I4210087053,Microsoft (Germany),DE,48.126953125,11.59141731262207
I4210097265,Azienda Ospedaliero Universitaria San Giovanni Battista,IT,45.03624725341797,7.673999786376953
I4210095037,Cavium (United States),US,37.33709716796875,-121.89161682128906
I1311269955,Apple (Israel),IL,32.16218948364258,34.84537887573242
I4210120144,Beijing Jingshida Electromechanical Equipment Research Institute,CN,39.904842376708984,116.39827728271484
I122754148,SAS Institute (United States),US,35.82869338989258,-78.76713562011719
I1323121030,Bialystok University of Technology,PL,53.133331298828125,23.164329528808594
I1283026217,Home Office,GB,51.49585723876953,-0.12994800508022308
I910567637,St. John Fisher College,US,43.116111755371094,-77.51166534423828
I2800117799,Kirtland Air Force Base,US,35.08449172973633,-106.65113830566406
I12093191,University of Stirling,GB,56.1190299987793,-3.9368200302124023
I152014189,"Minnesota State University, Mankato",US,44.159061431884766,-94.00914764404297
I110774718,Univerzitet u Novom Pazaru,RS,43.15615463256836,20.53078842163086
I4210146719,Central Compilation & Translation Bureau,CN,39.91533279418945,116.37431335449219
I4210091104,Saaten Union (Germany),DE,52.48423767089844,9.810209274291992
I297664341,Kohler (New Zealand),NZ,-36.77359390258789,174.7364959716797
I2800373951,Sree Chitra Thirunal Institute for Medical Sciences and Technology,IN,8.521026611328125,76.9264907836914
I35870678,University of Northampton,GB,52.25,-0.8833299875259399
I4210140554,Digital Catapult (United Kingdom),GB,51.5290412902832,-0.12755200266838074
I139858224,M.J.P. Rohilkhand University,IN,28.366779327392578,79.43167114257812
I900890020,University of Palermo,IT,38.116600036621094,13.36359977722168
I4210131585,IBM (Belgium),BE,50.878028869628906,4.431448936462402
I124261462,Oxford Brookes University,GB,51.752220153808594,-1.2559599876403809
I43777268,Nagasaki University,JP,32.75,129.88333129882812
I51532219,University of Lincoln,GB,53.226829528808594,-0.5379199981689453
I78613837,Institute of Technical Education,SG,1.28967,103.85007
I90727586,Zhejiang University of Finance and Economics,CN,30.293649673461914,120.16142272949219
I1288283403,Georgia Tech Lorraine,FR,49.10221862792969,6.215134143829346
I4210089931,Georgia Tech-CNRS Laboratory,FR,49.11911,6.17269
I4210099111,Association of the Technological Integrated Systems Laboratory,BR,-23.567432403564453,-46.70146179199219
I4210096134,Universidade Politecnica,MZ,-25.96260643005371,32.58409118652344
I186246823,University of Lucknow,IN,26.83928,80.92313
I4210091207,Singapore Institute of Manufacturing Technology,SG,1.3486659526824951,103.68156433105469
I4210088238,Proximus (Belgium),BE,50.84984588623047,4.350639820098877
I4210152758,Institute of Atmospheric Physics,CN,39.907501220703125,116.39723205566406
I98435010,Lviv Polytechnic National University,UA,49.83555603027344,24.01472282409668
I4210135186,MIREA - Russian Technological University,RU,55.752220153808594,37.61555862426758
I3130046622,Yobe State University,NG,11.747796058654785,11.96595573425293
I4210149147,Matson & Associates,US,40.79556655883789,-77.85535430908203
I2801716884,Central Policy Unit,CN,22.281200408935547,114.1660385131836
I4210132883,IQ Samhällsbyggnad,SE,59.32938,18.06871
I4210115145,"University of Minnesota, Duluth",US,46.818294525146484,-92.08257293701172
I4210147760,Wuhu Institute of Technology,CN,31.352590560913086,118.4294662475586
I188730046,Vytautas Magnus University,LT,54.9027214050293,23.909610748291016
I2801187332,Accademia Nazionale dei Lincei,IT,41.893287658691406,12.466793060302734
I55654194,Inner Mongolia University of Technology,CN,40.8105583190918,111.6522216796875
I4210147272,Noack Laboratorien (Germany),DE,52.24158477783203,9.854657173156738
I91950636,Unisys (United States),US,40.14211654663086,-75.28697967529297
I4210087423,Daqing City People's Hospital,CN,46.58021545410156,125.16758728027344
I207776796,Overseas Chinese University,TW,24.18914031982422,120.64410400390625
I1318643470,Union Hospital,CN,22.360681533813477,114.17512512207031
I1284351223,Conference Board,US,40.75664138793945,-73.9698486328125
I4210126787,Andhra Pradesh Forest Department,IN,13.656234741210938,79.4208755493164
I1330989302,United States Department of Energy,US,38.89511,-77.03637
I4210145783,Universitas Budi Luhur,ID,-6.214620113372803,106.84513092041016
I4210100848,Ministry of Justice,EE,59.43695831298828,24.753530502319336
I4210103805,Great Wall Motors (China),CN,38.816123962402344,115.4659652709961
I4210117818,Hexi University,CN,38.93416976928711,100.45166778564453
I173268674,Texas A&M University System,US,30.62798,-96.33441
I2801793805,Milton Keynes Hospital,GB,52.02668762207031,-0.7354779839515686
I4210107416,Roche (France),FR,48.88473129272461,2.3466498851776123
I4210103398,Bedford Research Foundation,US,42.485435485839844,-71.277099609375
I1343028186,United States Fish and Wildlife Service,US,38.89511,-77.03637
I4210155526,Institute for Telematics,DE,49.75810241699219,6.650763988494873
I4210134795,Fortiss,DE,48.137428283691406,11.57548999786377
I4210144876,Duke University Health System,US,35.9940299987793,-78.89862060546875
I124618812,Mathematics Research Center,MX,21.018579483032227,-101.25910186767578
I99434035,University of Wales Trinity Saint David,GB,51.62078857421875,-3.943229913711548
I2802674826,Karen Hospital,KE,-1.28333,36.81667
I4210103801,Institute for Matching Person and Technology,US,43.2122917175293,-77.42999267578125
I96845813,State Optical Institute named after SI Vavilov,RU,59.944034576416016,30.29546546936035
I4210161496,A*STAR Graduate Academy,SG,1.3042750358581543,103.79193115234375
I217937681,QIMR Berghofer Medical Research Institute,AU,-27.467939376831055,153.02809143066406
I68812265,Anderson University - South Carolina,US,34.503440856933594,-82.65013122558594
I71815811,Ball (France),FR,51.03479766845703,2.3756980895996094
I47151758,National University of Uzbekistan,UZ,41.2646484375,69.21627044677734
I4403928195,Library and Archives Northern Territory,,-12.461130142211914,130.8418426513672
I4210116144,Chongqing University of Education,CN,29.560260772705078,106.55770874023438
I191969501,National Taipei University of Nursing and Health Science,TW,25.11783218383789,121.51988983154297
I4210126368,Institut de Recherche Dupuy de Lôme,FR,47.74817,-3.37177
I2801260548,Finnish Defence Forces,FI,60.16952133178711,24.935449600219727
I123127086,North Carolina Central University,US,35.9940299987793,-78.89862060546875
I4210134935,Asklepios Klinik Langen,DE,49.99929428100586,8.683956146240234
I4210100789,Wuhan College,CN,30.407272338867188,114.29309844970703
I113686770,Instituto Tecnológico y de Estudios Superiores de Occidente,MX,20.64090919494629,-103.29326629638672
I4210147660,Bibliothèque Nationale de France,FR,48.85340881347656,2.34879994392395
I126452172,Aptiv (United States),US,42.6055908203125,-83.14993286132812
I4210155932,Changhong (China),CN,31.463300704956055,104.69699096679688
I4210103242,Daegu Arts University,KR,36.03308868408203,128.51011657714844
I4210086028,Technology and Engineering Center for Space Utilization,CN,40.070655822753906,116.2811050415039
I113198587,National Institute of Genetics,JP,35.116668701171875,138.9166717529297
I4210102181,Mallinckrodt (United States),US,38.77143859863281,-90.3709487915039
I83240208,British Medical Association,GB,51.50852966308594,-0.12574000656604767
I161237661,Lahore College for Women University,PK,31.558000564575195,74.3507080078125
I244992198,Osaka University of Commerce,JP,34.6666374206543,135.58480834960938
I202483615,National Technical University of Ukraine “Igor Sikorsky Kyiv Polytechnic Institute”,UA,50.45465850830078,30.523799896240234
I45998257,Sohar University,OM,24.347450256347656,56.70936965942383
I90435624,TXT e-solutions (Italy),IT,45.517879486083984,9.22237491607666
I87547150,Southern Illinois University Edwardsville,US,38.79339599609375,-89.99776458740234
I1102219,Tarumanagara University,ID,-6.21462,106.84513
I4210090209,Institute of Microelectronics,SG,1.2895560264587402,103.7793197631836
I198667473,Chodang University,KR,34.977779388427734,126.4727783203125
I4210165206,Azienda Ospedaliera Carlo Poma,IT,45.21112060546875,10.780115127563477
I292310028,San Raffaele University of Rome,IT,41.89306640625,12.403341293334961
I161515732,University of St. Thomas - Minnesota,US,44.94440841674805,-93.09326934814453
I4210119445,Princess Margaret Hospital,NZ,-43.57079315185547,172.620849609375
I3017965041,Medical University of Ilam,IR,33.63740158081055,46.422698974609375
I4210150043,CSC - IT Center for Science (Finland),FI,60.2052,24.6522
I4210110868,Mahendra Institute of Management and Technical Studies,IN,20.199918746948242,85.66056823730469
I144926016,Polytechnic Institute of Castelo Branco,PT,39.82219,-7.49087
I4210127182,International Center for Numerical Methods in Engineering,ES,41.388790130615234,2.158989906311035
I4210123059,St George Hospital,AU,-33.966800689697266,151.13409423828125
I4210095787,NOAA National Weather Service,US,38.99066925048828,-77.02609252929688
I294845491,Technical University of Mombasa,KE,-4.054659843444824,39.66358947753906
I4387152622,(ISC)²,,27.965850830078125,-82.80010223388672
I158133745,MGH Institute of Health Professions,US,42.3748664855957,-71.05406951904297
I4210122545,Center for Assessment,US,43.20302963256836,-70.87702941894531
I4210102737,Khwaja Fareed University of Engineering and Information Technology,PK,28.419870376586914,70.30345153808594
I4210148067,Total Quality Systems (United States),US,41.189353942871094,-112.02528381347656
I4210127351,Cisco Systems (Canada),CA,53.550140380859375,-113.46871185302734
I76198965,Friedrich Schiller University Jena,DE,50.92878,11.5899
I2801845744,Toronto General Hospital,CA,43.700111389160156,-79.41629791259766
I4210159772,AMIS - Laboratoire d'anthropologie moléculaire et imagerie de synthèse,FR,43.60426,1.44367
I4210100942,Tri-Institutional PhD Program in Chemical Biology,US,40.76527786254883,-73.95769500732422
I6026837,Tuskegee University,US,32.42414855957031,-85.69096374511719
I3129492623,University of Da Nang,VN,16.06778,108.22083
I159060422,Alliant Techsystems (United States),US,38.88100814819336,-77.10427856445312
I1310439424,Accenture (Switzerland),CH,47.36879348754883,8.541092872619629
I4210143651,Northern Technical University,IQ,36.376922607421875,43.150150299072266
I4210106857,Caisse des Dépôts et Consignations,FR,48.85340881347656,2.34879994392395
I4210153853,Fujitsu (United Kingdom),GB,51.54632568359375,-0.19015200436115265
I4387152840,Kebri Dehar University,,7.0,44.0
I4210107262,Amhara Agricultural Research Institute,ET,11.59364,37.39077
I4210138061,Research Institute of Health Sciences,ES,39.641353607177734,2.6455628871917725
I4387155724,Laboratoire d'Informatique de Bourgogne,FR,47.31667,5.01667
I4210106036,Historical Archives,HU,47.505157470703125,19.0656795501709
I4387156359,South East Technological University,IE,52.25833,-7.11194
I4210122771,Korean Institute of Architects,KR,37.566001892089844,126.97840118408203
I4210110387,Microelectronica (Romania),RO,44.51816177368164,26.110084533691406
I39387349,University of Chieti-Pescara,IT,42.348270416259766,14.164939880371094
I3133064791,Cegep de Sept Iles,CA,50.22727584838867,-66.35295104980469
I40597779,Federal Urdu University,PK,24.86079978942871,67.0103988647461
I4210149208,Iberoamerican Cochrane Centre,ES,41.388790130615234,2.158989906311035
I4210119033,Northern Sydney Local Health District,AU,-33.820953369140625,151.1923065185547
I4210138457,Islamic University of Lebanon,LB,33.78223419189453,35.47502899169922
I4210141689,Yancheng Teachers University,CN,33.37752151489258,120.20592498779297
I2972652528,FHNW University of Applied Sciences and Arts,CH,47.47899,8.21842
I4210134466,Computer Emergency Response Team,FR,48.857032775878906,2.352018117904663
I126350171,Fairfield University,US,41.14120864868164,-73.26373291015625
I35566140,Loyola Marymount University,US,34.05223083496094,-118.24368286132812
I26653445,Tellabs (Canada),CA,43.638187408447266,-79.63842010498047
I4210121405,Centre for Artificial Intelligence and Robotics,IN,12.986627578735352,77.66790008544922
I4210166865,Institute of Cognitive Sciences and Technologies,IT,41.91952133178711,12.488136291503906
I130785548,Clark University,US,42.26258850097656,-71.80229187011719
I4210116523,Institute of Computer Vision and Applied Computer Sciences,DE,51.3536491394043,12.372376441955566
I4210119068,University of South Asia,PK,31.534351348876953,74.37906646728516
I1340179700,NewYork–Presbyterian Hospital,US,40.714271545410156,-74.00596618652344
I2799503643,Columbia University Irving Medical Center,US,40.714271545410156,-74.00596618652344
I4210107902,Sunan Gunung Djati State Islamic University Bandung,ID,-6.922220230102539,107.60694122314453
I894293524,University of Chittagong,BD,22.33839988708496,91.83168029785156
I104338594,Inje University,KR,35.23417,128.88111
I335365548,University of Swat,PK,34.77949905395508,72.3626480102539
I4210104064,Shenzhen Academy of Robotics,CN,22.536094665527344,113.94535064697266
I55664587,Indian Institute of Chemical Technology,IN,17.423086166381836,78.5398178100586
I4210121728,Care International,CH,46.21415328979492,6.1111249923706055
I88596544,Universidade Lusófona,PT,38.72509,-9.1498
I1343081704,United States Government Publishing Office,US,38.900115966796875,-77.01042938232422
I4210121942,SS&C Technologies (United States),US,41.85260009765625,-72.6436996459961
I4210142445,SA Technologies (United States),US,33.9526,-84.54993
I196021976,Walter and Eliza Hall Institute of Medical Research,AU,-37.81399917602539,144.96331787109375
I4210100046,Integra (United States),US,33.91270065307617,-118.38491821289062
I317356780,Osaka City University,JP,34.69374084472656,135.50218200683594
I96307353,Tilka Manjhi Bhagalpur University,IN,25.25020980834961,86.9579849243164
I4210101116,Kai Research (United States),US,39.042301177978516,-77.11209869384766
I4210110323,"University of Illinois Chicago, Rockford campus",US,42.2711296081543,-89.09400177001953
I4210107542,Azienda Unità Sanitaria Locale Della Romagna,IT,44.206668853759766,12.019633293151855
I4210156960,Louvre,FR,48.85340881347656,2.34879994392395
I4210099837,Sri Ramakrishna Institute of Paramedical Sciences,IN,11.02259635925293,76.97781372070312
I38552033,Frederick University,CY,35.17530822753906,33.364200592041016
I4210125610,"National Transport Hospital ""Tzar Boris III""",BG,42.713260650634766,23.316774368286133
I4210145476,Chinese People 's Liberation Army No. 85 Hospital,CN,31.209157943725586,121.43244934082031
I4210119675,Binzhou Technician College,CN,37.38908004760742,117.98556518554688
I1337711013,Communications Security Establishment,CA,45.4124641418457,-75.65642547607422
I91481961,Mills College,US,37.80437088012695,-122.27079772949219
I168889406,Begum Rokeya University,BD,25.746639251708984,89.25166320800781
I4210153400,King's College Hospital,GB,51.50852966308594,-0.12574000656604767
I1335578998,Florida Institute for Human and Machine Cognition,US,30.412914276123047,-87.20956420898438
I35919505,Baekseok University,KR,36.8402099609375,127.18321990966797
I4210150545,Supply Chain Competence Center (Germany),DE,48.1346321105957,11.544548034667969
I7876267,Open University of the Netherlands,NL,50.88365173339844,5.981540203094482
I2801862240,Research Manitoba,CA,49.894073486328125,-97.15153503417969
I2802487149,Pacific Research Institute,US,37.789527893066406,-122.40633392333984
I4210118033,Infrastructure Management Consultants (Switzerland),CH,47.352622985839844,8.558067321777344
I2803071314,Mater Misericordiae University Hospital,IE,53.33306121826172,-6.248889923095703
I2801362399,St. Paul's Hospital,CA,49.28059005737305,-123.12824249267578
I68695296,"Indian Institute of Information Technology and Management, Kerala",IN,8.4855,76.94924
I4210114658,East Delta University,BD,22.373823165893555,91.80718994140625
I2801047068,University Health System,US,29.50664520263672,-98.57685852050781
I4210091440,Trilateral Research & Consulting,GB,51.50853,-0.12574
I4210106854,ExpandED Schools,US,40.7542610168457,-73.98190307617188
I4210092355,Academy of Medicine,SG,1.3266600370407104,103.85448455810547
I4400573233,Jilin Business and Technology College,,43.880001068115234,125.3227767944336
I279418767,Université des Montagnes,CM,5.131103038787842,10.524323463439941
I59196294,University of Ngaoundéré,CM,7.421947956085205,13.540700912475586
I4210103140,CCCC Highway Consultants (China),CN,39.95840835571289,116.37806701660156
I4210142730,Centre Hospitalier de l’Université de Montréal,CA,45.50883865356445,-73.58780670166016
I2801107848,New York Hospital Queens,US,40.747127532958984,-73.82557678222656
I4210096498,Presbyterian Hospital,US,35.08176803588867,-106.63554382324219
I134793997,National University of Tainan,TW,22.990829467773438,120.21333312988281
I43566213,National Taipei University of Business,TW,25.041969299316406,121.52559661865234
I3131870445,Woxsen School of Business,IN,17.384050369262695,78.45635986328125
I4210129353,Huawei Technologies (Germany),DE,51.22196578979492,6.8117218017578125
I4210155611,Ministry of Water Resources of the People's Republic of China,CN,39.907501220703125,116.39723205566406
I4210120897,Suleyman Demirel University,KZ,43.20796203613281,76.6689682006836
I4210120602,Advanced Institute of Convergence Technology,KR,37.29494094848633,127.04547119140625
I42999171,Sophia University,JP,35.68949890136719,139.69171142578125
I4210162062,Istituto di Analisi dei Sistemi ed Informatica Antonio Ruberti,IT,41.900718688964844,12.512537002563477
I98208027,Shomal University,IR,36.46961,52.35072
I107707843,Roskilde University,DK,55.64152145385742,12.080349922180176
I152100410,Aletheia University,TW,25.176660537719727,121.43462371826172
I4210098319,Healthways (United States),US,35.94520568847656,-86.80790710449219
I4210128310,Tennessee Department of Health,US,36.16806411743164,-86.78756713867188
I25251306,Yuanpei University,TW,24.782400131225586,120.94049835205078
I4210109779,China Academy of Safety Sciences and Technology,CN,39.98458480834961,116.41683197021484
I4210095746,Institute of Botany of the Slovak Academy of Sciences,SK,48.14815902709961,17.106740951538086
I142204992,University of Lahore,PK,31.46074867248535,74.2436294555664
I4210135640,Laboratoire de Biométrie et Biologie Evolutive,FR,45.76601,4.8795
I4210137756,Oxford Applied Research (United Kingdom),GB,51.81459045410156,-1.4293279647827148
I1289142772,International Development Research Centre,CA,45.41117,-75.69812
I2799391115,Deutsches Museum,DE,48.137428283691406,11.57548999786377
I4210133325,Institute of Process Engineering,CN,39.907501220703125,116.39723205566406
I4210104796,Institut Camille Jordan,FR,45.76601,4.8795
I4210150892,Western Norway University of Applied Sciences,NO,,
I2802749333,Naval Air Warfare Center Weapons Division,US,35.64051055908203,-117.76394653320312
I63533367,General Atomics (United States),US,32.7157096862793,-117.16471862792969
I47939930,Curry College,US,42.24954,-71.06616
I4210160097,South East European Research Centre,GR,40.64361,22.93086
I43742981,State University of New York at Oswego,US,43.45534896850586,-76.510498046875
I4210158533,Netherlands Graduate School of Linguistics,NL,52.0938606262207,5.122807025909424
I3129407287,Mofid University,IR,34.60782241821289,50.8459358215332
I4389425429,U.S. Army Corp of Engineers Waterways Experiment Station,,32.3526496887207,-90.87787628173828
I87303767,U.S. Army Engineer Research and Development Center,US,32.3526496887207,-90.87787628173828
I42317466,Altınbaş University,TR,41.01383972167969,28.94965934753418
I51216347,Anglia Ruskin University,GB,52.2,0.11667
I157637111,Naval Academy,TR,41.01383972167969,28.94965934753418
I4210098942,Milli Savunma Üniversitesi,TR,41.01384,28.94966
I185088104,Tokyo City University,JP,35.68949890136719,139.69171142578125
I4210142761,Osys Technology,GB,54.9721565246582,-1.5867830514907837
I4210112797,Institute of Automation and Control Processes,RU,43.19796371459961,131.9248046875
I8606887,Grand Valley State University,US,42.972251892089844,-85.95365142822266
I131221577,Bucknell University,US,40.96453094482422,-76.88440704345703
I4210144576,Fraunhofer Institute for Intelligent Analysis and Information Systems,DE,50.77538,7.197
I4210164873,AZ Sint-Lucas,BE,51.04999923706055,3.716670036315918
I2802952180,Open Data Institute,GB,51.522117614746094,-0.0833510011434555
I205984670,Czech University of Life Sciences Prague,CZ,50.08804,14.42076
I4210089761,West China Hospital of Sichuan University,CN,30.666669845581055,104.0666732788086
I4210166952,Peermade Development Society,IN,9.574111938476562,76.9949951171875
I4056153,New College of Florida,US,27.336429595947266,-82.53064727783203
I3132940433,Politecnica Salesiana University,EC,-2.90054988861084,-79.00453186035156
I120379545,Inner Mongolia Agricultural University,CN,40.8105583190918,111.6522216796875
I190444043,Institute of Mathematics,UA,50.44451904296875,30.516273498535156
I200749728,Pir Mehr Ali Shah Arid Agriculture University,PK,33.647247314453125,73.08059692382812
I2802368776,Central Economics and Mathematics Institute,RU,55.674720764160156,37.567501068115234
I141472210,University of Alaska Fairbanks,US,64.83778381347656,-147.7163848876953
I908820301,Tishk International University,IQ,36.18333053588867,44.01192855834961
I4210149002,Seibersdorf Laboratories (Austria),AT,47.97579574584961,16.509672164916992
I4401726980,Mininglamp (China),CN,39.907501220703125,116.39723205566406
I4210087516,Gunadarma University,ID,-6.4,106.81861
I148314036,Uniformed Services University of the Health Sciences,US,38.98067,-77.10026
I36162470,University of Zakho,IQ,37.14870834350586,42.685909271240234
I3130081645,Yangon University of Economics,MM,16.80528,96.15611
I4210159676,Zaozhuang University,CN,34.86471939086914,117.55416870117188
I4210127958,Universitas Dian Nuswantoro,ID,-6.982269763946533,110.4092025756836
I161746293,Brazilian Development Bank,BR,-22.90641975402832,-43.18223190307617
I1305477107,Romanian Space Agency,RO,44.4322509765625,26.106260299682617
I83776822,Shandong Institute of Business and Technology,CN,37.486820220947266,121.44422912597656
I4210128932,Cygnus (United States),US,39.044212341308594,-77.11299133300781
I4210153204,Universidade Portucalense,PT,41.1485,-8.61097
I4210157288,Activated Research Company (United States),US,44.865970611572266,-93.46739196777344
I4210165532,Systèmes d'Information à Référence Spatiale (France),FR,50.648136138916016,3.1478309631347656
I4210140819,CRSTRA,DZ,34.85038,5.72805
I4210123231,TiVo (United States),US,37.50588607788086,-122.26053619384766
I4210086971,VA Connecticut Healthcare System,US,41.28453063964844,-72.95762634277344
I4210096647,Norwegian Institute of Wood Technology,NO,59.94487380981445,10.71155834197998
I4210138667,"Systématique, adaptation, évolution",FR,48.85340881347656,2.34879994392395
I4210133105,Institute of Energy Economics at the University of Cologne,DE,50.952537536621094,6.897738933563232
I55633929,World Bank Group,US,38.89929962158203,-77.0425033569336
I4210163771,Tableau Software (United States),US,47.64975357055664,-122.34842681884766
I4210158665,National Nuclear Energy Agency of Indonesia,ID,-6.21462,106.84513
I4210148756,Getinge (United States),US,40.965789794921875,-74.23139190673828
I4210112251,Getinge (Sweden),SE,57.7067985534668,11.94103717803955
I105086349,North Sichuan Medical University,CN,30.79558753967285,106.07916259765625
I4210165120,Institute for Microelectronics and Microsystems,IT,37.49222946166992,15.070409774780273
I4210154903,Haute École de Namur-Liège-Luxembourg,BE,50.60844421386719,5.512221813201904
I4210116917,Singapore Eye Research Institute,SG,1.2813999652862549,103.83573913574219
I2799299286,Singapore National Eye Center,SG,1.2810759544372559,103.83613586425781
I2800562746,Hospital Universitario La Paz,ES,40.416500091552734,-3.7025599479675293
I17606148,École Nationale Vétérinaire d'Alfort,FR,48.811710357666016,2.4394500255584717
I4210162661,Cortexica (United Kingdom),GB,51.50772476196289,-0.10687299817800522
I4210124242,Optum (United States),US,44.890235900878906,-93.41497039794922
I2614128279,Dalle Molle Institute for Artificial Intelligence Research,CH,46.01007843017578,8.960040092468262
I4210136895,Institute for the Future,US,37.44429016113281,-122.16161346435547
I4210149193,Zhengzhou Institute of Emerging Industrial Technology,CN,34.8462028503418,113.73554992675781
I4210102222,Laboratoire de Physique de Clermont Auvergne,FR,45.75082,3.11078
I4210133362,Institut National de Physique Nucléaire et de Physique des Particules,FR,48.85341,2.3488
I2802508206,Consumer Healthcare Products Association,US,38.895111083984375,-77.03636932373047
I4210166504,Aichi Developmental Disability Center,JP,35.30168151855469,137.03781127929688
I23805111,Mohammad Ali Jinnah University,PK,24.860441207885742,67.06981658935547
I862322245,Universidad EAFIT,CO,6.251840114593506,-75.56359100341797
I4210133394,Philadelphia VA Medical Center,US,39.9479866027832,-75.20004272460938
I4210149250,Schlumberger (Norway),NO,58.92055892944336,5.606740951538086
I4210112585,Virtual Vehicle Research GmbH (Austria),AT,47.06667,15.45
I51195161,École de management de Lyon,FR,45.74846,4.84671
I4210164242,Melodea (Israel),IL,31.89310073852539,34.810638427734375
I152658341,Canadian Institute for Health Information,CA,45.41117,-75.69812
I70640408,Tehran University of Medical Sciences,IR,35.69438934326172,51.4215087890625
I4210138808,École Pour l'Informatique et les Techniques Avancées,FR,48.8147087097168,2.360729932785034
I143685665,Master's College,US,34.3829345703125,-118.51837158203125
I1318430499,Tata Elxsi (India),IN,12.955272674560547,77.67984771728516
I17477748,Rajshahi University of Engineering and Technology,BD,24.374,88.60114
I143923087,Sultan Idris Education University,MY,3.6855409145355225,101.5240478515625
I4210118335,Islamic Azad University of Chalous,IR,36.650611877441406,51.43500518798828
I111702420,John Paul II Catholic University of Lublin,PL,51.25,22.566669464111328
I84340266,WHU – Otto Beisheim School of Management,DE,50.39585876464844,7.624269962310791
I111878022,Linde (United States),US,40.586273193359375,-74.62651062011719
I4396570478,Amal Jyothi College of Engineering,,9.586919784545898,76.52131652832031
I169086405,Winthrop University,US,34.93888854980469,-81.03055572509766
I4210165584,Cooley (United States),US,37.44187927246094,-122.14302062988281
I3124969661,Université des Sciences et de la Technologie d'Oran Mohamed Boudiaf,DZ,35.70806884765625,-0.5791260004043579
I166722992,University of Massachusetts Chan Medical School,US,42.26258850097656,-71.80229187011719
I2802576979,Indianapolis Zoo,US,39.76838,-86.15804
I4210145005,State Key Laboratory of Vehicle NVH and Safety Technology,CN,29.560260772705078,106.55770874023438
I2802488147,School of Advanced Study,GB,51.50853,-0.12574
I125133608,Royal Bank of Canada,CA,43.700111389160156,-79.41629791259766
I181697535,SUNY Downstate Health Sciences University,US,40.65010070800781,-73.94957733154297
I134695357,University of Talca,CL,-35.42639923095703,-71.6554183959961
I4210148069,Opća Bolnica Varaždin,HR,46.302635192871094,16.325225830078125
I4210131832,ID Quantique (Switzerland),CH,46.1799430847168,6.135156154632568
I201292520,Bingham University,NG,8.956658363342285,7.6996660232543945
I2801350665,Monash Medical Centre,AU,-37.91979217529297,145.1224365234375
I4210100820,Heidelberger Institut für Radioonkologie,DE,49.41441345214844,8.67296028137207
I4210127453,University of Applied Sciences Rapperswil,CH,47.22557,8.82228
I4210134493,Ericsson (Germany),DE,51.24433135986328,6.734237194061279
I4210092213,Ganesamoni Hospital,IN,8.170952796936035,77.4321060180664
I188815454,Oita University,JP,33.1755485534668,131.6131134033203
I85407739,Delaware Technical Community College,US,38.70259475708008,-75.40709686279297
I137996928,Selçuk University,TR,37.8713493347168,32.48463821411133
I4210142152,ORCID,US,39.027931213378906,-77.1426773071289
I4210166837,AT4 wireless (Spain),ES,36.72016143798828,-4.420340061187744
I333550923,Kadi Sarva Vishwavidyalaya,IN,23.23894691467285,72.63975524902344
I4210162269,Centro Neurolesi Bonino Pulejo,IT,38.206886291503906,15.519614219665527
I1337250831,Federal Emergency Management Agency,US,40.712745666503906,-74.0130844116211
I4210130108,Centre d'Étude et de Recherche Travail Organisation Pouvoir,FR,43.60426,1.44367
I4210141791,ABB (India),IN,13.03165340423584,77.51528930664062
I126193024,London Metropolitan University,GB,51.55157470703125,-0.1106870025396347
I4210143731,BAE Systems (United Kingdom),GB,51.50852966308594,-0.12574000656604767
I4210163231,The FRAM Centre,NO,69.6489028930664,18.955080032348633
I4210101365,City of Scientific Research and Technological Applications,EG,31.20176,29.91582
I113133037,Yanbu University College,SA,24.02102279663086,38.20576095581055
I202899961,Bank Indonesia,ID,-6.214620113372803,106.84513092041016
I4210088647,Kleijnen Systematic Reviews (United Kingdom),GB,53.95763,-1.08271
I1290190913,Statistisches Bundesamt,DE,50.0710334777832,8.252287864685059
I4210151733,Joint Quantum Institute,US,38.98067092895508,-76.93692016601562
I182663762,Lingaya's Vidyapeeth,IN,28.41124,77.31316
I7454413,École Centrale de Lille,FR,50.61669158935547,3.166640043258667
I4210165017,European Space Research Institute,IT,41.80910110473633,12.679420471191406
I4210109739,First Research Institute of the Ministry of Public Security,CN,39.99300765991211,116.39649963378906
I163151358,Cyprus University of Technology,CY,34.684059143066406,33.037940979003906
I901403493,NuVasive (United States),US,32.71453857421875,-117.15837860107422
I4210166625,Huawei German Research Center,DE,48.1802864074707,11.533093452453613
I114203471,University of Gloucestershire,GB,51.90005874633789,-2.0797200202941895
I4210131676,Countryside and Community Research Institute,GB,51.87205505371094,-2.223757028579712
I4210115299,TED University,TR,39.91986846923828,32.854270935058594
I193114190,Chifeng University,CN,42.242061614990234,118.91887664794922
I4210150290,Murdoch Children's Research Institute,AU,-37.814,144.96332
I4210137004,OFS (United States),US,33.92363357543945,-84.21159362792969
I6593398,Dali University,CN,25.584739685058594,100.21228790283203
I25607154,Juraj Dobrila University of Pula,HR,44.86767578125,13.854096412658691
I165390105,University of South Africa,ZA,-25.74486,28.18783
I4210150449,Barcelona Digital Centro Tecnológico,ES,41.388790130615234,2.158989906311035
I1283236314,Thales (Portugal),PT,38.708290100097656,-9.294449806213379
I4210154081,Clarity Centre for Sensor Web Technologies,IE,53.308990478515625,-6.224419116973877
I4210137100,KPMG (Australia),AU,-33.86516189575195,151.20233154296875
I4210145740,West Bengal Electronics Industry Development Corporation Limited (India),IN,22.571962356567383,88.432373046875
I1296127346,Broadcom (Israel),IL,32.184837341308594,34.87137222290039
I4210136082,Quantum Design (Germany),DE,49.88620376586914,8.640542030334473
I149700789,Augustana University,US,43.526859283447266,-96.73703002929688
I4210155372,Gesellschaft zur Förderung angewandter Informatik,DE,52.4307975769043,13.535832405090332
I4210105596,Morrison Tech,US,41.79685592651367,-89.96455383300781
I61152923,Cabot (United States),US,42.350013732910156,-71.0457534790039
I4210155076,Daimler Center for Automotive Information Technology Innovations,DE,52.52436828613281,13.410530090332031
I2941883833,Brazilian Naval School,BR,-22.913299560546875,-43.16025924682617
I2801533059,German Center for Neurodegenerative Diseases,DE,50.73438,7.09549
I916541031,Universidad de Colima,MX,19.249969482421875,-103.72714233398438
I4210093821,Kaohsiung Chang Gung Memorial Hospital,TW,22.616260528564453,120.3133316040039
I118839592,"California State University, Bakersfield",US,35.373291015625,-119.01870727539062
I238144855,Tokat Gaziosmanpaşa Üniversitesi,TR,40.31388854980469,36.554439544677734
I4387930215,SINTEF Digital,,63.43048858642578,10.395059585571289
I120125038,Bond University,AU,-28.07398223876953,153.41648864746094
I157394403,Baylor University,US,31.54932975769043,-97.14666748046875
I164790352,Universidade do Estado de Santa Catarina,BR,-27.596670150756836,-48.549171447753906
I430192,Appalachian State University,US,36.21679,-81.67455
I3133171086,Bandırma Onyedi Eylül University,TR,40.35221862792969,27.976669311523438
I135564639,Ahsanullah University of Science and Technology,BD,23.710399627685547,90.40744018554688
I166073570,Binus University,ID,-6.21462,106.84513
I127591826,University of Dayton,US,39.758949279785156,-84.19161224365234
I4210125529,National Institute of Telecommunications,PL,52.22977066040039,21.01177978515625
I4210128819,Institute of Electrical Engineering,CN,39.989112854003906,116.32763671875
I4210142552,Radiolabs,IT,41.90283203125,12.485862731933594
I4210117871,"Systems, Applications & Products in Data Processing (Canada)",CA,43.747005462646484,-79.40875244140625
I159548981,State Street (United States),US,42.35843,-71.05977
I184886455,Maersk (Denmark),DK,55.70083999633789,12.593066215515137
I189998669,Holy Spirit University of Kaslik,LB,33.89331817626953,35.50157165527344
I4210142437,Mylan (Switzerland),CH,47.366668701171875,8.550000190734863
I4210133247,Group for Research in Decision Analysis,CA,45.50883865356445,-73.58780670166016
I4210156189,Shanghai Dianji University,CN,31.222219467163086,121.45806121826172
I1336277565,Auckland Institute of Studies,NZ,-36.84852981567383,174.76348876953125
I4210091423,Laitek (United States),US,41.56060028076172,-87.66646575927734
I4210125099,Mayo Clinic in Arizona,US,33.50920867919922,-111.89903259277344
I4402554026,The Sense Innovation and Research Center,,46.22739028930664,7.355589866638184
I4210128910,Group Sense (China),CN,22.33023452758789,114.19291687011719
I4210132322,Lucid Technologies (United States),US,32.92485046386719,-97.01467895507812
I153374732,Liaoning Normal University,CN,38.91222,121.60222
I42405503,Gifu University,JP,35.422908782958984,136.76039123535156
I4210157108,Institut Universitaire Européen de la Mer,FR,48.38131,-4.61805
I188740104,Başkent University,TR,39.91986846923828,32.854270935058594
I4210111807,Center for Research in Molecular Medicine and Chronic Diseases,ES,42.87203598022461,-8.561888694763184
I4210109156,Max Planck Institute for Astronomy,DE,49.40768,8.69079
I125656591,Effat University,SA,21.49011993408203,39.186241149902344
I53831458,Abasyn University,PK,34.03185272216797,71.5879898071289
I130294970,Częstochowa University of Technology,PL,50.79646,19.12409
I2802934949,Radboud University Medical Center,NL,51.842498779296875,5.852779865264893
I4210093282,Institut de Robòtica i Informàtica Industrial,ES,41.38879,2.15899
I3125347698,Babeș-Bolyai University,RO,46.76667022705078,23.600000381469727
I4210088449,HES-SO Genève,CH,46.20222091674805,6.145689964294434
I4210146682,Intel (India),IN,12.92692756652832,77.68433380126953
I4210124484,Directorate-General for Interpretation,BE,50.84109878540039,4.37614107131958
I4210125355,Scottish Universities Physics Alliance,GB,55.95827102661133,-4.288002967834473
I124727415,University of Wisconsin–Eau Claire,US,44.7989501953125,-91.49934387207031
I4210115238,Zimmer Biomet (United States),US,41.2381,-85.85305
I4210128452,FireEye (United States),US,37.41695785522461,-121.92212677001953
I4210133358,Search,US,38.49291229248047,-121.522216796875
I4210158899,Gansu Great Wall Electrical and Electronics Engineering Research Institute,CN,34.56247329711914,105.97734832763672
I26437253,Örebro University,SE,59.27412033081055,15.206600189208984
I4210127817,Lundbeck Foundation,DK,55.664859771728516,12.52531909942627
I118189293,BC Hydro (Canada),CA,49.28281021118164,-123.11268615722656
I2802427971,Christian Service University College,GH,6.706986904144287,-1.6235849857330322
I147482076,Institute for Scientific and Technological Research,MX,22.14982032775879,-100.97915649414062
I1306409833,Adobe Systems (United States),US,37.330989837646484,-121.89387512207031
I43369023,"California State University, San Bernardino",US,34.108341217041016,-117.2897720336914
I151001649,University of Applied Sciences Worms,DE,49.634910583496094,8.345308303833008
I4210141946,Institute for Ethnic Studies,SI,46.05108,14.50513
I4210139479,National University of Education Enrique Guzmán y Valle,PE,-11.946209907531738,-76.70130920410156
I87097829,University of North Carolina at Asheville,US,35.61619186401367,-82.5661392211914
I2799382803,Lakeland Health,US,42.10976028442383,-86.48001861572266
I2799553609,Rothamsted Research,GB,51.81040954589844,-0.3562549948692322
I4210127902,Leibniz Institute of Plant Genetics and Crop Plant Research,DE,51.82215,11.28661
I4210131859,Michael & Associates,US,40.79338836669922,-77.86000061035156
I2800704394,Copiah-Lincoln Community College,US,31.691566467285156,-90.39962768554688
I4210113131,Barkhausen Institute,DE,51.05089,13.73832
I245417339,Vodafone (Germany),DE,51.23952865600586,6.859669208526611
I3133098998,St. Peter's Institute of Higher Education and Research,IN,13.08784,80.27847
I54713919,Geisinger Health System,US,40.96342,-76.61273
I183111857,Malmö University,SE,55.60586929321289,13.00072956085205
I4210154344,Tatarstan Academy of Sciences,RU,55.79489517211914,49.10704040527344
I94800806,Birzeit University,PS,31.969589233398438,35.1940803527832
I3133159679,Murang'a University of Technology,KE,-0.7210400104522705,37.152591705322266
I88814501,Institut National des Sciences Appliquées Rouen Normandie,FR,49.3779411315918,1.1046700477600098
I153156064,KBR (United States),US,29.79693031311035,-95.38496398925781
I4210101983,European Patent Organisation,NL,52.03962326049805,4.337958812713623
I83683471,University of West Florida,US,30.421310424804688,-87.21691131591797
I4210162495,North Riding Infirmary,GB,54.57420349121094,-1.247156023979187
I4210110852,Jeju International University,KR,33.441429138183594,126.56998443603516
I119942576,University of the Pacific,US,37.97949981689453,-121.31300354003906
I2801748203,Hammersmith Hospital,GB,51.516361236572266,-0.23749899864196777
I4210102619,Hellenic Airforce General Hospital,GR,37.98798370361328,23.780725479125977
I282159120,İstanbul Nişantaşı Üniversitesi,TR,41.01383972167969,28.94965934753418
I4210123965,Universidade Veiga de Almeida,BR,-22.885290145874023,-42.062950134277344
I4210164347,Henri Poincaré Institute,FR,,
I4210091828,Universidad Santiago de Cali,CO,3.4036059379577637,-76.54821014404297
I4210149435,DELL (United States),US,30.484033584594727,-97.66615295410156
I4387154135,Solution Engineering (United States),,41.785858154296875,-88.14729309082031
I4210151748,Arignar Anna Memorial Cancer Hospital & Research Institute,IN,12.86982536315918,79.71581268310547
I4210096047,Yantai Automobile Engineering Professional College,CN,37.44645690917969,121.24717712402344
I4210150097,Xanadu Quantum Technologies (Canada),CA,43.741668701171875,-79.37333679199219
I3149789849,Department for Work and Pensions,GB,51.5003662109375,-0.13117100298404694
I38476204,Urmia University,IR,37.52875518798828,45.046478271484375
I279583474,Navamindradhiraj University,TH,13.753979682922363,100.5014419555664
I116555385,New Economic School,RU,55.697994232177734,37.39384841918945
I2801195679,Laboratoire Kastler Brossel,FR,48.85341,2.3488
I173063890,University of Applied Sciences Utrecht,NL,52.0908317565918,5.122220039367676
I4210087568,Theageneio General Hospital,GR,40.617855072021484,22.96001434326172
I142823887,St. John's University,US,40.71427,-74.00597
I4210129938,Guangzhou Maritime College,CN,23.094579696655273,113.47789764404297
I166595947,Federal University of São João del-Rei,BR,-21.13555908203125,-44.26166915893555
I1292966370,The Honourable Society of Lincoln's Inn,GB,51.51712417602539,-0.1145780012011528
I4210162136,National Institute of Metrology,CN,39.907501220703125,116.39723205566406
I2800207870,Høyskolen Kristiania,NO,59.91273,10.74609
I89506807,University of Western Macedonia,GR,40.300689697265625,21.788959503173828
I4210125985,Institut Fresnel,FR,43.29695,5.38107
I4210154234,Exercise and Survivorship Education Cancer Foundation,US,47.51803970336914,-120.4654541015625
I4210124929,Helmholtz Centre for Infection Research,DE,52.26594,10.52673
I3130378879,Liverpool College,GB,53.41058,-2.97794
I5337786,Chatham University,US,40.44062042236328,-79.99588775634766
I2800120229,Indian Navy,IN,28.630645751953125,77.21851348876953
I46176106,Universidad de Burgos,ES,42.34106,-3.70184
I1341284090,Royal Swedish Academy of Sciences,SE,59.32938003540039,18.068710327148438
I4210119493,Mittag-Leffler Institute,SE,59.39638900756836,18.0849666595459
I255141171,University of Matanzas,CU,23.03571319580078,-81.5096206665039
I2802176782,New York Botanical Garden,US,40.714271545410156,-74.00596618652344
I4210100872,Guangzhou Academy of Special Equipment Inspection and Testing,CN,23.127199172973633,113.26021575927734
I2801852214,University of Washington Medical Center,US,47.650001525878906,-122.30805969238281
I3149230897,Institute For Defense Analyses,US,38.83039474487305,-77.11911010742188
I4210153153,Creative Research Enterprises (United States),US,37.672935485839844,-121.90296173095703
I181046868,BI Norwegian Business School,NO,59.91273,10.74609
I4210106614,Affiliated Hospital of Xuzhou Medical College,CN,34.26419448852539,117.17591094970703
I67581229,Istanbul University,TR,41.01383972167969,28.94965934753418
I4210151183,École Nationale Supérieure de Technologie,DZ,36.73225,3.08746
I4210145164,Scientific Methods (United States),US,41.753379821777344,-86.11083984375
I1301553790,J. Craig Venter Institute,US,32.84727,-117.2742
I72539421,University of Tikrit,IQ,34.61581039428711,43.678611755371094
I4210107780,Xi'an Medical University,CN,34.258331298828125,108.9286117553711
I4210148697,Institute of Bioinformatics,IN,12.971940040588379,77.59368896484375
I4210118585,National Fisheries Research and Development Institute,KR,35.10168,129.03004
I4210088668,"Institut National de Recherche pour l'Agriculture, l'Alimentation et l'Environnement",FR,48.85341,2.3488
I4396570518,Institut de Mathématiques de Toulon,FR,43.12442,5.92836
I4210153972,Detroit R&D (United States),US,42.340091705322266,-83.06153106689453
I178605575,Robert Morris University,US,40.521644592285156,-80.20976257324219
I146977602,Pharos University in Alexandria,EG,31.207042694091797,29.960987091064453
I4210160010,Tokyo Metropolitan Industrial Technology Research Institute,JP,35.618770599365234,139.77969360351562
I134421475,National Physical Laboratory,GB,51.50852966308594,-0.12574000656604767
I146155226,J. F. Oberlin University,JP,35.58162307739258,139.4066162109375
I4401726811,Hartford Financial Services (United States),,41.763710021972656,-72.68508911132812
I4210147073,Institute of Economics,HU,47.49835,19.04045
I197185219,Istanbul Kültür University,TR,41.01383972167969,28.94965934753418
I4210130036,Wolters Kluwer (Netherlands),NL,52.12917,4.65546
I86519414,Algoma University,CA,46.51676940917969,-84.333251953125
I4210156805,"Islamic Azad University, Bonab Branch",IR,37.34040069580078,46.05609893798828
I8775707,Vietnamese-German University,VN,11.054621696472168,106.66535949707031
I4210156936,IBM Research - Austin,US,30.402559280395508,-97.71546936035156
I157850169,Indian Health Service,US,38.98067092895508,-77.10025787353516
I4210094574,Science et Ingénierie des Matériaux et Procédés,FR,45.1787,5.76281
I4210101772,Institut de Recerca Biomèdica Catalunya Sud,ES,41.11905,1.24544
I4210094568,Shahid Sattari University of Aeronautical Engineering,IR,35.674049377441406,51.332305908203125
I4210144496,"G.S. Science, Arts And Commerce College",IN,20.716089248657227,76.56190490722656
I4210115854,Pusan National University Hospital,KR,35.10168,129.03004
I2802566253,Plymouth Marine Laboratory,GB,50.37152862548828,-4.143050193786621
I4210155724,Centre Hospitalier Universitaire de Rennes,FR,48.11198,-1.67429
I4387156410,"Nutrition, métabolismes et cancer",FR,48.11198,-1.67429
I4210152797,Advanced Neural Dynamics (United States),US,40.33258056640625,-75.12516021728516
I4210088717,University of the West Indies,TT,10.642119407653809,-61.400123596191406
I4210088600,GLS University,IN,23.025789260864258,72.58727264404297
I17877952,Sechenov University,RU,55.75204,37.61781
I4210159016,Italian Institute of Telemedicine,IT,45.820579528808594,8.82511043548584
I4210088623,Office of the General Counsel,US,38.895111083984375,-77.03636932373047
I205023500,Chicago Kent College of Law,US,41.878997802734375,-87.6419677734375
I191055192,Tokyo Kasei University,JP,35.75489044189453,139.71994018554688
I19514445,Victor Chang Cardiac Research Institute,AU,-33.86785,151.20732
I4210159324,National Security Technologies (United States),US,36.20688247680664,-115.13612365722656
I4210132114,Motorola (United Kingdom),GB,51.295692443847656,-1.0664830207824707
I202502355,Singapore Polytechnic,SG,1.2896699905395508,103.85006713867188
I145876445,"University of Education, Winneba",GH,5.35113000869751,-0.6231300234794617
I4210117810,Emerson (United States),US,38.62727,-90.19789
I169109204,Kielce University of Technology,PL,50.870330810546875,20.627519607543945
I4210098908,Dairy Management,US,41.995994567871094,-87.88252258300781
I4390039302,Rutgers Health,,40.73566,-74.17237
I75929689,UConn Health,US,41.71982,-72.83204
I2802203029,Johnson University,US,35.93661117553711,-83.75050354003906
I101100930,Universidade Federal de Juiz de Fora,BR,-21.764169692993164,-43.35028076171875
I99686982,Elbit Systems (Israel),IL,32.78832244873047,34.96172332763672
I4210099903,Nokia (China),CN,40.237693786621094,116.11821746826172
I4210118245,Shandong Iron and Steel Group (China),CN,36.65852737426758,117.12800598144531
I1341847395,DAV University,IN,31.32556,75.57917
I4210136170,Government Medical College and Hospital,IN,20.70108985900879,76.99976348876953
I865166595,George Washington University Virginia Campus,US,39.05841827392578,-77.44319152832031
I170138621,Atos (France),FR,48.92458724975586,2.2210590839385986
I1330701686,Collegio Carlo Alberto,IT,44.9994010925293,7.6823601722717285
I33003672,Indian Institute of Management Indore,IN,22.625675201416016,75.79092407226562
I87828566,Edison International (United States),US,34.08064270019531,-118.07037353515625
I4210105419,Lahore Garrison University,PK,31.464006423950195,74.442626953125
I202276237,Medical University of Graz,AT,47.06733,15.44197
I152754861,Bose Institute,IN,22.56262969970703,88.363037109375
I221716585,The University of Texas at Tyler,US,32.35126,-95.30106
I4210107733,"Informatique, Biologie Intégrative et Systèmes Complexes",FR,48.63389,2.44417
I120825670,Yunnan Normal University,CN,25.038890838623047,102.71833038330078
I2799614505,University of Perpetual Help System DALTA,PH,14.45056,120.98278
I4403386539,Software Engineering Institute of Guangzhou,,23.116670608520508,113.25
I2801192375,IFTM University,IN,28.838930130004883,78.77684020996094
I3130993272,Kolhan University,IN,22.52645492553711,85.81358337402344
I4210132326,Techno India Group (India),IN,22.576099395751953,88.42796325683594
I4210150705,Center for Business Studies,CH,47.38996505737305,8.540901184082031
I4210160192,Consorci Institut D'Investigacions Biomediques August Pi I Sunyer,ES,41.388790130615234,2.158989906311035
I4210095597,King Abdullah International Medical Research Center,SA,24.68773,46.72185
I4210117499,Yale New Haven Health System,US,41.30815124511719,-72.92816162109375
I4400573291,Dayananda Sagar University,IN,12.97194,77.59369
I155125353,Università Campus Bio-Medico,IT,41.768333435058594,12.470000267028809
I40695006,Open Geospatial Consortium,US,38.88100814819336,-77.10427856445312
I4210161331,Applied Sciences (United States),US,39.73835372924805,-83.8111343383789
I4210088741,Clinical Research Institute,US,45.010929107666016,-93.4542465209961
I155043079,University of Nottingham Malaysia Campus,MY,2.9516000747680664,101.84300231933594
I4210094654,Universitas Prima Indonesia,ID,3.583329916000366,98.66667175292969
I4210085904,Adventist University of Plata,AR,-32.07079,-60.46403
I4210116438,"Islamic Azad University, Shahr-e-Qods Branch",IR,35.68939971923828,51.11323547363281
I24359323,Robert Koch Institute,DE,52.52437,13.41053
I4210097716,Coordenação de Aperfeicoamento de Pessoal de Nível Superior,BR,-15.77972,-47.92972
I1293487690,Ministry of Education,BR,-15.779720306396484,-47.92972183227539
I4210104914,National Postdoctoral Association,US,38.90064239501953,-77.02854919433594
I63030401,Meisei University,JP,35.68949890136719,139.69171142578125
I4210115684,Gezhouba Explosive (China),CN,29.57253646850586,106.56085968017578
I4210087293,Institut de Biologie et de Chimie des Protéines,FR,45.74846,4.84671
I95053508,Nippon Institute of Technology,JP,36.01839,139.66034
I4210094618,CT Group Of Institutions,IN,31.32556,75.57917
I177739611,Yangtze University,CN,30.35028076171875,112.19027709960938
I124326101,University of Teramo,IT,42.66122817993164,13.699009895324707
I2800231306,Universitair Ziekenhuis Leuven,BE,50.87958908081055,4.700930118560791
I4210136844,Ragheb Esfahani Institute,IR,32.710514068603516,51.57433319091797
I31582689,Stuttgart Technical University of Applied Sciences,DE,48.78232,9.17702
I4210086194,Institut des Sciences Moléculaires,FR,44.80849,-0.58915
I1336492463,American Institute of Mathematics,US,34.14778137207031,-118.14452362060547
I196585927,Pontifical Institute of Mediaeval Studies,CA,43.665618896484375,-79.39108276367188
I4210094779,RF Laboratories (United States),US,43.62363052368164,-87.8077163696289
I8033065,University of Abuja,NG,9.057849884033203,7.49507999420166
I4210111117,Erie VA Medical Center,US,42.10212707519531,-80.06314086914062
I4210090357,Nanjing Forest Police College,CN,32.061668395996094,118.77777862548828
I864998749,National Institute of Industrial Engineering,IN,19.07283,72.88261
I2802682211,Berkshire Record Office,GB,51.45028305053711,-0.9817389845848083
I4210111228,Kheiron Medical Technologies (United Kingdom),GB,51.53314971923828,-0.10533499717712402
I4210096752,University of Andorra,AD,42.46371841430664,1.4912899732589722
I4210133077,Egyptian Information Telecommunications Electronics and Software Alliance,EG,30.095365524291992,31.33424186706543
I95858998,Hungkuang University,TW,24.21718406677246,120.58267211914062
I25399270,Southwest Forestry University,CN,25.038890838623047,102.71833038330078
I4210095893,Ascamm Technologic Center,ES,41.48885726928711,2.126262903213501
I4210129656,Centre for Research on Ecology and Forestry Applications,ES,41.49109,2.14079
I3017839442,Institut Élie Cartan de Lorraine,FR,48.66115,6.17114
I4210108711,University Medical Center Hamburg-Eppendorf,DE,53.55073165893555,9.993020057678223
I4588055,Tottori University,JP,35.5,134.23333
I2802418778,Foothills Medical Centre,CA,51.05010986328125,-114.08528900146484
I4210166600,Dependable Computing (United States),US,38.0337028503418,-78.42645263671875
I196576671,Landau Institute for Theoretical Physics,RU,56.012855529785156,38.38671112060547
I223959643,Sam Higginbottom Institute of Agriculture,IN,25.413700103759766,81.8490982055664
I1286490081,Boston Medical Center,US,42.358428955078125,-71.05976867675781
I4210160018,Merchant Marine Academy,GR,37.32989501953125,23.471281051635742
I4210103656,Swarnabhoomi Academy of Music,IN,12.382084846496582,80.06024169921875
I9649716,"HTWG Hochschule Konstanz - Technik, Wirtschaft und Gestaltung",DE,47.66033172607422,9.175820350646973
I3131689172,Korean Council for University Education,KR,37.47991180419922,126.87699127197266
I4210123151,Rütgers (Germany),DE,51.58124923706055,7.302000045776367
I42852656,Shenyang University,CN,41.79222106933594,123.43277740478516
I34034455,Ramakrishna Mission Vivekananda Educational and Research Institute,IN,22.56262969970703,88.363037109375
I4210105054,Christian Doppler Laboratory for Thermoelectricity,AT,48.21318435668945,16.360050201416016
I87253917,Manchester University,US,41.13059997558594,-85.12886047363281
I872614749,Unitec Institute of Technology,NZ,-36.84852981567383,174.76348876953125
I149292303,Troy University,US,31.79805564880371,-85.95388793945312
I4210086407,"Institut für Medizinische Informatik, Biometrie und Epidemiologie",DE,51.43657302856445,6.989041805267334
I59499333,Optica,US,38.89511,-77.03637
I1342924430,LAC+USC Medical Center,US,34.05939865112305,-118.20850372314453
I4210104362,Chung Shan Medical University Hospital,TW,24.146900177001953,120.68389892578125
I91279580,Chung Shan Medical University,TW,24.146900177001953,120.68389892578125
I116739771,National Tainan Institute of Nursing,TW,22.995668411254883,120.20756530761719
I86897205,Athabasca University,CA,54.71686935424805,-113.28536987304688
I2799725268,Manchester Academic Health Science Centre,GB,53.46327590942383,-2.238434076309204
I4210160221,Royal Manchester Children's Hospital,GB,53.50666809082031,-2.318610906600952
I4210160225,"Castleford, Normanton and District Hospital",GB,53.71919631958008,-1.3701250553131104
I166809047,Stavropol State Agrarian University,RU,45.0371208190918,41.961124420166016
I4210124977,Quadient (France),FR,48.89791488647461,2.220993995666504
I4392021119,Institut de Recherche en Energie Electrique de Nantes Atlantique,FR,47.27506,-2.2179
I73621328,Girne American University,CY,35.333377838134766,33.2752571105957
I1299528221,Engineering and Physical Sciences Research Council,GB,51.55796813964844,-1.7811599969863892
I2802905149,Federal Reserve Board of Governors,US,38.896690368652344,-77.04039001464844
I1317239608,Federal Reserve,US,38.8922233581543,-77.0449447631836
I2802986704,Kanyakumari Government Medical College,IN,8.173934936523438,77.39380645751953
I107428990,Instituto Tecnológico de Aeronáutica,BR,-23.179439544677734,-45.886940002441406
I155159281,Edinboro University,US,41.87422180175781,-80.13172149658203
I171246369,École Nationale Supérieure de Mécanique et d'Aérotechnique,FR,46.651309967041016,0.3723300099372864
I32881790,Université de Poitiers,FR,46.58261,0.34348
I78880903,Universidad de Huelva,ES,37.266380310058594,-6.940040111541748
I4210117750,Weizenbaum Institute,DE,52.52436828613281,13.410530090332031
I115566878,Shahid Bahonar University of Kerman,IR,30.252538681030273,57.10932540893555
I4210156830,nChain (United Kingdom),GB,51.51590347290039,-0.13975319266319275
I2799379113,Royal Commission for Jubail and Yanbu,SA,24.08954,38.0618
I82401606,Jubail Industrial College,SA,27.10831642150879,49.570003509521484
I35953669,National University of General Sarmiento,AR,-34.50316,-58.70596
I183437572,University of Wisconsin–Parkside,US,42.64444351196289,-87.85250091552734
I1339191578,Dornier Flugzeugwerke (Germany),DE,47.667415618896484,9.431445121765137
I191247993,Shobhit University,IN,28.98002052307129,77.70635986328125
I9694494,Parul University,IN,22.299409866333008,73.20812225341797
I4210116512,Link Foundation,US,42.089088439941406,-75.96697998046875
I157921009,Ritsumeikan Asia Pacific University,JP,33.279449462890625,131.4975128173828
I2800861319,Texas Health Dallas,US,32.88100051879883,-96.76300048828125
I76163968,Singhania University,IN,28.132965087890625,75.95392608642578
I4403386710,Nanjing University of Science and Technology ZiJin College,,32.061668395996094,118.77777862548828
I4210088351,Ethiopian Civil Service University,ET,9.023552894592285,38.83219909667969
I4210133962,Buenos Aires Institute of Technology,AR,-34.61315,-58.37723
I4210095825,Centro Científico Tecnológico - San Juan,AR,-31.537500381469727,-68.53639221191406
I4210098750,Akron Children's Hospital,US,41.07858657836914,-81.52420806884766
I40900055,Telstra (Australia),AU,-37.80951690673828,144.9697265625
I1333377046,Federal Network Agency,DE,50.73438,7.09549
I4210091012,Kantonsspital Baselland,CH,47.48808288574219,7.731129169464111
I1307721752,AOL (United States),US,40.73056411743164,-73.99151611328125
I917168660,Montana Technological University,US,46.00382,-112.53474
I4210154995,Ripple (United States),US,40.725990295410156,-111.85997009277344
I4210156470,Vitenparken,NO,59.66654968261719,10.770109176635742
I2818286,LG (United States),US,40.885379791259766,-73.95236206054688
I1291431925,Mozilla Foundation,US,37.386051177978516,-122.08384704589844
I3019502701,SINTEF Ocean,NO,63.43048858642578,10.395059585571289
I4210123264,Iraq University College,IQ,30.509321212768555,47.78223419189453
I4210099672,Accenture (United States),US,40.76323699951172,-73.97913360595703
I2802331213,Paris School of Business,FR,48.85341,2.3488
I118073183,Meharry Medical College,US,36.165889739990234,-86.78443908691406
I4210143894,"Laboratoire d'Automatique, Génie Informatique et Signal",FR,50.61669158935547,3.166640043258667
I4210143970,Faculdade de Tecnologia e Ciências,BR,-12.93436336517334,-38.39238357543945
I4401727002,Vanguard (United States),,40.097049713134766,-75.46964263916016
I169768744,Norwich University,US,44.15116882324219,-72.65650177001953
I4210120086,Institute of Physics,RU,55.99595260620117,92.76083374023438
I4210145875,Bausch Health (Germany),DE,49.40653610229492,8.649961471557617
I4210141801,Dignify Therapeutics (United States),US,35.9940299987793,-78.89862060546875
I4210151386,Janssen (United States),US,40.389217376708984,-74.761962890625
I132215032,United Nations Economic Commission for Latin America and the Caribbean,CL,-33.4727897644043,-70.62982940673828
I1286959531,United Nations,US,40.71427,-74.00597
I39498419,University of Wasit,IQ,32.50418472290039,45.837215423583984
I86695891,Australian Catholic University,AU,-27.46794,153.02809
I4210161866,New Renaissance Institute,US,37.655513763427734,-122.40502166748047
I4210107574,School of Business and Management,FR,47.3647575378418,0.7044770121574402
I4210098880,National Institute of Hospital Administration,CN,39.95997619628906,116.22667694091797
I4210095504,Shannon Applied Biotechnology Centre,IE,52.2714958190918,-9.689550399780273
I4387152804,Technological University of the Shannon: Midlands Midwest,,53.42277908325195,-7.937220096588135
I4210151112,Sequoia (United States),US,37.386531829833984,-122.08386993408203
I186414734,University of Pinar del Río,CU,22.414796829223633,-83.68473052978516
I4210147513,Watershed Center,US,40.55223846435547,-123.18964385986328
I4210149806,Mary Bird Perkins Cancer Center,US,30.404481887817383,-91.10494995117188
I197465736,North Eastern Hill University,IN,25.56892,91.88313
I2803004120,St. Catharine College,US,37.70923614501953,-85.26258850097656
I2801862688,Cancer Institute of New South Wales,AU,-33.89641189575195,151.1931915283203
I4210097086,Department of Science and Technology of Guangdong Province,CN,23.11667,113.25
I4210163592,Economic Research Centre,AZ,40.38174057006836,49.80609893798828
I4210097602,Multidisciplinary Digital Publishing Institute (Switzerland),CH,47.535213470458984,7.599224090576172
I4210089617,"Laboratoire d'Automatique, de Mécanique et d'Informatique Industrielles et Humaines",FR,50.35909,3.52506
I70348806,Université Polytechnique Hauts-de-France,FR,50.35909,3.52506
I126601174,Tezpur University,IN,26.63333,92.8
I4210134512,GE Global Research (United States),US,42.77980041503906,-73.8456802368164
I4210156109,Hospital del Mar Research Institute,ES,41.38879,2.15899
I4210123366,Health Information Management,BE,50.851051330566406,4.345861911773682
I48780066,Shenyang University of Chemical Technology,CN,41.79222106933594,123.43277740478516
I4210157210,Innovalia (Spain),ES,43.3368034362793,-3.0086920261383057
I4210143604,Asociación Innovalia,ES,43.26271057128906,-2.9252800941467285
I4210102159,Wockhardt (India),IN,19.87757,75.34226
I4210111179,Michigan United,US,42.280242919921875,-85.56851959228516
I4210158567,Hainan Medical College Hospital,CN,20.035911560058594,110.3271255493164
I98834328,Wuyi University,CN,28.004730224609375,117.8113784790039
I142207940,California NanoSystems Institute,US,34.05223083496094,-118.24368286132812
I49702814,Mewar University,IN,24.88963,74.62403
I4210157642,Institute of Automation,DE,51.05089,13.73832
I4210133666,Tiandi Science & Technology (China),CN,30.970481872558594,117.81462860107422
I4210151703,China Coal Technology and Engineering Group Corp (China),CN,39.907501220703125,116.39723205566406
I4210165649,China Coal Research Institute (China),CN,39.907501220703125,116.39723205566406
I153390918,University of Cartagena,CO,10.402461051940918,-75.50468444824219
I4210116740,Laboratoire d'Informatique et d'Automatique pour les Systèmes,FR,46.58261,0.34348
I52207611,Al Baha University,SA,20.012880325317383,41.46767044067383
I3129561438,Mevlana University,TR,37.88420104980469,32.49222183227539
I4210146975,Zambon (Italy),IT,45.531410217285156,9.189881324768066
I4210162323,TKL Research,US,40.91762924194336,-74.08580780029297
I120221655,Research Studios Austria,AT,47.79941,13.04399
I183006215,Shijiazhuang University,CN,38.039066314697266,114.60362243652344
I172787465,University of Concepción,CL,-36.82699,-73.04977
I4210164138,Prairie Vascular Institute,US,39.8076171875,-89.64985656738281
I4210129373,Sparta Area School District,US,43.9454460144043,-90.80892181396484
I109963312,University of Tennessee at Martin,US,36.34175491333008,-88.86709594726562
I4210090210,SURF,NL,52.09083,5.12222
I102208913,Shihezi University,CN,44.30229949951172,86.03694152832031
I4210096130,Russian Federal Centre of Forensic Science of the Ministry of Justice of the Russian Federation,RU,55.75204,37.61781
I4210131112,Institute of Textile Technology and Process Engineering,DE,48.70040512084961,9.343503952026367
I1324540951,RealNetworks (United States),US,47.589778900146484,-122.33474731445312
I2800097882,Montgomery Botanical Center,US,25.663040161132812,-80.28092193603516
I2799285752,Bay Institute,US,37.806236267089844,-122.41191864013672
I114102164,Coalition for Networked Information,US,38.90956115722656,-77.04369354248047
I1314135232,Nationwide Children's Hospital,US,39.961181640625,-82.99878692626953
I93251985,Irkutsk State University,RU,52.29777908325195,104.29638671875
I3033166485,Randolph Township Schools,US,40.84492874145508,-74.57070922851562
I45756140,Hanoi University of Industry,VN,21.024499893188477,105.84117126464844
I2917686045,University Of Fallujah,IQ,33.340579986572266,44.40087890625
I4210101396,Communications Technology Laboratory,US,39.14019775390625,-77.2184829711914
I39660569,Colgate University,US,42.82701110839844,-75.54461669921875
I4210157580,Pro Persona,NL,52.00333023071289,5.790279865264893
I39706905,German University of Technology,OM,23.584129333496094,58.407779693603516
I4210158373,INCLIVA Health Research Institute,ES,39.469749450683594,-0.3773899972438812
I4210158561,Centro de Investigación Biomédica en Red de Cáncer,ES,40.416500091552734,-3.7025599479675293
I146966710,Asian University for Women,BD,22.359304428100586,91.8238296508789
I4210142635,PATH To Reading,US,33.036991119384766,-117.29197692871094
I2802615301,China Aerospace Science and Technology Corporation,CN,39.804134368896484,116.4188232421875
I126688049,Dartmouth Institute for Health Policy and Clinical Practice,US,43.67744827270508,-72.2649154663086
I10008193,Dharmsinh Desai University,IN,22.693849563598633,72.861572265625
I4210145299,Clinique Hartmann,FR,48.88597869873047,2.2805159091949463
I192238737,Jerusalem College of Technology,IL,31.76904,35.21633
I4210151238,Center for Genomic Science,IT,45.44176483154297,9.203042030334473
I2802998059,North Shore Community College,US,42.590232849121094,-70.96856689453125
I4210139321,Graphcore (United Kingdom),GB,51.45534896850586,-2.592392683029175
I2801344670,Community Health Systems - Dupont Hospital,US,41.1306,-85.12886
I2802630050,Indira Gandhi Centre for Atomic Research,IN,12.563750267028809,80.17363739013672
I67636235,University of International Relations,CN,39.907501220703125,116.39723205566406
I4210100219,City University,LB,34.41850662231445,35.836273193359375
I4210163477,Institute for Medical Informatics and Biostatistics,CH,47.5625,7.583201885223389
I4403386760,Laboratoire Informatique Paris Descartes,FR,48.85341,2.3488
I158244335,Netherlands Forensic Institute,NL,52.044639587402344,4.358749866485596
I4210126504,University of Al-Qadisiyah,IQ,31.99289,44.92552
I126826664,Udayana University,ID,-8.649999618530273,115.21666717529297
I95650031,Estonian Academy of Arts,EE,59.43695831298828,24.753530502319336
I4210130333,British Computer Association of the Blind,GB,52.99092483520508,-1.1405019760131836
I4210144746,The London College,GB,51.50853,-0.12574
I124125349,Korea National Open University,KR,37.566001892089844,126.97840118408203
I2802359691,Ganesh Shankar Vidyarthi Memorial Medical College,IN,26.481098175048828,80.30767822265625
I4210096382,Royal Pavilion,GB,50.82255935668945,-0.13771699368953705
I4210087849,University of Rwanda,RW,-2.59667,29.73944
I51380931,Texas A&M University – Texarkana,US,33.42512893676758,-94.04769134521484
I4210138560,European Molecular Biology Laboratory,DE,49.40768,8.69079
I4210159723,DHI,DK,55.8809814453125,12.501110076904297
I4210104812,Barclays (United Kingdom),GB,51.505313873291016,-0.014096999540925026
I4210132590,Shri Vile Parle Kelavani Mandal,IN,19.07283,72.88261
I4210152007,Khayyam University,IR,36.35610580444336,59.48945617675781
I4210124598,Palo Alto Institute,US,37.44709777832031,-122.16151428222656
I30667456,Brescia University,US,37.7701301574707,-87.11224365234375
I4210149540,Beijing Proteome Research Center,CN,40.097801208496094,116.2796859741211
I315205436,Jaramogi Oginga Odinga University of Science and Technology,KE,-0.09223400056362152,34.258583068847656
I21419654,Nanyang Polytechnic,SG,1.2896699905395508,103.85006713867188
I4210166576,First Affiliated Hospital Zhejiang University,CN,30.257551193237305,120.17793273925781
I4210113179,Finis Terrae University,CL,-33.45694,-70.64827
I4210138821,Clinica Santa Maria,CL,-33.45694,-70.64827
I4210126646,Vanke (China),CN,22.59833335876465,114.30284881591797
I4210108077,Prof. Assen Zlatarov University,BG,42.529510498046875,27.449039459228516
I59028336,Pratt Institute,US,40.65010070800781,-73.94957733154297
I4210109932,Universidade Castelo Branco,BR,-22.878454208374023,-43.43897247314453
I65029402,Fundação Dom Cabral,BR,-19.92082977294922,-43.93777847290039
I103583917,Karachi Institute of Economics and Technology,PK,24.7941837310791,67.1346664428711
I2800781119,Pallium India,IN,8.517767906188965,76.94104766845703
I3129367976,APJ Abdul Kalam Technological University,IN,8.4855,76.94924
I4210104270,McCormick (United States),US,39.29037857055664,-76.61219024658203
I4210104481,National and University Library in Zagreb,HR,45.8144416809082,15.97797966003418
I4210145541,Iran Meteorological Organization,IR,35.69571304321289,51.33021926879883
I4210146998,MOH Holdings,SG,1.2642719745635986,103.81986236572266
I112512915,E.O. Paton Electric Welding Institute,UA,50.42948532104492,30.510637283325195
I3129529705,Rangamati Science and Technology University,BD,22.641538619995117,92.18394470214844
I4210129222,Wuhan Union Hospital,CN,30.583330154418945,114.26667022705078
I4210163933,Union Hospital,CN,26.078580856323242,119.30445861816406
I261079859,Jenderal Soedirman University,ID,-7.421390056610107,109.23444366455078
I201536842,Niagara University,US,43.17256164550781,-79.03588104248047
I47987569,Center for Interuniversity Research and Analysis on Organizations,CA,45.50119400024414,-73.57678985595703
I4210088978,Appear Networks (Sweden),SE,59.66664123535156,17.716102600097656
I4210137797,Economic Research Institute,BG,42.69826889038086,23.325180053710938
I4210122047,Brewster Place,US,39.013729095458984,-95.69276428222656
I4210139826,Blackberry (Canada),CA,43.40467834472656,-79.97840118408203
I4210164386,Hebei Science and Technology Department,CN,38.02455139160156,114.51850891113281
I4210093299,"Istituto Nazionale di Fisica Nucleare, Trento Institute for Fundamental Physics And Applications",IT,46.066978454589844,11.155030250549316
I192389796,Humboldt State University,US,40.86652,-124.08284
I170203145,MRC Laboratory of Molecular Biology,GB,52.2,0.11667
I21360634,Council for Scientific and Industrial Research,ZA,-25.74486,28.18783
I179026463,Beijing Technology and Business University,CN,39.720340728759766,116.16999816894531
I4210135053,Quality Research,US,29.50767707824707,-98.47115325927734
I4210150719,eBay (United States),US,37.294986724853516,-121.92594909667969
I206777745,Nanjing Audit University,CN,32.061668395996094,118.77777862548828
I88780834,Hwa Hsia University of Technology,TW,24.98137664794922,121.50747680664062
I4210138067,QuantumCTek (China),CN,31.82161521911621,117.21415710449219
I4210129944,"Oxford Centre for Diabetes, Endocrinology and Metabolism",GB,51.75642013549805,-1.249796986579895
I4210125647,"Istituto Nazionale di Fisica Nucleare, Sezione di Genova",IT,44.40478,8.94439
I1294278766,Lurie Children's Hospital,US,41.89710235595703,-87.62161254882812
I163732180,Guangxi University of Finance and Economics,CN,22.836992263793945,108.29882049560547
I13175533,Fuyang Normal University,CN,32.900001525878906,115.8166732788086
I1313298211,St. Jude Children's Research Hospital,US,35.14952850341797,-90.04898071289062
I2801931480,German Red Cross,DE,52.429569244384766,13.28876781463623
I4210129730,RIKEN Center for Computational Science,JP,34.69129943847656,135.18299865722656
I162361429,Mondragon Unibertsitatea,ES,43.06441,-2.48977
I106663880,University of Bahrain,BH,26.04965591430664,50.50821304321289
I141810926,Baruch College,US,40.71427,-74.00597
I83909951,Morgan State University,US,39.29037857055664,-76.61219024658203
I4210143271,Goodyear (United States),US,41.05925750732422,-81.4776840209961
I4210088951,Synopsys (United States),US,37.395347595214844,-122.05255889892578
I165916956,Indian Institute of Science Education and Research Mohali,IN,30.679950714111328,76.72210693359375
I4210097568,FORS – Swiss Centre of Expertise in the Social Sciences,CH,46.51599884033203,6.632820129394531
I19986915,Shreemati Nathibai Damodar Thackersey Women's University,IN,19.07283,72.88261
I118567650,Van Yüzüncü Yıl Üniversitesi,TR,38.494571685791016,43.38322830200195
I2799786008,Glenn Research Center,US,41.4995002746582,-81.6954116821289
I4210105415,"Czech Academy of Sciences, Institute of Theoretical and Applied Mechanics",CZ,50.08803939819336,14.420760154724121
I4210096887,HKUST Shenzhen Research Institute,CN,22.53342628479004,113.93525695800781
I4210099334,"Institute of Mathematics, Academia Sinica",TW,25.022113800048828,121.53801727294922
I52004705,Uva Wellassa University,LK,6.980199813842773,81.05770111083984
I2801005815,Egyptian e-Learning University,EG,30.06263,31.24967
I4210124502,Memorial Health University Medical Center,US,32.03076934814453,-81.09073638916016
I40542001,University of Ulsan,KR,35.54277038574219,129.25672912597656
I12153360,Batumi Shota Rustaveli State University,GE,41.65011978149414,41.62673568725586
I9223067,Jaipur National University,IN,26.848316192626953,75.85986328125
I3130684616,Pravara Institute of Medical Sciences,IN,19.580995559692383,74.46472930908203
I4210149784,Max Planck Institute for the Structure and Dynamics of Matter,DE,53.55073165893555,9.993020057678223
I94353236,Hellenic Center for Disease Control & Prevention,GR,37.9860954284668,23.72597885131836
I49313256,Alexion Pharma (Switzerland),CH,47.357845306396484,8.521164894104004
I71675930,Frankfurt School of Finance & Management,DE,50.11001968383789,8.69762897491455
I4210144729,Universidade do Vale do Itajaí,BR,-26.907779693603516,-48.66194152832031
I4210145786,Institut Penyelidikan Veterinar,MY,4.593214988708496,101.11983489990234
I3131927718,JECRC University,IN,26.775924682617188,75.87450408935547
I211433327,Ministry of Natural Resources,CN,39.9075,116.39723
I4210119674,East China University of Technology,CN,28.6839599609375,115.85305786132812
I2800363144,"Instituto Federal de Educação, Ciência e Tecnologia de Pernambuco",BR,-8.053890228271484,-34.88111114501953
I4210123958,Assa Abloy (Sweden),SE,59.33027648925781,18.05369758605957
I33876163,Finnish Geospatial Research Institute,FI,60.2052001953125,24.65220069885254
I4210134671,M.S. Ramaiah Medical College,IN,13.030784606933594,77.56663513183594
I1285204247,Cincinnati Children's Hospital Medical Center,US,39.14048767089844,-84.50108337402344
I92156820,University of Cincinnati Medical Center,US,39.13043975830078,-84.52094268798828
I236156700,"ZhengZhou Shengda University Of Economics, Business & Management",CN,34.75777816772461,113.64861297607422
I4210101082,Municipality of Medellín,CO,6.252560138702393,-75.56404876708984
I4210133585,Universidad de Medellín,CO,6.251840114593506,-75.56359100341797
I57298602,Alcorn State University,US,31.87679100036621,-91.14253997802734
I4210111877,Zapata (United States),US,42.355159759521484,-71.05609130859375
I4210155580,University of the Ryukyus University Hospital,JP,26.24180030822754,127.75975799560547
I1344076864,Center for Applied Linguistics,US,38.950260162353516,-77.07901000976562
I4210114539,Tata Technologies (India),IN,18.585420608520508,73.73270416259766
I4210119012,Xichang University,CN,27.945453643798828,102.20945739746094
I15089104,China Aerospace Science and Industry Corporation (China),CN,39.907501220703125,116.39723205566406
I4210103627,BaiCheng Normal University,CN,45.62193298339844,122.83795928955078
I4210126365,Eurospider Information Technology (Switzerland),CH,47.389522552490234,8.539265632629395
I4210109701,KPN (Netherlands),NL,52.06783676147461,4.350020885467529
I130416959,Central Research Institute of Electric Power Industry,JP,35.68639373779297,139.74725341796875
I207417044,Universidade de Santa Cruz do Sul,BR,-29.717500686645508,-52.42583084106445
I162289562,All India Council for Technical Education,IN,28.62708854675293,77.22061920166016
I55884533,BlackRock (United States),US,44.786502838134766,-73.55158233642578
I47834966,Framingham State University,US,42.297882080078125,-71.43714141845703
I4210131790,Central Middlesex Hospital,GB,51.531673431396484,-0.26888999342918396
I2800484787,London North West Healthcare NHS Trust,GB,51.575523376464844,-0.32529300451278687
I2802377633,Office of the National Coordinator for Health Information Technology,US,38.895111083984375,-77.03636932373047
I233171062,Federal Ministry of Health,NG,9.081944465637207,7.472104072570801
I149735164,Hengyang Normal University,CN,26.880430221557617,112.67832946777344
I43081956,Xiangnan University,CN,29.273420333862305,109.46320343017578
I2800752714,Comcast (United States),US,39.9523811340332,-75.16361999511719
I4210122243,Truman Bodden Law School,KY,19.29596710205078,-81.38125610351562
I4210106723,Hong Kong Association of Registered Tour Co-ordinators,CN,22.286283493041992,114.19032287597656
I91993116,Sirris,BE,50.851070404052734,4.401867866516113
I157943965,Holon Institute of Technology,IL,32.014320373535156,34.77381896972656
I3130456415,Mianyang Normal University,CN,31.46784019470215,104.68167877197266
I2802776861,Esri (Canada),CA,43.73029708862305,-79.32866668701172
I116921496,Lattice Semiconductor (United States),US,45.522212982177734,-122.67631530761719
I4210103340,Vikas Samvad,IN,23.201091766357422,77.4333724975586
I4210162132,L.Garde (United States),US,33.72163391113281,-117.83251190185547
I4210104033,Guangdong Research Institute of Water Resources and Hydropower,CN,23.146207809448242,113.32402038574219
I1339830613,Electronic Privacy Information Center,US,38.910560607910156,-77.0423355102539
I4210142260,Max Planck Institute for Molecular Genetics,DE,52.44444274902344,13.272777557373047
I150263970,Jagannath University,IN,28.6063,76.6565
I107766831,NSF National Center for Atmospheric Research,US,40.01499,-105.27055
I168356945,Kyoto Sangyo University,JP,35.07027816772461,135.75833129882812
I4210119805,Instituto de Pesca,BR,-23.529972076416016,-46.66753387451172
I176861719,University of Shahrood,IR,36.418190002441406,54.976280212402344
I44565152,Doon University,IN,30.267807006835938,78.04593658447266
I4210106958,FutureChem (South Korea),KR,37.56829071044922,127.03746032714844
I307830010,Collège Montmorency,CA,45.56022262573242,-73.71886444091797
I4210119254,Academy of Arts,DE,52.528350830078125,13.37972354888916
I4210128341,Al-Zahra College for Women,OM,23.613353729248047,58.48447799682617
I46520130,Chaohu University,CN,31.600000381469727,117.86666870117188
I4210150763,Gran Sasso Science Institute,IT,42.35055160522461,13.399539947509766
I137616099,Tshwane University of Technology,ZA,-25.74485969543457,28.187829971313477
I154971649,Jawaharlal Nehru Medical College Hospital,IN,27.918264389038086,78.08868408203125
I202376891,Sarhad University of Science and Information Technology,PK,34.007999420166016,71.5784912109375
I4210136381,Indiana University Kokomo,US,40.45991134643555,-86.13209533691406
I4210111298,Logistics Management Institute (United States),US,38.93044662475586,-77.2158432006836
I4210125392,Centre for Automation and Robotics,ES,40.300758361816406,-3.4372200965881348
I4210167254,Singapore-MIT Alliance for Research and Technology,SG,1.3038949966430664,103.77373504638672
I4210132567,Fraunhofer Institute for Laser Technology,DE,50.77664,6.08342
I97553796,University of Craiova,RO,44.31666946411133,23.799999237060547
I156171363,Nelson Marlborough Institute of Technology,NZ,-41.27077865600586,173.28404235839844
I27963644,HHL Leipzig Graduate School of Management,DE,51.33961868286133,12.37129020690918
I80046288,Walden University,US,44.98211669921875,-93.26560974121094
I2800784730,Post University,US,41.536373138427734,-73.0815658569336
I70349855,Vietnam Academy of Science and Technology,VN,21.0245,105.84117
I32699454,Joint Institute for Nuclear Research,RU,56.7404899597168,37.18648147583008
I4210121186,Royal Marsden Hospital,GB,51.50852966308594,-0.12574000656604767
I150569930,Bayer (United States),US,40.82453918457031,-74.41709899902344
I4210136029,Saratoga Hospital,US,43.086360931396484,-73.79736328125
I4210151799,Siemens Healthcare (United States),US,40.03622055053711,-75.51380920410156
I9916479,Air Force Medical University,CN,34.258331298828125,108.9286117553711
I864159182,University of Silesia in Katowice,PL,50.2584114074707,19.02754020690918
I21724602,Hsuan Chuang University,TW,24.77589988708496,120.9437026977539
I4210150210,Khurasan University,AF,34.42647171020508,70.45153045654297
I202575966,Central Bank of the Republic of Turkey,TR,39.939292907714844,32.852333068847656
I4210108560,"Istituto Nazionale di Fisica Nucleare, Sezione di Napoli",IT,40.85216,14.26811
I51882195,Universidade Luterana do Brasil,BR,-29.887683868408203,-51.15966033935547
I4210110560,Zhuhai Fudan Innovation Research Institute,CN,22.26573944091797,113.57545471191406
I4210089412,Applied Optimization (United States),US,39.76545715332031,-84.17976379394531
I153901656,University of North Carolina Wilmington,US,34.22698211669922,-77.86325073242188
I4210112595,Research Institute of Petroleum Exploration and Development,CN,39.907501220703125,116.39723205566406
I3129459759,Accra Institute of Technology,GH,5.576035976409912,-0.20822599530220032
I4210164104,Sustainable Europe Research Institute,AT,48.2160530090332,16.35651397705078
I4210147934,Centro Nacional de Microelectrónica,ES,41.388790130615234,2.158989906311035
I180388969,Vanier College,CA,45.50884,-73.58781
I4210160141,Virginia Mason Bainbridge Island Medical Center,US,47.6262092590332,-122.521240234375
I188922065,University of Economics in Katowice,PL,50.2584114074707,19.02754020690918
I863488634,Coherent (United States),US,37.40474319458008,-121.98528289794922
I4210144607,Thüringer Universitäts- und Landesbibliothek,DE,50.92877960205078,11.589900016784668
I4387156348,Universitätsbibliothek Johann Christian Senckenberg,,50.12498092651367,8.645380020141602
I157492648,Autonomous University of Queretaro,MX,20.59156608581543,-100.41065979003906
I4389425385,Laboratoire Médiations,FR,48.85341,2.3488
I2801238018,Catharina Ziekenhuis,NL,51.44083023071289,5.477779865264893
I4210122871,Centre d'Economie et de Sociologie Appliquées à l'Agriculture et aux Espaces Ruraux,FR,47.31344,5.01391
I4387156292,Laboratoire d'économie de Dijon,FR,47.31667,5.01667
I319079062,Instituto Tecnológico de Santo Domingo,DO,18.471860885620117,-69.89231872558594
I4210127672,Engineering (Italy),IT,41.891929626464844,12.511329650878906
I115748381,Assumption University,TH,13.753979682922363,100.5014419555664
I4210101455,CEA DAM Île-de-France,FR,48.58868,2.18991
I19833938,Western New England University,US,42.101478576660156,-72.58981323242188
I4210106870,Florida Orthopaedic Institute,US,27.97434425354004,-82.48176574707031
I4210121238,Universidad San Jorge,ES,41.65605926513672,-0.8773400187492371
I192268740,University of Algiers Benyoucef Benkhedda,DZ,36.77083206176758,3.055556058883667
I4210139090,Lam Research (United States),US,37.48794174194336,-121.95502471923828
I4210155242,Borneo Orangutan Survival Foundation,ID,-6.59444,106.78917
I4210163117,TandemLaunch (Canada),CA,45.48278045654297,-73.58306121826172
I150209017,Scripps Institution of Oceanography,US,32.84727,-117.2742
I4210140114,Scripps (United States),US,39.099281311035156,-84.51036071777344
I4210108719,EP Analytics (United States),US,32.940338134765625,-117.10139465332031
I4210151627,National Energy Research Scientific Computing Center,US,37.87158966064453,-122.27275085449219
I154264771,Central Connecticut State University,US,41.693180084228516,-72.76496124267578
I150513749,Sant Gadge Baba Amravati University,IN,20.93333,77.75
I4210086474,Government Medical College Bhavnagar,IN,21.768783569335938,72.136962890625
I1280274421,Indiana Department of Natural Resources,US,39.76837921142578,-86.15804290771484
I4210126948,Memorial,RU,55.77228546142578,37.60936737060547
I4210118445,Memorial Foundation,US,26.02115249633789,-80.18163299560547
I1289499695,Women & Children's Hospital of Buffalo,US,42.90941619873047,-78.87483215332031
I882761360,Indian Institute of Space Science and Technology,IN,8.48550033569336,76.9492416381836
I2802777525,R.O.C Military Academy,TW,22.61916732788086,120.36560821533203
I1289422878,Dartmouth–Hitchcock Medical Center,US,43.64228820800781,-72.25176239013672
I70900168,Université Savoie Mont Blanc,FR,45.56628,5.92079
I4210117424,Debre Tabor University,ET,11.850000381469727,38.01667022705078
I198811213,National Nuclear Security Administration,US,38.895111083984375,-77.03636932373047
I276751011,GfK (United States),US,37.43953323364258,-122.13397979736328
I3129407955,Institute for High Energy Physics,RU,54.866004943847656,37.20991134643555
I1290900354,Tufts Medical Center,US,42.349510192871094,-71.06330871582031
I301027571,Universidad Azteca,MX,19.252643585205078,-98.90321350097656
I4210090337,Shaanxi Provincial Meteorological Bureau,CN,34.28363800048828,108.94673156738281
I4210154351,Marvell (United States),US,37.41266632080078,-121.98214721679688
I32907511,Fairleigh Dickinson University,US,40.89759826660156,-74.0159683227539
I178102782,John F. Kennedy University,US,37.94797897338867,-122.06079864501953
I186365177,Institute of Technology of Cambodia,KH,11.570561408996582,104.89827728271484
I4210148764,Henan Province Water Conservancy Survey and Design Research,CN,34.768577575683594,113.72657775878906
I3132061591,Notre Dame of Dadiangas University,PH,6.11893892288208,125.17139434814453
I186727570,Notre Dame College,US,41.507598876953125,-81.5155029296875
I4210121678,Block Engineering (United States),US,42.29160690307617,-71.5150375366211
I4210159603,United Technologies Research Center,IE,51.90105438232422,-8.463643074035645
I4210126231,Robotic Research (United States),US,39.14330291748047,-77.21992492675781
I160968435,University of Sargodha,PK,32.074371337890625,72.68379974365234
I4210096207,Croatian Institute of Transfusion Medicine,HR,45.81514358520508,15.992053031921387
I1280339224,United States Nuclear Regulatory Commission,US,39.04731750488281,-77.1124267578125
I102254642,University of Kirkuk,IQ,35.44632339477539,44.37956619262695
I4210165195,Center for Security Studies,GR,37.99161911010742,23.774932861328125
I4210157516,Qu & Co. (Netherlands),NL,52.37403,4.88969
I4210163578,Integral Consulting (United States),US,47.60621,-122.33207
I4210089655,"Chimie Moléculaire, Macromoléculaire, Matériaux",FR,48.85341,2.3488
I158929114,Tokyo Medical University,JP,35.68949890136719,139.69171142578125
I45205469,Aichi Prefectural University,JP,35.18199920654297,137.08700561523438
I4210091050,Center For Children With Special Needs,US,41.71232,-72.60815
I2802423016,WinnMed,US,43.30331039428711,-91.78571319580078
I4210106576,Hortonworks (United States),US,37.41338348388672,-121.97840881347656
I149481174,Tamagawa University,JP,35.68949890136719,139.69171142578125
I4210141933,Jilin Agricultural Science and Technology University,CN,43.850830078125,126.5602798461914
I4210127226,Robert Bosch (Slovenia),SI,46.08210754394531,14.480009078979492
I1336910626,Children's Hospital of Los Angeles,US,34.05223083496094,-118.24368286132812
I2800154431,Keck Hospital of USC,US,34.05223083496094,-118.24368286132812
I200946902,Yichun University,CN,27.78845977783203,114.35772705078125
I1298002456,American Civil Liberties Union,US,40.714271545410156,-74.00596618652344
I4210153043,Duke University Hospital,US,35.99403,-78.89862
I4210126298,Duke Medical Center,US,35.9940299987793,-78.89862060546875
I4210111308,Soft Imaging LLC (United States),US,29.763280868530273,-95.36327362060547
I2800531931,Hong Kong College of Technology,CN,22.319406509399414,114.1789779663086
I7495430,Idiap Research Institute,CH,46.07817077636719,7.050990104675293
I3131622653,Yangon Technological University,MM,16.875938415527344,96.11685943603516
I1318003438,RELX Group (Netherlands),NL,52.37403,4.88969
I4210092806,St. Luke's International University,JP,35.68949890136719,139.69171142578125
I4210127284,Sparkassen-Finanzgruppe,DE,52.51606750488281,13.390628814697266
I2802067006,Research Foundation - Flanders,BE,50.83919143676758,4.3652801513671875
I4210102625,Tyrolean Cancer Research Institute,AT,47.26084899902344,11.382692337036133
I4429535,State University of Makassar,ID,-5.1674628257751465,119.43596649169922
I51569856,Sultan Zainal Abidin University,MY,5.3302001953125,103.14080047607422
I4210112519,Peng Huanwu Center for Fundamental Theory,CN,31.822376251220703,117.2784194946289
I4210105877,Wuhan Donghu University,CN,30.41628074645996,114.32115936279297
I1301102746,Renault (France),FR,48.823829650878906,2.233289957046509
I4210095736,"Laboratoire d'Électronique, Antennes et Télécommunications",FR,43.70313,7.26608
I4403928311,Laboratory for Research on Enterprise and Decisions,,33.8814582824707,10.098199844360352
I2802473995,Balseiro Institute,AR,-41.14556884765625,-71.30821990966797
I4210092821,Australian Hearing,AU,-28.77167320251465,114.6112060546875
I106841677,Mother Teresa Women's University,IN,10.23925,77.48932
I4210098265,Private University College of Education of the Diocese of Linz,AT,48.30639,14.28611
I4210090415,Universitatea Petru Maior din Tîrgu Mureş,RO,46.542449951171875,24.557470321655273
I203339264,Université de Lyon,FR,45.74906,4.84789
I4210152159,CAO Group (United States),US,40.62994384765625,-112.00059509277344
I629287,Simón Bolívar University,VE,10.48801040649414,-66.87918853759766
I200420086,IULM University,IT,45.464271545410156,9.189510345458984
I3130850664,Malikussaleh University,ID,5.235385894775391,96.98831176757812
I4210106304,"Krishi Vigyan Kendra, Latur",IN,18.3786678314209,76.48603820800781
I4210157006,Centre Hospitalier Universitaire de Saint-Étienne,FR,45.43389,4.39
I4210089054,Seoul Semiconductor (South Korea),KR,37.317230224609375,126.78660583496094
I4210106074,Internet2,US,38.895111083984375,-77.03636932373047
I99319750,Seagen (United States),US,47.76232147216797,-122.20539855957031
I4210160724,Access Technologies,US,44.95591354370117,-122.9853286743164
I62921916,Universidade Federal Rural de Pernambuco,BR,-8.053890228271484,-34.88111114501953
I152195623,Misurata University,LY,32.37535095214844,15.09253978729248
I4210108865,Zhejiang Institute of Communications,CN,30.293649673461914,120.16142272949219
I898769471,Bank of Canada,CA,45.41117,-75.69812
I4210085863,John Wiley & Sons (Germany),DE,49.542930603027344,8.629840850830078
I1340210623,Volvo (Sweden),SE,57.72202682495117,11.85498046875
I4210124491,Deutsche Bank,US,40.70644760131836,-74.00894165039062
I1315672318,Norwegian Public Roads Administration,NO,59.9127311706543,10.746089935302734
I4210129007,Warsaw School of Information Technology,PL,52.250282287597656,20.93964195251465
I2800142400,Skolkovo Moscow School of Management,RU,55.695579528808594,37.390506744384766
I2802535771,Baghdad College of Economic Sciences University,IQ,33.3408317565918,44.334720611572266
I61515104,University of Florida Health Science Center,US,30.3470458984375,-81.66354370117188
I4210152498,Ogilvy Public Relations (United States),US,40.76345443725586,-73.99562072753906
I43424612,Sadat Academy for Management Sciences,EG,29.96064567565918,31.248775482177734
I20350369,Nyack College,US,40.70563888549805,-74.01569366455078
I181635417,Shinawatra University,TH,13.753979682922363,100.5014419555664
I4210126597,Nasjonalforeningen for Folkehelsen,NO,59.91273,10.74609
I1333353642,Norwegian Institute of Public Health,NO,59.9127311706543,10.746089935302734
I2802249273,Mallow General Hospital,IE,52.15235137939453,-8.663257598876953
I4210147983,Guangdong Police College,CN,23.251808166503906,113.30410766601562
I1319660883,Technological Educational Institute of Western Greece,GR,38.2171516418457,21.7517147064209
I4210166271,"Center for Surveillance, Epidemiology, and Laboratory Services",US,33.749000549316406,-84.38797760009766
I4210103999,Integrated Systems Incorporation (United States),US,38.91580581665039,-77.23265075683594
I4391767988,State Key Laboratory of Digital Publishing Technology,,39.907501220703125,116.39723205566406
I4210110767,National Institute of Neurological Disorders and Stroke,US,39.00382614135742,-77.10118103027344
I4210087962,National Institute of Arthritis and Musculoskeletal and Skin Diseases,US,39.010887145996094,-77.09764099121094
I4210107832,Ernst Abbe University of Applied Sciences Jena,DE,50.92877960205078,11.589900016784668
I4210135825,KPMG (Netherlands),NL,52.30083,4.86389
I4210163092,Istituto Nazionale per la Fisica della Materia,IT,44.42412567138672,8.881962776184082
I4210134419,Neusoft (China),CN,41.79222,123.43278
I4210142749,Italian Resuscitation Council,IT,44.53042984008789,11.355045318603516
I4210091680,Electronic Concepts and Engineering (United States),US,41.61471176147461,-83.72657012939453
I1296452710,Hunan International Economics University,CN,28.202163696289062,112.95140838623047
I4210119971,Universidade de Sorocaba,BR,-23.50167,-47.45806
I4210088807,Samsung Pharm (South Korea),KR,37.09169387817383,126.90719604492188
I4210110845,Spanish Clinical Research Network,ES,40.4165,-3.70256
I2801337628,Beth Israel Deaconess Hospital,US,41.958438873291016,-70.6672592163086
I88467170,Université d'Évry Val-d'Essonne,FR,48.63389,2.44417
I4210156302,Tan Kah Kee Innovation Laboratory,CN,24.437349319458008,118.09566497802734
I127859547,Yogyakarta State University,ID,-7.801390171051025,110.3647232055664
I4210125301,Health Awareness (United States),US,26.921648025512695,-80.10235595703125
I4210167282,Immune Deficiency Foundation,US,39.4015007019043,-76.60191345214844
I4210109189,Univerzitná Nemocnica Louisa Pasteura,SK,48.72238540649414,21.238182067871094
I55693919,Netanya Academic College,IL,32.30775833129883,34.87917709350586
I4210153572,Saab (Sweden),SE,59.34000015258789,17.940000534057617
I4210108760,Hohhot Minzu College,CN,40.856258392333984,111.7422103881836
I4210124246,CITIC Group (China),CN,39.94948196411133,116.45551300048828
I4210151851,"Istituto Nazionale di Fisica Nucleare, Sezione di Trieste",IT,45.64953,13.77678
I4210143161,IDEX Corporation (United States),US,42.25863,-87.84063
I87673952,Erciyes University,TR,38.73221969604492,35.48527908325195
I4210088918,Kumamoto City Hospital,JP,32.80588912963867,130.69180297851562
I4210091183,Barcelona Graduate School of Mathematics,ES,41.388790130615234,2.158989906311035
I4210138370,Liupanshui Normal University,CN,26.594440460205078,104.83332824707031
I4210092488,Custodix (Belgium),BE,51.00448226928711,3.621951103210449
I163361683,Cognizant (United States),US,40.872947692871094,-74.00698852539062
I97729445,Action Contre la Faim,FR,48.85340881347656,2.34879994392395
I35662394,GlobalFoundries (United States),US,37.35411071777344,-121.95523834228516
I179324530,Jilin University of Finance and Economics,CN,43.81758117675781,125.44219207763672
I4210112848,Worcestershire Royal Hospital,GB,52.190940856933594,-2.1816298961639404
I4210146332,Texas Cardiac Arrhythmia,US,30.288766860961914,-97.72427368164062
I184578258,Mohawk College,CA,43.2501106262207,-79.8496322631836
I4389424196,Deleted Institution,,,
I60205797,Abilene Christian University,US,32.471622467041016,-99.7079849243164
I114117164,University of Science and Technology Liaoning,CN,41.12361145019531,122.98999786376953
I52527943,Ahmedabad University,IN,23.025789260864258,72.58727264404297
I4210165845,Southwestern Institute of Physics,CN,30.589685440063477,104.04254150390625
I4210154518,Spanish Head & Neck Cancer Cooperative Group,ES,40.54377746582031,-3.900480031967163
I4210097178,Behavioral Pharma (United States),US,32.843326568603516,-117.27946472167969
I184896493,Sari Agricultural Sciences and Natural Resources University,IR,36.56332015991211,53.060089111328125
I4210107394,The Ohio State University Newark,US,40.06826400756836,-82.44718170166016
I157609188,Lewis Clark State College,US,46.41654968261719,-117.01766204833984
I70764802,National Polytechnic School,EC,-0.22984999418258667,-78.52494812011719
I4210135696,GrammaTech (United States),US,42.443626403808594,-76.5101547241211
I177733328,Can Tho University,VN,10.037110328674316,105.78825378417969
I4210153656,Holst Centre (Netherlands),NL,51.4138298034668,5.456286907196045
I4210109800,Primary Source,US,42.36537170410156,-71.17155456542969
I27462735,Yulin Normal University,CN,22.63050079345703,110.14685821533203
I3130920692,South Westphalia University of Applied Sciences,DE,51.37547,7.70281
I1323219464,Rajarajeswari Medical College and Hospital,IN,12.97194,77.59369
I902671590,Auburn University at Montgomery,US,32.3668098449707,-86.29997253417969
I4210126337,"University of Campania ""Luigi Vanvitelli""",IT,,
I4210146756,Brandenburg University of Applied Sciences,DE,52.41667175292969,12.550000190734863
I4210100960,Quantum Applied Science and Research (United States),US,33.017452239990234,-117.08296966552734
I4210090878,Arab Open University,LB,33.89331817626953,35.50157165527344
I170935008,Pontifícia Universidade Católica de Minas Gerais,BR,-19.92082977294922,-43.93777847290039
I2800445679,Alberta Hospital Edmonton,CA,53.63568115234375,-113.37530517578125
I4210088287,Klinik Preetz,DE,54.23891830444336,10.278331756591797
I3133086891,Fachhochschule Kiel,DE,54.32133,10.13489
I197181853,Saurashtra University,IN,22.289709091186523,70.74040985107422
I35462925,Southern Connecticut State University,US,41.30815124511719,-72.92816162109375
I1298060332,New York State Department of Health,US,42.65258026123047,-73.75623321533203
I4210117643,Treelogic (Spain),ES,40.43003845214844,-3.816499948501587
I208081647,Coastal Carolina University,US,33.83599853515625,-79.04781341552734
I4210127027,Analysis & Policy Observatory,AU,-37.81399917602539,144.96331787109375
I183804699,Lockheed Martin (Canada),CA,45.41117,-75.69812
I1328773523,Metropolitan Police Service,GB,51.49919128417969,-0.13388299942016602
I192257213,Bursa Technical University,TR,40.19559097290039,29.060129165649414
I137967721,Mapúa University,PH,14.590576171875,120.97856140136719
I22442739,University of Taipei,TW,25.047760009765625,121.53185272216797
I4210127389,Thebes Academy,EG,29.984914779663086,31.23287010192871
I4210163063,Institute of Information and Communication Technologies,BG,42.697509765625,23.32415008544922
I4210114010,Cambridge University Health Partners,GB,52.174964904785156,0.1340699940919876
I4210115694,Institut Sains & Teknologi Akprind Yogyakarta,ID,-7.7832818031311035,110.38523864746094
I122228004,HTW Berlin - University of Applied Sciences,DE,52.52436828613281,13.410530090332031
I10889393,Jade University of Applied Sciences,DE,53.52997970581055,8.112529754638672
I4210153792,University School,US,41.48554611206055,-81.4276351928711
I148540549,Mount Vernon Nazarene University,US,40.376495361328125,-82.468505859375
I4210163239,Helix (United States),US,37.56721115112305,-122.32451629638672
I4210088511,Inner Mongolia Electric Power (China),CN,40.81056,111.65222
I2801380234,University of South-Eastern Norway,NO,59.6685791015625,9.65017032623291
I4210166983,"International Laboratory for Brain, Music and Sound Research",CA,45.50883865356445,-73.58780670166016
I4210135298,Jensen Hughes (United States),US,39.29038,-76.61219
I176922709,Molloy College,US,40.65871047973633,-73.64124298095703
I4210156643,Harvard Global Health Institute,US,42.375099182128906,-71.1056137084961
I4210138145,INTECS (Italy),IT,41.93606185913086,12.633243560791016
I67734520,Erikson Institute,US,41.89067077636719,-87.6322021484375
I4210086011,China International Science and Technology Cooperation,CN,39.9075,116.39723
I4210142363,Institut für angewandte Photonik,DE,52.52437,13.41053
I4210128591,National Research Council,RO,44.444664001464844,26.096477508544922
I4210093402,Nepal Development Research Institute,NP,27.6793155670166,85.31795501708984
I4210094764,ARIA Technologies,FR,48.83103561401367,2.238719940185547
I2799790188,Future of Privacy Forum,US,38.9011344909668,-77.03238677978516
I1334729051,Xinjiang Normal University,CN,43.800960540771484,87.60045623779297
I170230895,Warsaw University of Life Sciences,PL,52.22977066040039,21.01177978515625
I4210148650,Dutch University Institute for Art History,IT,43.75410842895508,11.24895191192627
I863982854,Egis (France),FR,48.773338317871094,2.073930025100708
I4210156517,Sandia Research (United States),US,33.4907341003418,-111.66944885253906
I190243414,President University,ID,-6.234899997711182,106.9896011352539
I4210149368,École des Sciences de I'information,MA,33.982948303222656,-6.8656768798828125
I4210117449,Canadian Sugar Institute,CA,43.6413688659668,-79.37726593017578
I4210129763,Helmholtz-Institute Ulm,DE,48.39841079711914,9.99155044555664
I33162209,"Islamic Azad University, Lahijan Branch",IR,37.18989944458008,50.0111198425293
I4210099517,Phoenix Scientific Industries (United Kingdom),GB,50.85966110229492,0.2480420023202896
I4210123934,Amazon (United Kingdom),GB,51.50853,-0.12574
I4387156054,Sistema Nacional de Investigadores,MX,19.28333,-99.13333
I3130817511,Umma University,KE,-1.8523800373077393,36.77682876586914
I4210154694,Institute for Chemical and Physical Processes,IT,38.26236343383789,15.597229957580566
I1280581677,Defense Advanced Research Projects Agency,US,38.883365631103516,-77.10468292236328
I4210165043,ABB (Norway),NO,59.869232177734375,10.484275817871094
I883101600,Bureau international des poids et mesures,FR,48.82292,2.21757
I4210160945,Laboratoire Modélisation et Simulation Multi-Echelle,FR,48.85,2.6
I4210138251,"Indian Institute of Information Technology, Nagpur",IN,21.146310806274414,79.08490753173828
I117895437,National Instruments (Ireland),IE,53.40729522705078,-6.282970905303955
I4210094239,Image and Pervasive Access Laboratory,SG,1.2896699905395508,103.85006713867188
I2801171393,Zuid-Afrikaans Hospital,ZA,-25.74486,28.18783
I234216984,Université Nantes Angers Le Mans,FR,47.20697784423828,-1.5608290433883667
I2802414967,Swiss Insurance Association,CH,47.358863830566406,8.533246994018555
I112524849,Yamagata University,JP,38.23332977294922,140.36666870117188
I4210131102,Intelligent Fusion Technology (United States),US,39.186981201171875,-77.2502212524414
I4400573191,"Islamic Azad University, Babol",,36.551021575927734,52.6786003112793
I5740404,Tianjin Medical University,CN,39.14221954345703,117.17666625976562
I15062923,Tianjin Normal University,CN,39.14221954345703,117.17666625976562
I31784960,Fukuoka University,JP,33.548343658447266,130.3662109375
I4210139220,Cipher Gene (China),CN,39.98392868041992,116.31535339355469
I4210127029,Institut de génétique et de développement de Rennes,FR,48.11198,-1.67429
I4210133173,Research!America (United States),US,38.80484,-77.04692
I4210091428,MRC Clinical Trials Unit at UCL,GB,51.50852966308594,-0.12574000656604767
I75821886,University of South Florida St. Petersburg,US,27.763193130493164,-82.63544464111328
I4210117060,Rao Research and Consulting (United States),US,40.09114456176758,-88.2402114868164
I247375439,Adikavi Nannaya University,IN,17.065710067749023,81.8726577758789
I44713367,Capital Fund Management (France),FR,48.85762405395508,2.3285160064697266
I4210165606,Hubei Normal University,CN,30.247060775756836,115.04814147949219
I4210111500,"Fraunhofer Institute of Optronics, System Technologies and Image Exploitation",DE,49.00937,8.40444
I194437852,Ulyanovsk State University,RU,54.311790466308594,48.39019775390625
I90329211,Ulyanovsk State Technical University,RU,54.35111618041992,48.38996887207031
I202671389,University of Applied Sciences Landshut,DE,48.55647277832031,12.197799682617188
I4210105722,Hôpital d'Enfants,FR,48.650421142578125,6.139575958251953
I4210136600,Diebold Nixdorf (United States),US,40.90739059448242,-81.42305755615234
I47500176,Belmont University,US,36.135528564453125,-86.7966079711914
I112754052,Sambalpur University,IN,21.48036766052246,83.88369750976562
I4210149947,Laboratoire d'Economie et de Sociologie du Travail,FR,43.5283,5.44973
I17747738,Beijing University of Chinese Medicine,CN,39.907501220703125,116.39723205566406
I55990551,University of Wollongong in Dubai,AE,25.103975296020508,55.164886474609375
I4210119464,Quality and Reliability (Greece),GR,38.04999923706055,23.799999237060547
I131835042,Bursa Uludağ Üni̇versi̇tesi̇,TR,40.19559097290039,29.060129165649414
I89554219,New Jersey City University,US,40.709442138671875,-74.08860778808594
I73668669,Rajamangala University of Technology Srivijaya,TH,7.198820114135742,100.59510040283203
I103225651,Fondazione Edmund Mach,IT,46.18967056274414,11.132120132446289
I913481162,Wageningen University & Research,NL,51.97,5.66667
I4210118413,Philips (Spain),ES,40.42662811279297,-3.7042698860168457
I184889055,Washington and Lee University,US,37.784019470214844,-79.44281768798828
I4210130203,Intelligent Automation (United States),US,39.10812759399414,-77.15013122558594
I4210159492,PricewaterhouseCoopers (France),FR,49.891963958740234,2.307629108428955
I4210103194,"Dr. D.Y. Patil Vidyapeeth, Pune",IN,18.51957,73.85535
I4210146722,Cambrian Innovation (United States),US,42.36667251586914,-71.14803314208984
I3017888287,Universidade Nove de Julho,BR,-23.547500610351562,-46.6361083984375
I4210116054,BLDE (Deemed to be University),IN,16.82442,75.71537
I2802971700,Family Research Institute,US,39.00922393798828,-104.70050048828125
I2802562207,Deutsche Bundespost,DE,50.71555709838867,7.130000114440918
I103031861,Plekhanov Russian University of Economics,RU,55.752220153808594,37.61555862426758
I931913249,Norwegian School of Economics,NO,60.39299011230469,5.324150085449219
I2801846703,Beaumont Hospital,IE,53.391143798828125,-6.222154140472412
I4210114836,Fermi Research Alliance,US,41.85002899169922,-88.31256866455078
I4210127074,Zhongshan Hospital,CN,31.22222,121.45806
I4210161264,College of Business Education,TZ,-6.823490142822266,39.269508361816406
I26999989,University of the Free State,ZA,-29.12107,26.214
I4210150693,The Medical Device (United Kingdom),GB,55.858768463134766,-3.3883299827575684
I4210122455,Policy Analysis (United States),US,42.3326416015625,-71.11871337890625
I2800742272,Folkwang University of the Arts,DE,51.45657,7.01228
I4210125938,Jagannath University,BD,23.710399627685547,90.40744018554688
I4210100188,Biogipuzkoa Health Research Institute,ES,43.31283,-1.97499
I4210091345,Ayuntamiento de San Sebastián,ES,43.31283187866211,-1.9749900102615356
I909555,SES (Luxembourg),LU,49.694358825683594,6.330795764923096
I108326093,Ithaka Harbors,US,40.71427,-74.00597
I115635661,Advanced Materials and Processes Research Institute,IN,23.210783004760742,77.44598388671875
I196817621,Carnegie Institution for Science,US,38.89511,-77.03637
I83648350,Universidade Federal do Estado do Rio de Janeiro,BR,-22.90641975402832,-43.18223190307617
I96636082,Meijo University,JP,35.18146896362305,136.90640258789062
I139924743,Bentley University,US,42.38576126098633,-71.2220230102539
I72341708,University of Mohaghegh Ardabili,IR,38.24980163574219,48.29330062866211
I1285929390,Hubei University of Medicine,CN,32.647499084472656,110.77806091308594
I51314090,University of Osijek,HR,45.55111,18.69389
I53559539,Radford University,US,37.13179016113281,-80.57644653320312
I157669161,International Islamic University Chittagong,BD,22.33839988708496,91.83168029785156
I169645620,Institut Pascal,FR,45.75082,3.11078
I4210105015,Stanford Health Care,US,37.433475494384766,-122.17558288574219
I159107703,Eastern Washington University,US,47.487388610839844,-117.57575988769531
I4210099865,European University of Rome,IT,41.87961196899414,12.39454174041748
I4210165547,Dezhou University,CN,37.469573974609375,116.33158874511719
I205092303,Institut d'Etudes Politiques de Paris,FR,48.85341,2.3488
I4210152177,Center for Clinical Research (United States),US,36.059722900390625,-80.29708099365234
I4391767820,State Key Laboratory of Computer Science,,39.907501220703125,116.39723205566406
I4387930275,Hanjiang Normal University,,32.647499084472656,110.77806091308594
I4210092558,BC Platforms (Finland),FI,60.18893051147461,24.808504104614258
I4210096503,Lucas Research,US,34.734710693359375,-76.75484466552734
I165560825,Mashhad University of Medical Sciences,IR,36.29806900024414,59.60567092895508
I194388944,"California State University, Channel Islands",US,34.21638870239258,-119.03759765625
I4210117535,Cognizant (India),IN,19.11197280883789,72.91112518310547
I151295451,Université de Perpignan,FR,42.69764,2.89541
I6002401,National Evolutionary Synthesis Center,US,36.00810241699219,-78.92337799072266
I4210090512,Guangzhou Experimental Station,CN,23.122072219848633,113.2472152709961
I2800549715,Royal United Hospital,GB,51.391700744628906,-2.3910000324249268
I1321217177,Windber Research Institute,US,40.241615295410156,-78.83663177490234
I2801461044,Eglin Air Force Base,US,30.489444732666016,-86.54222106933594
I2801653624,Fountain Way,GB,51.071998596191406,-1.809999942779541
I310553,Tohoku Gakuin University,JP,38.24987030029297,140.8765106201172
I4210136188,European Corporate Governance Institute,BE,50.842227935791016,4.365359783172607
I4210126100,Phasecraft (United Kingdom),GB,51.50853,-0.12574
I4210131493,Goodyear (Luxembourg),LU,49.810279846191406,6.097219944000244
I8764889,University of Gondar,ET,12.589664459228516,37.45402526855469
I4210112953,Defence Terrain Research Laboratory,IN,28.68515396118164,77.22760009765625
I4210141164,Lotus Clinical Research,US,34.13374710083008,-118.15283966064453
I122146667,Prefectural University of Hiroshima,JP,34.366249084472656,132.46824645996094
I4210131821,Stilman Advanced Strategies (United States),US,39.75128173828125,-104.99871826171875
I146583814,Mykolas Romeris University,LT,54.68915939331055,25.279800415039062
I47459439,PricewaterhouseCoopers (Canada),CA,43.64408493041992,-79.38224029541016
I4210122218,Shijiazhuang Academy of Agriculture and Forestry Sciences,CN,38.112186431884766,114.53123474121094
I4210119594,DATA4 (France),FR,48.87007141113281,2.2998719215393066
I4210150358,Institut Systèmes Intelligents et de Robotique,FR,48.85341,2.3488
I4210111460,National Center for Tumor Diseases,DE,49.40768051147461,8.690790176391602
I72565114,Luoyang Institute of Science and Technology,CN,34.68360900878906,112.45361328125
I1336096307,United States Department of Agriculture,US,38.895111083984375,-77.03636932373047
I4210091464,Adelphi Group (United Kingdom),GB,53.29225158691406,-2.107180118560791
I142631665,École nationale des ponts et chaussées,FR,48.85,2.6
I180765649,Aliah University,IN,22.56262969970703,88.363037109375
I161088229,William Carey University,US,31.32712,-89.29034
I21067949,Adolfo Ibáñez University,CL,-33.456939697265625,-70.64826965332031
I4210155943,Daqing Normal University,CN,46.644630432128906,124.87065124511719
I4210120191,Quantum Chemistry Research Institute,JP,34.97693634033203,135.6819610595703
I4210090941,Institute for Biomedical Engineering,CH,47.37746047973633,8.55285930633545
I257903683,Hanoi University of Civil Engineering,VN,21.0245,105.84117
I4210091818,Eaton (United States),US,41.45602035522461,-81.50325775146484
I181996519,Indian Institute of Science Education and Research Pune,IN,18.545045852661133,73.8081283569336
I917184967,Bank of China,CN,39.928131103515625,116.3504409790039
I300940544,AMA International University,BH,26.18454360961914,50.51888656616211
I4210129183,German Center for Lung Research,DE,50.58727,8.67554
I4210131615,Universities of Giessen and Marburg Lung Center,DE,50.58727,8.67554
I2802631561,Australian Mathematical Sciences Institute,AU,-37.79835510253906,144.962158203125
I96576516,Rivers State University,NG,4.792220115661621,6.982450008392334
I42237331,Centre international de recherche sur le cancer,FR,45.74846,4.84671
I4210133436,Beijing Institute of Nanoenergy and Nanosystems,CN,39.99115753173828,116.33942413330078
I4210164282,Entrepreneurial Ecosystems,US,40.81983184814453,-96.63554382324219
I4210092305,State Cryptography Administration,CN,39.85666275024414,116.39513397216797
I51629411,Siemens (China),CN,40.013187408447266,116.46920776367188
I4210163432,Hewlett Packard Enterprise (Ireland),IE,53.292537689208984,-9.007353782653809
I15517640,Shri Venkateshwara University,IN,28.839088439941406,78.3494873046875
I2799795791,Government of Haryana,IN,28.500484466552734,77.05329132080078
I4210137068,Elmhurst Hospital Center,US,40.7447624206543,-73.88636779785156
I85788879,Peninsula College of Medicine and Dentistry,GB,50.37152862548828,-4.143050193786621
I173112312,Trakia University,BG,42.43278121948242,25.641939163208008
I4210152718,Indian Institute of Technology Dharwad,IN,15.460049629211426,75.00778198242188
I4387153068,Indian Institute of Information Technology Dharwad,,15.460049629211426,75.00778198242188
I44738892,University of Agriculture,NG,7.73375,8.52139
I2799504096,New York Times,US,40.78343,-73.96625
I127165138,University of Suffolk,GB,52.05916976928711,1.1554499864578247
I4210117167,Klinikum Esslingen,DE,48.73961,9.30473
I4210086892,Education University of Hong Kong,HK,22.450069427490234,114.16876983642578
I186274478,United States Coast Guard Academy,US,41.373878479003906,-72.09873962402344
I4210104180,Suwon Research Institute,KR,37.29111,127.00889
I4210090220,Petroleum & Gas University of Ploieşti,RO,44.95000076293945,26.01667022705078
I225661044,Barts Health NHS Trust,GB,51.50852966308594,-0.12574000656604767
I4210165851,Create (Sweden),SE,59.6109504699707,16.5499267578125
I76973811,Bolu Abant İzzet Baysal University,TR,40.7358283996582,31.606109619140625
I210368670,Société Nationale des Chemins de Fer Français (France),FR,48.9069938659668,2.348227024078369
I4210161247,Lyngsø Marine (Denmark),DK,55.89601516723633,12.493337631225586
I70886390,Karlsruhe University of Applied Sciences,DE,49.00937,8.40444
I121595252,Polytechnic University of Puerto Rico,PR,18.46632957458496,-66.10572052001953
I4210115859,"Behavioral Tech Research, Inc.",US,47.664405822753906,-122.31673431396484
I133771110,University of Cape Coast,GH,5.10535,-1.2466
I145808223,Hanbat National University,KR,36.34912872314453,127.38493347167969
I4210127444,Fraunhofer Institute for Cognitive Systems,DE,48.13743,11.57549
I106601093,Dongyang Mirae University,KR,37.50069808959961,126.8676986694336
I3099191963,State Special Communications Service of Ukraine,UA,50.4498176574707,30.524415969848633
I4210113643,"The Federal Polytechnic, Ado-Ekiti",NG,7.623290061950684,5.220870018005371
I1307098950,Salk Institute for Biological Studies,US,32.84727,-117.2742
I4210089660,Gnowit (Canada),CA,45.40077209472656,-75.7108383178711
I139806458,American University of Europe,MK,41.9964599609375,21.43140983581543
I3132256593,Manchester School of Architecture,GB,53.48094940185547,-2.2374300956726074
I4210136534,Manchester College,GB,53.47999954223633,-2.24399995803833
I4401200318,"Modélisation, information et systèmes",FR,49.9,2.3
I2802629803,Innovate UK,GB,51.55796813964844,-1.7811599969863892
I4210128593,University Children's Hospital Zurich,CH,47.371585845947266,8.55801010131836
I4210114698,Institute of Plasma Physics,CN,31.909828186035156,117.14836120605469
I4210124062,Tübitak National Metrology Institute,TR,40.80276107788086,29.430679321289062
I4210165297,Nile University of Nigeria,NG,9.057849884033203,7.49507999420166
I78768387,University of Prishtina,XK,42.67272186279297,21.166879653930664
I102669525,Pelita Harapan University,ID,-6.17806,106.63
I2946016260,Uber AI (United States),US,37.78998565673828,-122.40206146240234
I173012211,Loyola University New Orleans,US,29.95465087890625,-90.0750732421875
I29816883,Centre for International Governance Innovation,CA,43.466800689697266,-80.51638793945312
I4210139142,Development Research Center,CN,39.9110107421875,116.3305435180664
I4210129097,Center for Global Health,US,33.798370361328125,-84.32722473144531
I4210163335,World Scientific (Singapore),SG,1.3307360410690308,103.75712585449219
I2800638042,Socionext (Japan),JP,35.50728988647461,139.611328125
I46781620,Eternal University,IN,30.85142,77.30066
I4210159989,United States International University Africa,KE,-1.2134419679641724,36.87953186035156
I4387154989,Hugging Face,,40.71427,-74.00597
I12708293,SIB Swiss Institute of Bioinformatics,CH,46.516,6.63282
I4210119134,Philips College,CY,35.15530776977539,33.36316680908203
I61032284,SUNY Fredonia,US,42.440059661865234,-79.33171081542969
I145325580,Deloitte (United States),US,40.714271545410156,-74.00596618652344
I200561399,University of Kota,IN,25.116403579711914,75.82159423828125
I4210113436,SC Solutions (United States),US,37.38813400268555,-121.99116516113281
I4391767685,State Key Laboratory of Complex Electromagnetic Environment Effects on Electronics and Information System,,34.0,113.66667175292969
I1303474014,Defence Science and Technology Group,AU,-35.2834587097168,149.12806701660156
I4210125057,Vivekananda Global University,IN,26.848316192626953,75.85986328125
I4210148300,Institut d'Economie Scientifique Et de Gestion,FR,48.8834114074707,2.2389400005340576
I4210110743,New Mexico Consortium,US,35.856353759765625,-106.35018920898438
I4210092191,Macronix International (Taiwan),TW,24.767385482788086,121.02517700195312
I82452031,Tamil Nadu Veterinary and Animal Sciences University,IN,13.162697792053223,80.2435531616211
I4210109443,Institut de Physique de Rennes,FR,48.11198,-1.67429
I70277191,Institute of Technology Carlow,IE,52.8408317565918,-6.926109790802002
I4210149920,William Harvey Research Institute,GB,51.50852966308594,-0.12574000656604767
I4210164234,Microcom (United States),US,40.167293548583984,-83.01123809814453
I4210107334,École Nationale Supérieure des Beaux-Arts,FR,48.856868743896484,2.3337819576263428
I157696592,Universiti Malaysia Terengganu,MY,5.3302001953125,103.14080047607422
I11406153,Shanghai International Studies University,CN,31.222219467163086,121.45806121826172
I2800614057,Kalinga University,IN,21.23333,81.63333
I27639287,Northeastern Illinois University,US,41.97999954223633,-87.71900177001953
I4394709192,Modern Academy for Engineering and Technology,,30.06263,31.24967
I890898191,Modern Academy,EG,29.98326301574707,31.28260612487793
I4210145200,All-Russian Scientific Research Institute of Radio Engineering,RU,55.777366638183594,37.69180679321289
I4210136897,National Institute on Aging,US,39.29037857055664,-76.61219024658203
I3148078479,Canadian Heritage,CA,45.42536163330078,-75.7203140258789
I1298207432,Guy's Hospital,GB,51.503360748291016,-0.08714497089385986
I4210120805,Faculty of 1000 (United States),US,40.72005081176758,-74.01817321777344
I4210115057,Kyoto Research Park,JP,34.995784759521484,135.73977661132812
I4210110644,Wilson Sonsini Goodrich & Rosati,US,37.42161560058594,-122.14498138427734
I917207718,Toyota Industries (United States),US,32.92896270751953,-96.9897689819336
I59944920,Yaşar University,TR,38.4127311706543,27.13838005065918
I3148997608,Institute for Systems Biology,US,47.62245178222656,-122.33670806884766
I4210126001,Applied Biomathematics (United States),US,40.930641174316406,-73.10179138183594
I4210111575,Xinjiang Institute of Engineering,CN,44.0422477722168,87.55889892578125
I280994,King George's Medical University,IN,26.867658615112305,80.91645812988281
I4210158379,Johann Radon Institute for Computational and Applied Mathematics,AT,48.33551788330078,14.323415756225586
I4210113771,Sunrise Medical (United States),US,36.74773025512695,-119.77236938476562
I77396741,Hunan University of Technology and Business,CN,28.198740005493164,112.97087097167969
I4210134051,ITS (United Kingdom),GB,51.51266098022461,-0.13052800297737122
I5857645,University of the Highlands and Islands,GB,57.47908020019531,-4.223979949951172
I67080706,Alzahra University,IR,35.69438934326172,51.4215087890625
I2800849556,"American College, Madurai",IN,9.930606842041016,78.1319351196289
I2800885372,Hellenic Telecommunications Organization (Greece),GR,38.05672836303711,23.805543899536133
I4388482740,Georgia Tech Research Institute,,33.749000549316406,-84.38797760009766
I4391767858,State Key Laboratory of Synthetical Automation for Process Industries,,41.79222106933594,123.43277740478516
I4210108370,Panzhihua University,CN,26.56861114501953,101.7315444946289
I24193003,Ricoh (Japan),JP,35.67611312866211,139.7667999267578
I4210110641,CEA Cadarache,FR,43.68504,5.70775
I4210133699,Center for European Policy Analysis,US,38.906654357910156,-77.0430679321289
I3132651366,World Islamic Sciences and Education University,JO,31.955219268798828,35.945030212402344
I60008374,Middlesex County College,US,40.50483703613281,-74.36675262451172
I1317774081,International Institute for Applied Systems Analysis,AT,48.06833,16.35607
I1313014049,Springer Nature (Germany),DE,52.52437,13.41053
I4210137962,Centre for Genomic Regulation,ES,41.38879,2.15899
I1329830250,AmeriCorps,US,38.895111083984375,-77.03636932373047
I4210106192,Technische Hochschule Ingolstadt,DE,48.765079498291016,11.423720359802246
I746986,Halmstad University,SE,56.674461364746094,12.856760025024414
I34077533,Ohio Supercomputer Center,US,39.961181640625,-82.99878692626953
I4210097247,Heinz Maier-Leibnitz Zentrum,DE,48.248958587646484,11.651009559631348
I41055640,Bitlis Eren University,TR,38.478858947753906,42.1632080078125
I4210094718,"Laboratoire des Sciences pour la Conception, l'Optimisation et la Production",FR,45.17869,5.71479
I1315496137,University of Maryland Medical Center,US,39.29038,-76.61219
I28721439,U.S. Energy Information Administration,US,38.89511,-77.03637
I4210149592,Fundação de Estudos e Pesquisas Aquáticas,BR,-23.567102432250977,-46.709190368652344
I4210089590,Kanchi Mamunivar Centre for Post Graduate Studies,IN,11.963411331176758,79.81109619140625
I4210129856,Cancer Registry of Norway,NO,59.9127311706543,10.746089935302734
I4210156804,First Affiliated Hospital of Zhengzhou University,CN,34.75777816772461,113.64861297607422
I12649496,INTI International University,MY,2.8033,101.7972
I223471776,Guru Angad Dev Veterinary and Animal Sciences University,IN,30.91204,75.85379
I252758333,Govind Ballabh Pant University of Agriculture and Technology,IN,29.027509689331055,79.47711944580078
I96823368,German University in Cairo,EG,29.986507415771484,31.440906524658203
I4210141726,Tempe Union High School District,US,33.319461822509766,-111.97716522216797
I4210150714,Johns Hopkins Hospital,US,39.29037857055664,-76.61219024658203
I4210161644,"Indian Institute of Information Technology Senapati, Manipur",IN,24.80805,93.9442
I4210157926,Winterkvist.com (Sweden),SE,64.75027465820312,20.944732666015625
I146773158,Qingdao Agricultural University,CN,36.06488037109375,120.38041687011719
I2802229908,Paul Scherrer Institute,CH,47.52682,8.21486
I4210117222,BAE Systems (United States),US,38.88100814819336,-77.10427856445312
I167420956,Vilnius Gediminas Technical University,LT,54.68916,25.2798
I72227227,Makerere University,UG,0.3162800073623657,32.582191467285156
I4210160269,Ipswich Hospital,GB,52.05778121948242,1.1985869407653809
I2800639565,Hollywood Private Hospital,AU,-31.97025489807129,115.80889892578125
I4210101015,Wuhan Municipal Engineering Design & Research Institute,CN,30.608535766601562,114.25331115722656
I16038530,Aberystwyth University,GB,52.41548156738281,-4.082920074462891
I2799978770,X-Fab (Germany),DE,50.948734283447266,11.08709716796875
I4210126395,Inform (Germany),DE,50.77664,6.08342
I4210166360,Children's Specialized Hospital,US,40.66989517211914,-74.35401916503906
I125934054,National United University,TW,24.538389205932617,120.78958129882812
I2800808753,Thales (Netherlands),NL,52.24816131591797,6.766477108001709
I4210146430,Astronomy and Space,AU,-33.77958679199219,151.10061645507812
I3130021832,Shree Guru Gobind Singh Tricentenary University,IN,28.479719161987305,76.90373992919922
I4210092303,Polytechnic Institute of Bragança,PT,41.80582,-6.75719
I4210110650,Nanchang Normal University,CN,28.72144317626953,115.80245208740234
I4210129651,Laboratoire de Physique de l'Ecole Normale Supérieure,FR,48.85341,2.3488
I128514506,Toko University,TW,23.479169845581055,120.44889068603516
I2801556517,Ruijin Hospital,CN,31.222219467163086,121.45806121826172
I4210152119,Jiangsu Province Hospital,CN,32.04914855957031,118.76721954345703
I95013407,Universidad Pablo de Olavide,ES,37.38283157348633,-5.973169803619385
I49332381,University of Oklahoma Health Sciences Center,US,35.48027801513672,-97.49639129638672
I192703252,Universidad de Lima,PE,-12.04318,-77.02824
I4210091705,School of International Relations,IR,35.81146240234375,51.45599365234375
I142652706,Autonomous University of Chihuahua,MX,28.63528060913086,-106.0888900756836
I36522303,Universität Greifswald,DE,54.08905,13.40244
I184908088,Korea Military Academy,KR,37.624324798583984,127.09882354736328
I93393672,Western University of Health Sciences,US,34.05529022216797,-117.75228118896484
I115067436,Changzhi University,CN,36.209964752197266,113.10689544677734
I4210148371,Deutsches Herzzentrum München,DE,48.137428283691406,11.57548999786377
I85389745,Woosong University,KR,36.335792541503906,127.45305633544922
I4210127232,Kayseri Eğitim ve Araştırma Hastanesi,TR,38.72840118408203,35.477718353271484
I4210104097,"Institut Supérieur d’Informatique, de Modélisation et de leurs Applications",FR,45.77969,3.08682
I1311914864,Scripps Health,US,32.88936996459961,-117.20853424072266
I4210114954,Institut Input,DE,51.51349639892578,7.481040000915527
I365282,Albany College of Pharmacy and Health Sciences,US,42.65258026123047,-73.75623321533203
I39624965,Finnish Institute for Health and Welfare,FI,60.16952133178711,24.935449600219727
I65146876,"Quaid-e-Awam University of Engineering, Science and Technology",PK,26.239389419555664,68.4036865234375
I153151563,Harrisburg University of Science and Technology,US,40.27370071411133,-76.8844223022461
I2800559651,Berkshire College of Agriculture,GB,51.522789001464844,-0.7198600172996521
I4210103407,Swiss Federal Institute of Metrology,CH,46.948089599609375,7.447440147399902
I158239267,Bethlehem University,PS,31.704870223999023,35.203758239746094
I1301041018,Rakuten (Japan),JP,35.60923385620117,139.7301788330078
I4210138167,PowerWorld (United States),US,40.09025192260742,-88.23926544189453
I134118262,Lewis University,US,41.60239028930664,-88.08045196533203
I4210137452,Drug Discovery Laboratory (Norway),NO,59.94218063354492,10.715730667114258
I100406981,Swiss German University,ID,-6.223834037780762,106.65482330322266
I4210130028,National Library of Israel,IL,31.769039154052734,35.216331481933594
I4210107329,Dongguan South China Design and Innovation Institute,CN,22.969839096069336,113.8980484008789
I71830129,ThyssenKrupp (Germany),DE,51.461158752441406,6.9910888671875
I13591777,University of Nottingham Ningbo China,CN,29.878189086914062,121.54945373535156
I4210107224,Cavendish Hospital,GB,53.263126373291016,-1.9213509559631348
I4210155930,Infectious Diseases Data Observatory,GB,51.75222,-1.25596
I4210087786,China Education and Research Network,CN,39.91138458251953,116.37413024902344
I4210097863,Laboratoire d'Astrophysique de Bordeaux,FR,44.84124,-0.58046
I120611246,Obayashi (Japan),JP,35.701839447021484,139.41049194335938
I4210102362,"RISEBA University of Business, Arts and Technology",LV,56.946,24.10589
I4210160958,Mental Health Association of Westchester County,US,41.06185531616211,-73.83868408203125
I158123994,Toyo University,JP,35.68949890136719,139.69171142578125
I2799799709,Saitama Prefecture,JP,35.9080696105957,139.6565704345703
I4210115135,Healthcentric Advisors,US,41.83964538574219,-71.43692016601562
I2800639112,Townsville Hospital,AU,-19.266389846801758,146.80569458007812
I4210116480,Flanders Make (Belgium),BE,51.23073959350586,5.31348991394043
I2802849423,University Medical Center,US,33.58849334716797,-101.8920669555664
I4210107649,Ministry of Health,JO,31.95522,35.94503
I102808428,Tbilisi State University,GE,41.69411087036133,44.83367919921875
I2802850869,Pacific Institute for the Mathematical Sciences,CA,49.26796340942383,-123.25322723388672
I136446963,Okayama University of Science,JP,34.650001525878906,133.93333435058594
